disease,drug_name,n_lines,spearman,spearman_lo,perm_mean,perm_sd,perm_p
ALL,GSK525762A,22,-0.085940146809712,-0.3626966516037923,-0.0903,0.28,0.4455
ALL,erlotinib,23,-0.0229249011857707,-0.2086351357995214,-0.1309,0.2612,0.3762
ALL,Afuresertib,22,0.1186900056465273,0.0784772390168937,-0.0164,0.2723,0.3564
ALL,Palbociclib,22,0.0866177300959909,-0.0117332015093031,-0.0537,0.2701,0.297
ALL,BRD-K88742110,22,-0.1236589497459062,-0.2431866909082506,-0.1103,0.2599,0.5149
ALL,doxorubicin,23,0.1517786561264822,0.0311019463430797,-0.1038,0.2854,0.2772
ALL,Uprosertib,22,0.2027103331451158,0.1332069470412403,-0.0337,0.2604,0.1683
ALL,tanespimycin,21,-0.3675324675324675,-0.4696366114167737,-0.0617,0.2663,0.8911
ALL,lapatinib,23,0.2561264822134387,0.1682492620825547,-0.0623,0.2477,0.1089
ALL,nutlin-3,23,0.5290513833992095,0.4986152928775464,-0.0138,0.2632,0.0099
ALL,Taselisib,22,-0.4220214568040655,-0.6146649025677532,-0.0717,0.2755,0.8911
ALL,dabrafenib,23,-0.0535573122529644,-0.0959338446857071,-0.1067,0.2485,0.4455
ALL,PRIMA-1-Met,21,-0.5174025974025974,-0.5873011685463189,-0.1038,0.2751,0.9406
ALL,MK-1775,23,0.324901185770751,0.2722925964312136,-0.0614,0.2868,0.0891
ALL,temozolomide,23,-0.1387351778656126,-0.3018725998846842,-0.1226,0.2538,0.505
ALL,Vismodegib,20,-0.0039097744360902,-0.1751404652414601,-0.0607,0.2531,0.4257
ALL,GDC0810,22,-0.28514963297572,-0.413085625970952,-0.0996,0.2812,0.7327
ALL,AGI-6780,21,0.0451948051948052,-0.067040402374753,-0.0663,0.2722,0.3564
ALL,Serdemetan,20,0.0769924812030075,-0.1012451006024776,-0.0953,0.2739,0.2673
ALL,cyclophosphamide,22,0.1984189723320158,0.1228910714623587,-0.0707,0.2505,0.1782
ALL,Buparlisib,22,0.0649350649350649,-0.0217656439435718,-0.0561,0.2709,0.3663
ALL,foretinib,23,-0.1177865612648221,-0.2297714276047794,-0.0879,0.2851,0.5347
ALL,selumetinib,23,0.3213438735177866,0.2902868108322747,-0.068,0.2412,0.0495
ALL,JQ-1,21,-0.1553246753246753,-0.3676964497640118,-0.1013,0.2418,0.6238
ALL,Wee1 Inhibitor,22,0.214455110107284,0.0436361395971164,-0.0801,0.2734,0.1782
ALL,Oxaliplatin,22,0.4662902315076229,0.4359120448198545,-0.1233,0.2607,0.0198
ALL,AZD6738,22,-0.0030491247882552,-0.2243701987128299,-0.0753,0.243,0.3663
ALL,VE821,22,-0.1125917560700169,-0.206336570192288,-0.0703,0.2737,0.5941
ALL,PD173074,22,0.0021456804065499,-0.054362504485298,-0.0821,0.2946,0.3861
ALL,olaparib,23,0.4304347826086957,0.3535388688715561,-0.0846,0.2506,0.0099
ALL,SN-38,23,-0.4871541501976284,-0.6474693602770974,-0.0919,0.2515,0.9703
ALL,AGI-5198,22,-0.244042913608131,-0.4090333555370997,-0.1139,0.2905,0.6733
ALL,Vinorelbine,22,0.1424054206662902,0.0904975686930982,-0.0625,0.2574,0.2178
ALL,fluorouracil,23,0.5005928853754942,0.4531221386673466,-0.07,0.2426,0.0099
ALL,MK-8776,22,0.0222473178994918,-0.1163666209955274,-0.0693,0.2753,0.3861
ALL,OTX015,21,-0.1483116883116882,-0.2614038017224053,-0.0941,0.2924,0.5842
ALL,Lenalidomide,20,0.0165413533834586,-0.1356981430224608,-0.0463,0.2922,0.4356
ALL,Ipatasertib,22,0.2374929418407679,0.120257140068426,-0.0455,0.2858,0.198
ALL,bortezomib,23,0.1428853754940711,0.125950082850652,-0.0953,0.2517,0.2178
ALL,GW441756,22,-0.1677018633540372,-0.2947289505903807,-0.0775,0.2752,0.6139
ALL,SCH772984,22,0.1277244494635799,0.0718527659497529,-0.1144,0.2585,0.1782
ALL,ruxolitinib,22,-0.2054206662902315,-0.3617913012223525,-0.0658,0.2575,0.6832
ALL,nilotinib,23,-0.1274703557312252,-0.255699299302521,-0.0599,0.2852,0.6139
ALL,staurosporine,22,-0.0848108413325804,-0.3101847776618581,-0.0806,0.2603,0.495
ALL,YK 4-279,23,-0.2199604743083004,-0.3537435581125032,-0.0949,0.263,0.6733
ALL,Rucaparib,20,-0.0917293233082706,-0.2092180980417133,-0.0823,0.2852,0.4851
ALL,ABT-737,23,0.3511857707509881,0.2784615703518854,-0.0677,0.2819,0.0891
ALL,Talazoparib,22,0.281535855448899,0.1928451578637082,-0.0937,0.2618,0.1188
ALL,AZD7762,23,-0.0517786561264822,-0.1797903610985344,-0.0522,0.2814,0.5248
ALL,LY2109761,21,-0.2355844155844156,-0.3105332488195353,-0.0996,0.2821,0.6733
ALL,AT13148,22,-0.1128176171654432,-0.1978165466290979,-0.0799,0.2685,0.5446
ALL,PFI3,21,-0.3163636363636363,-0.3879429768430726,-0.0617,0.2614,0.7921
ALL,entinostat,22,-0.1453416149068323,-0.1944350673241939,-0.0784,0.2926,0.604
ALL,SGC0946,22,-0.350197628458498,-0.4142903451265494,-0.1515,0.2395,0.7723
ALL,NU7441,20,-0.0493233082706766,-0.2367013139391922,-0.0934,0.2921,0.4554
ALL,SB216763,22,0.5507622811970639,0.4978689680745561,-0.1201,0.2966,0.0099
ALL,AZD5363,22,0.0906832298136646,-0.0202857943609518,-0.0169,0.2705,0.3267
ALL,WEHI-539,21,0.5181818181818182,0.4684509059001835,-0.1017,0.2911,0.0198
ALL,navitoclax,23,-0.0353754940711462,-0.1215697513253047,-0.1197,0.2915,0.3762
ALL,veliparib,21,-0.0768831168831168,-0.1770117349964677,-0.1128,0.2957,0.4455
ALL,NVP-BEZ235,23,0.2610671936758894,0.0631816082177289,-0.1097,0.2435,0.0495
ALL,OSI-027,23,-0.3094861660079052,-0.4225759706340853,-0.0954,0.2716,0.7723
ALL,VE-822,21,-0.3353246753246753,-0.452974251651653,-0.0934,0.2646,0.7921
ALL,Wnt-C59,21,0.265974025974026,0.1374792384796566,-0.0532,0.2785,0.1386
ALL,XAV939,21,-0.0748051948051947,-0.1637199297069231,-0.0499,0.2731,0.5347
ALL,CCT007093,20,-0.5157894736842105,-0.6398978348794159,-0.1132,0.2972,0.9109
ALL,JNK Inhibitor VIII,22,0.2004517221908526,0.1139830077932385,-0.0488,0.27,0.2079
ALL,Ulixertinib,22,-0.1295313382269904,-0.274200176782951,-0.098,0.2602,0.5545
ALL,crizotinib,23,-0.0104743083003952,-0.0912782475714969,-0.122,0.267,0.3465
ALL,AZD8055,20,-0.0006015037593984,-0.0461152093448799,-0.14,0.2812,0.3267
ALL,AMG-319,22,0.1412761151891586,0.0191340010009442,-0.0833,0.2489,0.1782
ALL,GDC-0941,23,0.2494071146245059,0.1479727072818585,-0.0763,0.2692,0.1584
ALL,trametinib,23,0.0353754940711462,-0.1159353361186284,-0.0894,0.2764,0.3366
ALL,AZD8186,22,0.394240542066629,0.2877890956222854,-0.0834,0.2492,0.0396
ALL,ABT-199,23,0.6191699604743083,0.554854399616913,-0.0254,0.2712,0.0099
ALL,BMS-754807,21,-0.2444155844155844,-0.3253410250516956,-0.0428,0.2715,0.7921
ALL,EHT-1864,20,0.2036090225563909,0.144893478407897,-0.0729,0.2749,0.1881
ALL,NVP-ADW742,23,-0.3731225296442688,-0.4406890499788584,-0.0319,0.2682,0.901
ALL,EPZ5676,22,-0.3296442687747035,-0.4263125153427782,-0.0981,0.2682,0.8119
ALL,BMS-345541,21,-0.1449350649350649,-0.2245252051109883,-0.1166,0.2792,0.5149
ALL,MST-312,23,0.0294466403162055,-0.0835187134335497,-0.0984,0.2774,0.3861
ALL,sorafenib,23,-0.3863636363636363,-0.462389749298536,-0.0639,0.262,0.8416
ALL,SB590885,20,-0.0875187969924811,-0.1543753524135472,-0.1266,0.2867,0.4653
ALL,KRAS (G12C) Inhibitor-12,21,-0.5168831168831168,-0.6271779883762463,-0.1191,0.2921,0.9307
ALL,GSK1904529A,22,0.2110671936758893,0.098354250892798,-0.0481,0.2837,0.1683
ALL,pevonedistat,23,-0.0877470355731225,-0.3825096500458215,-0.1052,0.2624,0.4752
ALL,BIRB-796,23,-0.0436758893280632,-0.1149617727159957,-0.0735,0.2975,0.5149
ALL,Luminespib,22,-0.0242800677583286,-0.0560257490358371,-0.1103,0.2844,0.396
ALL,RVX-208,21,-0.2228571428571428,-0.2807101226656822,-0.043,0.305,0.7327
ALL,tamoxifen,23,0.2260869565217391,0.1738073797235511,-0.0906,0.2475,0.099
ALL,azacitidine,20,-0.1966917293233082,-0.3078485554744718,-0.0827,0.28,0.6436
ALL,ZM447439,20,-0.4225563909774436,-0.570979145726922,-0.1389,0.2692,0.8614
ALL,bleomycin A2,20,-0.1395488721804511,-0.2451469582875093,-0.1187,0.2676,0.5248
ALL,Niraparib,21,0.4966233766233767,0.4773786628488238,-0.0911,0.2583,0.0198
ALL,BIBR-1532,23,0.2098814229249012,0.163275904654026,-0.0958,0.2976,0.1881
ALL,dinaciclib,22,0.2564652738565782,0.1865836792365756,-0.0806,0.2524,0.0891
ALL,linsitinib,23,0.2974308300395257,0.2073351044852115,-0.0558,0.2442,0.099
ALL,MN-64,21,-0.101038961038961,-0.1437571186740409,-0.1049,0.2781,0.505
ALL,Sepantronium bromide,22,0.6377188029361943,0.6059083690969327,-0.0915,0.2673,0.0099
ALL,sirolimus,23,-0.0132411067193675,-0.1356859387719044,-0.064,0.2572,0.4455
ALL,UNC0638,20,0.0466165413533834,-0.0808618278942609,-0.0476,0.2701,0.4257
ALL,Motesanib,20,0.2553383458646616,0.1952640649752766,-0.0433,0.2657,0.1485
ALL,Sabutoclax,21,-0.1857142857142857,-0.3911420876744435,-0.0794,0.2719,0.5941
ALL,paclitaxel,23,-0.150790513833992,-0.2345284073327252,-0.0877,0.2528,0.6238
ALL,Refametinib,20,0.0604511278195488,-0.1072549123229487,-0.0424,0.3078,0.3762
ALL,BRD-K35604418,20,0.0514285714285714,0.0064061319633262,-0.0867,0.2912,0.3861
ALL,Ribociclib,22,-0.1286278938452851,-0.2011956102102081,-0.0935,0.2689,0.5545
ALL,axitinib,23,0.0725296442687747,-0.068700588429488,-0.0722,0.264,0.2871
ALL,Dactinomycin,22,0.2291360813099943,0.1571989818884835,-0.0781,0.2794,0.1584
ALL,P22077,22,-0.3556182947487295,-0.5025922935011246,-0.0998,0.2692,0.8317
ALL,WIKI4,22,-0.0389610389610389,-0.1451530547053771,-0.0725,0.2558,0.4158
ALL,CZC24832,21,-0.3109090909090909,-0.5057862049753067,-0.1023,0.2814,0.7723
ALL,WZ4003,21,-0.2454545454545454,-0.3757161766510857,-0.0675,0.2779,0.7228
ALL,gemcitabine,23,0.2357707509881423,0.1046297185872746,-0.1118,0.2619,0.099
ALL,Picolinici-acid,21,-0.4085714285714285,-0.509146199901515,-0.0331,0.2928,0.901
ALL,GSK2606414,21,-0.2657142857142857,-0.5277955020708611,-0.0466,0.273,0.7921
ALL,BYL-719,23,0.2391304347826087,0.1547979832571711,-0.0934,0.2609,0.1089
ALL,PD0325901,22,-0.1132693393562959,-0.2022633406121446,-0.0671,0.2829,0.5743
ALL,AZ960,21,-0.2262337662337662,-0.3029039388688975,-0.064,0.2826,0.7228
ALL,AGK-2,22,-0.0565782044042913,-0.1914847077986605,-0.0614,0.2695,0.4455
ALL,GSK591,22,0.0717108977978543,-0.081639038732776,-0.0844,0.2669,0.297
ALL,PRT062607,21,-0.215064935064935,-0.3153203048640322,-0.1172,0.2797,0.6238
ALL,PFI-1,22,-0.1591191417278374,-0.2781408283378209,-0.1422,0.2641,0.5347
ALL,MG-132,22,-0.100395256916996,-0.194682551026834,-0.1157,0.2601,0.4554
ALL,Bosutinib,20,-0.3007518796992481,-0.4388322368886442,-0.1036,0.3,0.7228
ALL,LCL161,20,-0.3428571428571428,-0.4487124038888395,-0.0488,0.2744,0.8713
ALL,cytarabine hydrochloride,20,-0.186766917293233,-0.3394605148565955,-0.1386,0.2789,0.5941
ALL,Lestaurtinib,20,-0.105563909774436,-0.3018316493435458,-0.0857,0.3002,0.505
ALL,MK-2206,23,-0.1796442687747035,-0.4747884047344462,-0.0636,0.2617,0.6535
ALL,GSK343,22,0.1760587238848108,0.0582721668643584,-0.0613,0.2637,0.198
ALL,afatinib,23,0.4383399209486165,0.4021137272644317,-0.0526,0.2823,0.0396
ALL,Irinotecan,22,-0.2779220779220779,-0.389125292846161,-0.0815,0.2675,0.7327
ALL,Pyridostatin,22,-0.4075663466967816,-0.5273737149848051,-0.0524,0.2539,0.9109
ALL,Leflunomide,21,0.2402597402597402,0.153188077934014,-0.1169,0.2685,0.1287
ALL,AZD4547,23,0.0772727272727272,0.0536760402809364,-0.085,0.2716,0.3069
ALL,Camptothecin,22,-0.233201581027668,-0.3889984252115523,-0.0957,0.2495,0.7327
ALL,ML323,21,-0.0979220779220779,-0.3407090750006142,-0.0865,0.2735,0.5347
ALL,fulvestrant,22,0.1175607001693958,0.0327579720591898,-0.07,0.2611,0.2772
ALL,vorinostat,23,-0.0877470355731225,-0.1894691084895788,-0.0275,0.272,0.6238
ALL,GSK2578215A,22,-0.3077096987996467,-0.4603827712185437,-0.0982,0.267,0.7921
ALL,AZ6102,22,-0.2119706380575946,-0.3317305607968079,-0.0288,0.2647,0.7723
ALL,IWP-2,21,-0.4254545454545455,-0.565677904468738,-0.1084,0.2881,0.8416
ALL,I-BRD9,22,0.1243365330321852,0.0050804471108489,-0.0828,0.3212,0.3168
ALL,VX-11e,22,-0.2271033314511576,-0.3681301273860002,-0.0625,0.2663,0.6931
ALL,EPZ004777,22,-0.4538678712591756,-0.528351318030234,-0.0922,0.2883,0.8812
ALL,Avagacestat,20,0.4042105263157894,0.3234913654164832,-0.0603,0.2691,0.0495
ALL,RO-3306,22,-0.3217391304347826,-0.4323415433800548,-0.1063,0.3117,0.703
ALL,GNE-317,22,0.4154714850367025,0.2900149959393807,-0.0401,0.2813,0.0396
ALL,BI-2536,20,0.0815037593984962,0.0182870008644114,-0.0615,0.2837,0.3465
ALL,KU-55933,23,0.0725296442687747,-0.0448826797433585,-0.1387,0.3067,0.2772
ALL,Entospletinib,21,-0.0846753246753246,-0.2605778371198532,-0.0688,0.2858,0.5446
ALL,cediranib,23,0.1976284584980237,0.1003942888637155,-0.1079,0.2806,0.1881
ALL,LGK974,22,-0.2266516092603049,-0.3560240264446109,-0.0144,0.2724,0.7921
ALL,Savolitinib,22,-0.3472614342179559,-0.464882327340303,-0.0932,0.2512,0.8515
ALL,ibrutinib,22,-0.1105590062111801,-0.2538209963300096,-0.1303,0.2946,0.4455
ALL,Mirin,21,-0.2303896103896103,-0.3220493043893845,-0.0376,0.2655,0.7723
ALL,OF-1,21,-0.3571428571428571,-0.5048011627223659,-0.0992,0.2628,0.8416
ALL,LJI308,22,-0.152343308865048,-0.234236354372767,-0.0471,0.2668,0.6436
ALL,NSC19630,23,-0.2049407114624506,-0.4118474840334256,-0.111,0.2741,0.6634
ALL,PLX-4720,23,0.0664031620553359,-0.1103555603773559,-0.075,0.2664,0.3366
ALL,dasatinib,23,0.0523715415019762,-0.0678011874809391,-0.0506,0.2699,0.3861
ALL,docetaxel,23,-0.067193675889328,-0.1789515448522479,-0.0951,0.263,0.4653
ALL,alisertib,23,0.100395256916996,0.0152425955505603,-0.082,0.246,0.2178
ALL,BMS-536924,23,0.1349802371541502,0.0175774977954634,-0.1192,0.2875,0.198
BLCA,GSK525762A,25,0.1747692307692307,0.0653286304040828,-0.067,0.274,0.2475
BLCA,erlotinib,24,0.0733913043478261,-0.1425116949737859,-0.0505,0.2498,0.3465
BLCA,BMS-270394,23,-0.1411067193675889,-0.2320816262870933,-0.082,0.2977,0.5743
BLCA,KU 0060648,22,0.0199887069452286,-0.1570675766401394,-0.1186,0.2604,0.3267
BLCA,Merck60,23,0.2132411067193675,0.116222437414156,-0.0892,0.2965,0.1683
BLCA,pyrazolanthrone,22,-0.2167137210615472,-0.3668700507280167,-0.0309,0.3034,0.7129
BLCA,BRD-K97651142,21,0.1192207792207792,0.0443333507554569,-0.1005,0.2705,0.2277
BLCA,Compound 7d-cis,22,0.4177300959909656,0.3313276991390513,-0.0758,0.2633,0.0297
BLCA,BRD-K88742110,23,0.2144268774703557,0.1192770056794309,-0.1162,0.2854,0.1485
BLCA,BRD-K14844214,22,-0.1460191981931112,-0.3983807247941806,-0.0775,0.2613,0.6337
BLCA,bosutinib,23,-0.4130434782608696,-0.5337922798557393,-0.0682,0.2654,0.8812
BLCA,doxorubicin,24,0.4359999999999999,0.3455207984671675,-0.0881,0.2509,0.0198
BLCA,BRD-K80183349,21,0.1976623376623376,0.0615212052523114,-0.114,0.278,0.1782
BLCA,CHIR-99021,23,-0.4707509881422925,-0.6148601665291985,-0.0565,0.2828,0.9208
BLCA,PYR-41,21,-0.2594348951379454,-0.4239326547897848,-0.0741,0.3018,0.7426
BLCA,UNC0321,23,0.1396637676281975,0.0607465755674364,-0.0548,0.2381,0.2178
BLCA,SCH-79797,23,-0.0452569169960474,-0.2836580124560919,-0.0467,0.23,0.5545
BLCA,spautin-1,20,0.2396992481203007,0.0748240803665475,-0.0877,0.2941,0.1584
BLCA,tanespimycin,24,-0.3448695652173913,-0.391353601756079,-0.0592,0.2768,0.8416
BLCA,BRD-K02492147,20,-0.1016923727424961,-0.2361590914930719,-0.1139,0.3135,0.4851
BLCA,lapatinib,24,0.2485217391304347,0.1920478710815685,-0.1019,0.2425,0.1188
BLCA,SGX-523,22,0.1611518915866742,-0.0053119460833253,-0.1014,0.2378,0.1683
BLCA,nutlin-3,25,-0.1418461538461538,-0.2271229154441358,-0.0905,0.2635,0.5941
BLCA,BRD-K94991378,22,0.320000051070905,0.2444359577111395,-0.0943,0.2628,0.0693
BLCA,PRIMA-1-Met,20,-0.4475187969924811,-0.6112360263580422,-0.0746,0.3005,0.8812
BLCA,StemRegenin 1,23,-0.257905138339921,-0.4171168505090272,-0.0997,0.2697,0.703
BLCA,erastin,21,0.1246753246753246,0.0627155936844398,-0.1154,0.2755,0.2079
BLCA,MK-1775,23,0.3632411067193676,0.3080771269609982,-0.0724,0.2629,0.0792
BLCA,sildenafil,23,-0.1612648221343873,-0.3911103722873539,-0.1251,0.2874,0.5248
BLCA,GMX-1778,23,0.2209486166007905,-0.0072995488140321,-0.0967,0.2889,0.1683
BLCA,PX-12,23,-0.025296442687747,-0.0723465311245998,-0.0926,0.2879,0.4257
BLCA,temozolomide,25,0.1089230769230769,-0.0376697461371979,-0.0261,0.2723,0.396
BLCA,BRD-K66453893,22,-0.1211744776962168,-0.2319136825493717,-0.1052,0.2854,0.5347
BLCA,FQI-2,23,-0.1539525691699605,-0.2749936472641299,-0.0779,0.2863,0.6238
BLCA,temsirolimus,20,-0.3497744360902255,-0.5013666226465607,-0.0503,0.2619,0.8713
BLCA,cyclophosphamide,20,-0.2709774436090225,-0.367358644290874,-0.0749,0.2817,0.7228
BLCA,TGX-221,22,0.501072840203275,0.4186110323340231,-0.0953,0.2727,0.0099
BLCA,procarbazine,21,-0.3178156133188929,-0.4515702705586815,-0.0595,0.288,0.7822
BLCA,fluvastatin,20,0.2466165413533834,0.0385335832536785,-0.1087,0.2498,0.0693
BLCA,BRD-K41597374,23,-0.2725296442687747,-0.3081649553032378,-0.0772,0.2612,0.7426
BLCA,pazopanib,23,-0.325098814229249,-0.507550342593556,-0.1203,0.2788,0.7129
BLCA,BRD-K28456706,22,-0.5856195612158135,-0.6677327962008404,-0.1214,0.2862,0.9406
BLCA,quizartinib,23,0.1239130434782608,0.0127363349199322,-0.0705,0.2737,0.297
BLCA,16-beta-bromoandrosterone,23,-0.4932806324110672,-0.5992222290429886,-0.0775,0.269,0.9208
BLCA,foretinib,25,-0.105076923076923,-0.3315529848185823,-0.0218,0.2905,0.604
BLCA,ML029,20,-0.5759398496240602,-0.6604938858467695,-0.0968,0.2729,0.9604
BLCA,selumetinib,24,0.5036521739130434,0.4366247003595513,-0.041,0.2819,0.0396
BLCA,GSK-3 inhibitor IX,23,-0.067193675889328,-0.1574412371790184,-0.0798,0.2653,0.4653
BLCA,NSC23766,21,-0.0646753246753246,-0.1972478172411807,-0.0563,0.2739,0.5149
BLCA,GDC-0879,22,0.1008469791078487,-0.0180734029685471,-0.0939,0.2813,0.2871
BLCA,triptolide,23,-0.1264822134387351,-0.2580364810714316,-0.0695,0.2868,0.5248
BLCA,KHS101,23,0.2326086956521739,0.1255519936956949,-0.0402,0.3017,0.2079
BLCA,SB-525334,23,0.0221343873517786,-0.1379567484825312,-0.1024,0.2665,0.3366
BLCA,JQ-1,24,0.3895652173913043,0.2670239124457091,-0.0239,0.2902,0.0792
BLCA,NPC-26,23,-0.4189770328055113,-0.5255974540186884,-0.0293,0.2761,0.8911
BLCA,triazolothiadiazine,23,-0.2454545454545455,-0.3137993613327546,-0.1073,0.2811,0.6634
BLCA,CAY10594,22,0.3120271033314511,0.1232707374078041,-0.1165,0.259,0.099
BLCA,methotrexate,25,0.3872307692307692,0.3307021588069342,-0.0475,0.2778,0.0495
BLCA,Compound 1541A,22,0.1060417843026538,-0.0180818131210093,-0.0937,0.2746,0.2475
BLCA,dacarbazine,25,0.1307692307692307,0.0546464448733876,-0.0724,0.2534,0.2475
BLCA,olaparib,25,-0.1656923076923077,-0.3238754587037391,-0.1185,0.2884,0.5446
BLCA,SB-431542,23,0.0150197628458498,-0.1219453832075177,-0.0512,0.2836,0.4257
BLCA,SN-38,24,0.2024347826086956,0.0723511674923439,-0.1385,0.2632,0.1386
BLCA,regorafenib,22,-0.0513833992094861,-0.1410153702588044,-0.0543,0.2873,0.505
BLCA,Ch-55,22,0.0748729531338227,-0.1502136332702205,-0.0462,0.2751,0.3564
BLCA,LBH-589,23,0.1689723320158103,0.0776587200771259,-0.045,0.2547,0.198
BLCA,SU11274,23,0.0114624505928853,-0.0641570100797099,-0.0643,0.2524,0.4059
BLCA,BRD-K13999467,22,0.1498588368153585,0.1038778768016872,-0.0871,0.2993,0.2376
BLCA,GW-405833,23,0.166600790513834,-0.0691351499834606,-0.1027,0.2651,0.1782
BLCA,BRD-K85133207,22,-0.15957086391869,-0.3093855152451411,-0.0878,0.2496,0.6337
BLCA,EX-527,21,0.154025974025974,0.0162028318748944,-0.1256,0.2817,0.1782
BLCA,tosedostat,21,-0.1387012987012987,-0.2760789876521891,-0.0859,0.3143,0.5842
BLCA,BRD-K64610608,23,-0.1304347826086956,-0.2751224683138922,-0.1193,0.2801,0.505
BLCA,purmorphamine,23,-0.2792191832214128,-0.3224156704942514,-0.0915,0.2668,0.7624
BLCA,cytochalasin B,22,0.0793901750423489,-0.0696999996987997,-0.0792,0.2768,0.297
BLCA,BRD-K04800985,23,0.26699604743083,0.2280031694755188,-0.1284,0.2986,0.1089
BLCA,B02,21,0.4787012987012987,0.3325301367197323,-0.118,0.2932,0.0396
BLCA,fluorouracil,25,-0.1486153846153846,-0.2593598747584225,-0.0479,0.2432,0.6733
BLCA,ML203,23,-0.5675889328063242,-0.6337756667308653,-0.0596,0.2783,0.9802
BLCA,IC-87114,21,-0.1141000890640406,-0.1840234517698382,-0.079,0.283,0.5446
BLCA,PLX-4032,23,-0.0039535459571173,-0.0603309855045252,-0.0578,0.256,0.4257
BLCA,cerulenin,23,0.2195652173913043,0.0991813571556144,-0.0725,0.2819,0.1683
BLCA,SRT-1720,21,0.2522077922077922,0.1180925290881424,-0.0554,0.3013,0.1683
BLCA,bortezomib,25,0.3093846153846153,0.1506342803730879,-0.0463,0.2585,0.1287
BLCA,LY-2183240,23,0.3399209486166007,0.2659808814804559,-0.1096,0.2729,0.0792
BLCA,BRD8958,21,-0.2352177234691498,-0.3835860057282559,-0.0956,0.2773,0.6436
BLCA,PF-573228,23,-0.2104743083003952,-0.4193867724092094,-0.0826,0.2571,0.6436
BLCA,ruxolitinib,23,-0.2594861660079051,-0.3616409723650832,-0.0775,0.2804,0.6634
BLCA,ZSTK474,23,-0.0884605907905007,-0.3103002983132988,-0.0734,0.2673,0.5446
BLCA,nilotinib,25,-0.1258461538461538,-0.303712060281843,-0.122,0.276,0.4653
BLCA,XL765,23,-0.3756678395551659,-0.6234791100132604,-0.0283,0.2828,0.901
BLCA,importazole,21,0.1788892591912623,0.021780602028919,-0.1216,0.2792,0.1881
BLCA,YK 4-279,25,0.1369230769230769,0.0480651103424035,-0.0245,0.2641,0.3366
BLCA,ML083,23,-0.0966641986515192,-0.2796671739843668,-0.0477,0.2701,0.5842
BLCA,ABT-737,24,0.0561739130434782,-0.0752252251455684,-0.0921,0.2342,0.2772
BLCA,RG-108,21,0.0184415584415584,-0.0624838821945527,-0.0861,0.2411,0.3564
BLCA,IPR-456,23,-0.195404008930525,-0.4537066107187516,-0.0745,0.269,0.6733
BLCA,BRD1812,23,0.3752964426877471,0.3286877051367499,-0.0737,0.2993,0.0693
BLCA,BRD-K66532283,20,0.0219548872180451,-0.0962437736665141,-0.1078,0.2633,0.2871
BLCA,KX2-391,23,0.0379446640316205,-0.0216074439177875,-0.0807,0.287,0.3465
BLCA,PHA-793887,23,0.1950592885375494,0.0335812100392842,-0.0893,0.2627,0.1881
BLCA,BRD-K17060750,20,-0.0430315378832448,-0.0867347864273354,-0.0862,0.2829,0.4455
BLCA,NSC 74859,21,-0.4180578330264939,-0.4916235557048769,-0.0925,0.2895,0.8911
BLCA,AC55649,22,0.2140193566797982,0.0259650598020955,-0.0762,0.2926,0.2079
BLCA,PRL-3 inhibitor I,23,0.1786561264822134,-0.0099014516917614,-0.1107,0.2992,0.2079
BLCA,AZD7762,25,-0.0039999999999999,-0.1660403837166204,-0.0253,0.2719,0.5446
BLCA,NVP-BSK805,23,-0.3132411067193675,-0.4294934359005795,-0.1128,0.2603,0.7822
BLCA,BRD-K52037352,21,-0.1272727272727273,-0.3068184165706175,-0.1397,0.2296,0.4851
BLCA,BRD-K16147474,21,-0.0910273851568023,-0.1915244546904385,-0.1188,0.3135,0.4455
BLCA,CCT036477,22,-0.3160926030491248,-0.4696302822412785,-0.048,0.2784,0.8317
BLCA,CAL-101,21,-0.0935064935064935,-0.2551578886558054,-0.1074,0.2894,0.4653
BLCA,myricetin,22,-0.3765038274960434,-0.4340850281381042,-0.1251,0.2737,0.8218
BLCA,WAY-362450,23,-0.2768774703557312,-0.3794953568421673,-0.0894,0.2922,0.7426
BLCA,entinostat,25,0.0701538461538461,-0.0198193897877315,-0.0492,0.2423,0.3267
BLCA,AZD6482,23,-0.1063241106719367,-0.1646092920458677,-0.1131,0.2856,0.4257
BLCA,BRD-A71883111,20,-0.2294736842105263,-0.4783782057263576,-0.1005,0.2649,0.6238
BLCA,VU0155056,22,0.1141727837380011,0.0266520614499577,-0.0411,0.2957,0.3366
BLCA,nelarabine,23,0.0098814229249011,-0.0968461181176882,-0.1178,0.2714,0.3465
BLCA,chlorambucil,22,0.1265951439864483,0.0621289545688312,-0.0677,0.2774,0.2673
BLCA,PIK-93,23,-0.149802371541502,-0.3051644813011324,-0.0793,0.276,0.5941
BLCA,navitoclax,24,-0.3269565217391303,-0.4129374489775084,-0.0764,0.2583,0.8416
BLCA,veliparib,24,-0.0723478260869565,-0.1353520121272597,-0.0651,0.2929,0.5347
BLCA,NVP-BEZ235,21,-0.035064935064935,-0.1400506641226747,-0.0802,0.276,0.4356
BLCA,TG-101348,23,-0.5278656126482213,-0.6701025887536617,-0.1014,0.2277,0.9802
BLCA,BRD6340,22,-0.15957086391869,-0.320856597663224,-0.0506,0.2816,0.6535
BLCA,OSI-027,25,-0.0226153846153846,-0.2811261912016731,-0.0775,0.2562,0.396
BLCA,GW-843682X,22,-0.4816487859966121,-0.7058429245550737,-0.1377,0.275,0.8911
BLCA,lomeguatrib,23,0.0770750988142292,-0.0700408313505468,-0.0772,0.3109,0.3366
BLCA,PF-184,23,0.4658102766798419,0.3527549727018093,-0.0428,0.275,0.0495
BLCA,IU1,22,0.3144874454692424,0.1980776792337754,-0.1234,0.2782,0.099
BLCA,neratinib,22,0.1821569734613213,0.0326090848697212,-0.0353,0.2644,0.1782
BLCA,apicidin,23,0.1689723320158102,0.0009212460565954,-0.035,0.2627,0.2079
BLCA,BRD8899,20,-0.271247214298184,-0.3273919395663567,-0.0843,0.2816,0.7525
BLCA,pandacostat,23,-0.0386459117308221,-0.1218690357943873,-0.087,0.2851,0.4851
BLCA,WZ8040,20,0.0661654135338345,-0.1507677099291388,-0.0451,0.2929,0.3564
BLCA,fingolimod,21,0.2103896103896104,0.1251377812000541,-0.1061,0.2565,0.1089
BLCA,CR-1-31B,21,-0.3914285714285714,-0.5368241685745011,-0.0442,0.289,0.8614
BLCA,BRD-K71781559,22,-0.2907961603613778,-0.4662508010907119,-0.0789,0.2758,0.7723
BLCA,daporinad,21,-0.4036363636363636,-0.510288782795034,-0.0744,0.3248,0.8515
BLCA,brefeldin A,23,0.0023715415019762,-0.0442782223967687,-0.0938,0.2634,0.3465
BLCA,crizotinib,25,0.3313846153846154,0.2377043749592522,-0.0308,0.2807,0.1386
BLCA,parthenolide,21,-0.3906375214443348,-0.5063009962059872,-0.0464,0.2731,0.8713
BLCA,imatinib,23,-0.058498023715415,-0.2374103131346237,-0.0785,0.2801,0.4455
BLCA,AZD8055,25,0.178,0.0990098718773769,-0.0927,0.2522,0.1683
BLCA,GANT-61,23,0.2590909090909091,0.107706965294739,-0.046,0.2354,0.1188
BLCA,RITA,20,-0.0165413533834586,-0.2152189092148502,-0.0965,0.2729,0.3762
BLCA,BRD-K37390332,22,-0.0464516291367479,-0.2198240065782555,-0.0752,0.2684,0.4752
BLCA,CD-437,23,-0.0013833992094861,-0.1459564507966721,-0.0468,0.2814,0.4257
BLCA,CAY10576,21,-0.1597400485691772,-0.2251268946825587,-0.0949,0.2984,0.5941
BLCA,Ki8751,22,0.4007907530620949,0.3206638137327509,-0.0487,0.3006,0.0693
BLCA,GDC-0941,24,-0.2106086956521739,-0.2545445215460321,-0.0773,0.2626,0.7129
BLCA,WP1130,23,-0.3640227440015801,-0.5138992752855108,-0.0611,0.2921,0.8416
BLCA,trametinib,21,0.6509090909090909,0.6010649569919446,-0.1177,0.2854,0.0099
BLCA,valdecoxib,22,0.0841332580463015,-0.060590771068088,-0.0645,0.277,0.3366
BLCA,HLI 373,23,0.1907114624505929,-0.0060798248590507,-0.0858,0.2754,0.2178
BLCA,NSC48300,23,0.2268774703557312,0.0606965598458651,-0.044,0.2764,0.2079
BLCA,ouabain,23,-0.1928853754940711,-0.2524242546111108,-0.0768,0.2902,0.6634
BLCA,ABT-199,20,-0.4508270676691729,-0.6307599871488094,-0.1005,0.272,0.8911
BLCA,BMS-754807,24,0.2892173913043477,0.2391240600675001,-0.051,0.2735,0.1485
BLCA,elocalcitol,20,0.2517293233082706,0.1334021165169497,-0.0722,0.3028,0.1683
BLCA,NVP-ADW742,25,0.1012307692307692,0.0113406921905538,-0.0962,0.2473,0.198
BLCA,narciclasine,21,-0.3272727272727272,-0.4653715540252136,-0.0638,0.3079,0.802
BLCA,AT7867,21,0.1511688311688311,-0.0139752691929362,-0.1359,0.2644,0.1584
BLCA,NSC95397,21,0.1485714285714285,0.0971834986769195,-0.1114,0.2569,0.1782
BLCA,MST-312,24,0.2306086956521738,0.1215378915592268,-0.0965,0.2663,0.1287
BLCA,BRD9876,22,0.0762281197063805,-0.0034095481023417,-0.0714,0.2813,0.297
BLCA,sorafenib,24,0.5342608695652173,0.4510132914866052,-0.062,0.26,0.0198
BLCA,MI-1,21,0.074025974025974,-0.0128035064382436,-0.0634,0.3019,0.3267
BLCA,oligomycin A,23,0.0407114624505928,-0.043046138508452,-0.0611,0.291,0.3366
BLCA,pevonedistat,25,0.0109230769230769,-0.0498341171331482,-0.0436,0.2481,0.4059
BLCA,linifanib,23,0.0098814229249011,-0.1657549537870689,-0.0508,0.2629,0.4158
BLCA,SB-225002,23,0.1126482213438735,-0.0233158395076646,-0.0737,0.2598,0.2376
BLCA,BRD-A02303741,21,-0.5396771301475967,-0.6177085871558333,-0.0697,0.2971,0.9505
BLCA,silmitasertib,22,0.1259887206723372,-0.0116729905725581,-0.0963,0.2622,0.2277
BLCA,L-685458,23,0.3539525691699605,0.2303964591310236,-0.0641,0.2713,0.0396
BLCA,NSC30930,23,-0.2711462450592886,-0.4158995062725679,-0.0733,0.2681,0.7822
BLCA,BIRB-796,24,0.0556521739130434,-0.0597675393750293,-0.0796,0.2591,0.3267
BLCA,NVP-231,23,0.1845849802371541,0.0161210202075151,-0.0701,0.2784,0.2178
BLCA,MLN2238,23,-0.0877470355731225,-0.259165406529192,-0.0937,0.289,0.5347
BLCA,BRD-K61166597,22,-0.1742518351214003,-0.307285579795273,-0.069,0.2703,0.6436
BLCA,bexarotene,21,-0.0348051948051948,-0.2506957578379766,-0.1158,0.2765,0.4356
BLCA,pluripotin,23,-0.0201581027667984,-0.1493946438484548,-0.0579,0.2562,0.4653
BLCA,SCH-529074,21,0.1246753246753246,-0.0215343967683197,-0.0705,0.2677,0.1881
BLCA,HC-067047,23,-0.1391304347826087,-0.297269377975761,-0.1165,0.263,0.5248
BLCA,ML311,23,0.3231225296442687,0.189408998621753,-0.0337,0.2722,0.1188
BLCA,STF-31,21,0.2893506493506493,0.0936593221611438,-0.0393,0.2809,0.1386
BLCA,tamatinib,22,-0.5184641445511011,-0.6282484745042011,-0.0431,0.2966,0.9307
BLCA,tamoxifen,24,-0.1233043478260869,-0.2179952503460112,-0.0797,0.2658,0.5644
BLCA,azacitidine,25,-0.049471053040536,-0.1982158726268837,-0.0938,0.2602,0.4356
BLCA,C6-ceramide,22,-0.3210615471485036,-0.3755202373783934,-0.0698,0.2826,0.7723
BLCA,PF-543,23,0.3351618585146234,0.255213894462301,-0.0617,0.2886,0.1089
BLCA,ML239,21,0.1846753246753247,0.0786291098941195,-0.0824,0.3014,0.2079
BLCA,mitomycin,23,0.0533596837944664,-0.0889044525988694,-0.1403,0.2981,0.2772
BLCA,etomoxir,21,-0.4836363636363636,-0.5629247190600014,-0.1121,0.2562,0.9109
BLCA,BRD-K51490254,22,-0.1146245059288537,-0.2931970282538374,-0.1165,0.2621,0.505
BLCA,Ko-143,22,0.0181818181818181,-0.0814416144081973,-0.0875,0.2691,0.3267
BLCA,Mdivi-1,23,-0.1264822134387351,-0.3121991133789436,-0.069,0.287,0.5644
BLCA,cucurbitacin I,22,0.463579898362507,0.4245203866386294,-0.0893,0.2493,0.0099
BLCA,BRD-K70511574,23,-0.0124505928853754,-0.1094483819114272,-0.1006,0.3146,0.396
BLCA,BRD-K92856060,23,-0.0594861660079051,-0.1996657724007822,-0.087,0.2608,0.4257
BLCA,vincristine,23,0.1915019762845849,0.1231879023450642,-0.0817,0.2625,0.1584
BLCA,BRD9647,22,-0.1494071146245059,-0.2560650082057207,-0.0805,0.2739,0.5842
BLCA,cabozantinib,21,-0.3153246753246753,-0.3699269003270194,-0.0909,0.2698,0.8119
BLCA,BIX-01294,20,-0.0688721804511278,-0.1386719383660815,-0.0897,0.2865,0.4752
BLCA,SID 26681509,23,-0.3634387351778656,-0.4670967779413445,-0.0834,0.2803,0.8218
BLCA,birinapant,23,0.1486166007905138,0.011622427820847,0.0094,0.2866,0.3465
BLCA,YM-155,20,-0.029172932330827,-0.1003846715354976,-0.0623,0.3233,0.4752
BLCA,saracatinib,23,0.1498023715415019,-0.0157237898069944,-0.0983,0.2615,0.2178
BLCA,SNS-032,23,0.3209486166007905,0.208412424891051,-0.0804,0.2787,0.0891
BLCA,rigosertib,23,-0.1507905138339921,-0.2525829942643349,-0.0978,0.2717,0.5743
BLCA,BRD-K63431240,23,-0.2630434782608696,-0.3746475184853846,-0.137,0.2717,0.6238
BLCA,bleomycin A2,24,0.1433043478260869,0.0352852619818888,-0.113,0.2573,0.198
BLCA,SR1001,23,0.2713438735177865,0.1941606903585264,-0.1404,0.2705,0.0792
BLCA,JW-480,21,0.1277922077922077,-0.0174384107494188,-0.0859,0.3017,0.2376
BLCA,BIBR-1532,25,-0.4807692307692307,-0.5385730606212581,-0.08,0.2769,0.9406
BLCA,SB-743921,22,0.1089779785431959,0.0195183531545929,-0.0298,0.2922,0.3861
BLCA,linsitinib,24,-0.0426086956521739,-0.1604616058029287,-0.0966,0.2925,0.4455
BLCA,NSC632839,22,0.1964416909737832,0.0791765386628978,-0.105,0.2903,0.1683
BLCA,semagacestat,23,0.0626482213438735,-0.0688042147020161,-0.0624,0.2726,0.3564
BLCA,tipifarnib-P2,23,0.1395256916996047,0.0100024157092934,-0.0752,0.2959,0.2772
BLCA,AA-COCF3,22,-0.2725014116318465,-0.3979887479174683,-0.0674,0.2902,0.7129
BLCA,ciclosporin,22,0.0586109542631281,-0.078174545216451,-0.0682,0.2762,0.3564
BLCA,BRD4132,20,0.0935338345864661,-0.1245781994478385,-0.0702,0.2934,0.3762
BLCA,TW-37,20,-0.4396992481203007,-0.5958168769026406,-0.091,0.2848,0.8812
BLCA,BRD-K45681478,22,-0.0208921513269339,-0.1520484358611946,-0.1335,0.2682,0.3564
BLCA,BRD-K02251932,21,-0.4077922077922077,-0.5446207486262635,-0.1099,0.2709,0.8515
BLCA,DBeQ,22,0.2499858896635896,0.1043884171997724,-0.0924,0.2642,0.1188
BLCA,gossypol,23,0.0345849802371541,-0.070023310240799,-0.0718,0.2797,0.3861
BLCA,sirolimus,24,-0.5276521739130434,-0.595427381942532,-0.0767,0.2779,0.9505
BLCA,betulinic acid,23,-0.11699604743083,-0.268760108508579,-0.0622,0.2667,0.5644
BLCA,BRD1835,22,-0.4811070510968044,-0.5864138986889514,-0.0905,0.2926,0.901
BLCA,tacrolimus,21,0.1693506493506493,-0.0429829848936807,-0.1209,0.2471,0.1386
BLCA,lovastatin,22,-0.2063241106719367,-0.3111285064787485,-0.067,0.2942,0.6733
BLCA,UNC0638,23,0.2247035573122529,0.0241030128217021,-0.0863,0.251,0.1485
BLCA,NVP-TAE684,22,0.3843026538678713,0.3243417465242222,-0.0379,0.297,0.1287
BLCA,BRD-K19103580,21,0.1579733763083333,0.0463018809924391,-0.0695,0.2957,0.2277
BLCA,barasertib,23,0.3988142292490119,0.3248599588672171,-0.0479,0.2801,0.0396
BLCA,BRD-K24690302,21,-0.3051948051948052,-0.5053604556029254,-0.068,0.2931,0.7723
BLCA,paclitaxel,25,-0.0547692307692307,-0.2052384337830744,-0.0568,0.309,0.4851
BLCA,PRIMA-1,20,0.2821052631578947,0.2459161875041024,-0.0957,0.2944,0.1485
BLCA,KU-0063794,23,0.1808300395256917,0.0218269704605666,-0.0763,0.2704,0.1584
BLCA,obatoclax,22,0.3723320158102767,0.3224908012697484,-0.069,0.2843,0.0891
BLCA,BRD-K35604418,25,-0.24,-0.3233509798751871,-0.0653,0.2656,0.7129
BLCA,axitinib,25,0.25,0.1600778129938093,-0.0187,0.2629,0.1584
BLCA,niclosamide,22,0.0315165220136202,-0.0351948072119489,-0.0591,0.2968,0.4059
BLCA,SJ-172550,23,-0.0633036907096646,-0.1946237382199229,-0.0568,0.2797,0.5248
BLCA,zebularine,23,-0.1628458498023715,-0.2888906185384284,-0.0721,0.2897,0.604
BLCA,BRD-K29313308,21,-0.1516883116883117,-0.2647918830343999,-0.1064,0.2735,0.5644
BLCA,PL-DI,21,0.0046753246753246,-0.0907354289158007,-0.0228,0.2878,0.4851
BLCA,simvastatin,22,-0.1354037267080745,-0.3185175949619426,-0.0935,0.2468,0.6139
BLCA,TPCA-1,23,-0.1654150197628458,-0.3624725994188589,-0.0607,0.2647,0.5941
BLCA,KU-60019,23,0.1636363636363636,0.0591148853303808,-0.1092,0.2624,0.198
BLCA,ciclopirox,23,0.0057312252964426,-0.0803737730489041,-0.0451,0.2603,0.4257
BLCA,gemcitabine,25,0.0429230769230769,-0.0892314646350468,-0.0834,0.2784,0.3762
BLCA,indisulam,20,-0.2111278195488721,-0.3205724634703656,-0.1085,0.2741,0.6733
BLCA,SMER-3,23,-0.292094861660079,-0.4415840456780391,-0.0938,0.3066,0.7426
BLCA,tretinoin,22,-0.1127365196042758,-0.2548932168804484,-0.0423,0.2597,0.6337
BLCA,BRD-K71935468,23,0.2221343873517786,0.0876929047637538,-0.0662,0.2787,0.2079
BLCA,CAY10618,23,0.0903162055335968,-0.0682032210323316,-0.0559,0.275,0.3366
BLCA,necrostatin-7,22,0.225974025974026,0.0806021505153193,-0.1016,0.2817,0.1386
BLCA,tivozanib,21,-0.5485714285714286,-0.7283562181908856,-0.0869,0.2924,0.9406
BLCA,BYL-719,21,0.0992207792207792,-0.0348901357737175,-0.0917,0.2927,0.2871
BLCA,AGK-2,25,0.0895384615384615,-0.0296337196401335,-0.0984,0.2844,0.2673
BLCA,neuronal differentiation inducer III,21,0.4984415584415584,0.3955396891157595,-0.1049,0.2674,0.0198
BLCA,AM-580,22,-0.3142857142857143,-0.4634908595776477,-0.1114,0.2819,0.7327
BLCA,PI-103,22,-0.1907396950875212,-0.3032786349374653,-0.0449,0.3009,0.6139
BLCA,isoevodiamine,23,-0.1136363636363636,-0.1797845483430012,-0.0977,0.2683,0.5347
BLCA,"1S,3R-RSL-3",22,-0.2370412196499153,-0.3670675111302177,-0.0517,0.3122,0.6733
BLCA,necrostatin-1,22,-0.0464144551101072,-0.109427910982074,-0.0756,0.3227,0.4653
BLCA,SR-II-138A,23,0.1496047430830039,0.0550984500513693,-0.0847,0.2738,0.2277
BLCA,ML258,22,-0.5012987012987014,-0.6031616232442468,-0.072,0.2697,0.9406
BLCA,topotecan,24,0.5433043478260868,0.4544043497015613,-0.074,0.2647,0.0099
BLCA,MGCD-265,22,-0.1620553359683794,-0.3097067980024883,-0.0891,0.2736,0.5941
BLCA,cytarabine hydrochloride,24,0.1587826086956521,0.0144789898599703,-0.1186,0.2756,0.1485
BLCA,vandetanib,23,0.2332015810276679,0.1196490255773972,-0.0551,0.2649,0.1485
BLCA,TG-100-115,22,0.0782608695652174,-0.0102860864568218,-0.095,0.2683,0.3069
BLCA,MK-2206,24,0.234086956521739,0.1136769839273188,-0.0939,0.2744,0.1386
BLCA,afatinib,25,0.0935384615384615,-0.0272102801237924,-0.0433,0.2583,0.3564
BLCA,ML162,20,-0.0736842105263158,-0.3243370578301033,-0.0688,0.3098,0.505
BLCA,dexamethasone,22,-0.166612567099289,-0.2401104536520644,-0.0873,0.2863,0.6238
BLCA,CID-5951923,21,-0.0657983946703371,-0.3134093779673562,-0.1075,0.2734,0.3861
BLCA,fumonisin B1,23,-0.2891030481142062,-0.4344659085769436,-0.0541,0.2728,0.7921
BLCA,tandutinib,22,-0.2128740824392999,-0.3466507745287831,-0.0546,0.2643,0.7525
BLCA,PDMP,21,-0.1768831168831169,-0.4772461060965954,-0.1388,0.2962,0.495
BLCA,piperlongumine,20,-0.1317293233082706,-0.2611540397650467,-0.0401,0.2895,0.6535
BLCA,curcumin,23,0.4729249011857707,0.39430918808888,-0.0736,0.261,0.0297
BLCA,phloretin,22,0.1157538114059853,-0.0097171260528216,-0.1338,0.2722,0.1881
BLCA,itraconazole,22,-0.1143986448334274,-0.2221033091175549,-0.0747,0.284,0.5347
BLCA,ML210,22,-0.269339356295878,-0.3457045965837826,-0.0627,0.2688,0.7426
BLCA,etoposide,22,0.1001693958215697,0.0029911164006004,-0.0855,0.2836,0.2772
BLCA,AZD4547,25,-0.106,-0.2333642207382448,-0.0564,0.2461,0.5644
BLCA,BRD-K50799972,21,0.0927573936547286,-0.0174008430765088,-0.0885,0.2923,0.2772
BLCA,I-BET151,23,0.2221343873517786,0.0265740961548979,-0.0296,0.2484,0.1782
BLCA,BRD-K09587429,21,-0.0284507972134251,-0.1689685073610882,-0.1378,0.2756,0.4059
BLCA,erismodegib,23,0.0383399209486166,-0.1297595941726884,-0.0691,0.2515,0.3366
BLCA,vorinostat,25,0.2406153846153846,0.1342462230925216,-0.0426,0.2691,0.1386
BLCA,CI-976,22,-0.2306693116552417,-0.3654704433168531,-0.1089,0.2377,0.6634
BLCA,brivanib,22,0.306832298136646,0.1854712467074006,-0.0776,0.2876,0.1089
BLCA,clofarabine,23,0.233794466403162,0.1302410558017079,-0.0649,0.3052,0.1881
BLCA,BMS-195614,23,0.2603410012761776,0.198560586316584,-0.0522,0.2557,0.1485
BLCA,prochlorperazine,23,-0.1705533596837944,-0.3113513354865653,-0.0685,0.2679,0.6238
BLCA,sunitinib,22,0.0904573687182382,-0.013789721236509,-0.0463,0.2768,0.3168
BLCA,BRD-K34222889,23,0.1179841897233201,0.0697569487827931,-0.0796,0.2437,0.198
BLCA,masitinib,23,0.3086956521739131,0.1966367843234596,-0.0465,0.2508,0.1089
BLCA,lenvatinib,23,-0.3905138339920948,-0.5683863443546134,-0.0845,0.2754,0.8515
BLCA,ISOX,22,-0.1466967814793902,-0.2101055237274354,-0.0823,0.2599,0.604
BLCA,BRD-K33199242,22,-0.2637673078917676,-0.4142874268170818,-0.0717,0.2763,0.7921
BLCA,GSK4112,23,-0.4007905138339921,-0.4542731208923679,-0.1602,0.2571,0.8317
BLCA,decitabine,23,0.0776679841897233,-0.0299060278676278,-0.0615,0.2679,0.297
BLCA,ML006,21,0.0470282584075794,-0.1386865341987318,-0.1122,0.2786,0.2772
BLCA,MK-0752,23,-0.3014838270047776,-0.4012670628182896,-0.1196,0.275,0.703
BLCA,gefitinib,25,-0.1321538461538461,-0.1961809072966151,-0.0469,0.2803,0.6337
BLCA,BRD-K55116708,21,0.0919480519480519,-0.0444332123670963,-0.101,0.2862,0.2673
BLCA,manumycin A,23,0.4039525691699605,0.2866252563921029,-0.0889,0.2835,0.0693
BLCA,BI-2536,25,0.0343076923076923,-0.0792192358536539,-0.0762,0.2864,0.3465
BLCA,KU-55933,25,0.1612307692307692,0.0538426394227283,-0.0434,0.2667,0.2376
BLCA,cediranib,21,0.3872727272727273,0.2506612385795167,-0.0741,0.2801,0.0495
BLCA,PD318088,22,0.4344438170525128,0.3052703694626576,-0.1262,0.2705,0.0297
BLCA,ibrutinib,21,0.2462337662337662,0.1734204171715723,-0.0577,0.2869,0.1584
BLCA,nintedanib,20,0.0568421052631578,-0.0927129563505956,-0.104,0.2841,0.3366
BLCA,RAF265,20,0.0015037593984962,-0.1040967946166709,-0.088,0.2718,0.3366
BLCA,leptomycin B,23,0.0373517786561264,-0.0948402095362559,-0.095,0.2854,0.3762
BLCA,BRD-K11533227,21,-0.1932467532467532,-0.2972851822561525,-0.0868,0.2751,0.6436
BLCA,ceranib-2,22,-0.0387351778656126,-0.2018903880661137,-0.0702,0.2861,0.5149
BLCA,ML050,23,0.2561897780212043,0.1654210520773241,-0.1229,0.2527,0.099
BLCA,compound 1B,22,-0.4421230942970074,-0.5705597722857227,-0.094,0.2934,0.8911
BLCA,PAC-1,20,-0.0015037593984962,-0.1170503755264251,-0.0645,0.2959,0.4455
BLCA,parbendazole,23,0.1031620553359683,0.0455663495753469,-0.0787,0.2821,0.2376
BLCA,AZ-3146,23,0.0950827802686722,0.0104681794356893,-0.0667,0.2751,0.2673
BLCA,ML320,22,0.0680033915849439,-0.0475325648029407,-0.1304,0.2927,0.2475
BLCA,NSC19630,21,-0.2631168831168831,-0.3872912420037269,-0.1133,0.2615,0.7228
BLCA,KW-2449,23,-0.1448616600790513,-0.2368456784313674,-0.0448,0.2632,0.6337
BLCA,PLX-4720,24,-0.2613913043478261,-0.4193564911420732,-0.1355,0.2623,0.6931
BLCA,LE-135,20,-0.2682706766917293,-0.3623494578472689,-0.1111,0.2938,0.6931
BLCA,vorapaxar,23,0.2565217391304347,0.1538833847683588,-0.0401,0.244,0.0693
BLCA,dasatinib,25,0.3284615384615384,0.2430497379381971,-0.043,0.2646,0.0891
BLCA,docetaxel,20,-0.1714285714285714,-0.4468884950637272,-0.082,0.2904,0.604
BLCA,trifluoperazine,23,0.3888312448824914,0.2630526769536706,-0.0979,0.2431,0.0297
BLCA,SKI-II,23,0.2597429559430925,0.1324107826855237,-0.057,0.2812,0.1782
BLCA,SNX-2112,23,-0.4268774703557312,-0.5490069738205121,-0.0817,0.2798,0.901
BLCA,GSK461364,21,-0.0522077922077922,-0.1514687705335261,-0.1103,0.2713,0.4158
BLCA,Compound 23 citrate,21,0.0106493506493506,-0.1253822742590015,-0.0703,0.253,0.3663
BLCA,alisertib,25,0.0132307692307692,-0.2403213923483033,-0.0419,0.283,0.4356
BLCA,CHM-1,20,-0.0598496240601503,-0.210016237344037,-0.063,0.278,0.495
BLCA,3-Cl-AHPC,23,0.1031620553359683,-0.0557957126330359,-0.0757,0.2299,0.2178
BLCA,momelotinib,21,-0.1353246753246753,-0.3234549484585373,-0.0909,0.2618,0.5347
BLCA,BMS-536924,25,0.1481538461538461,-0.0245783497808609,-0.0176,0.2879,0.2871
BLCA,VER-155008,23,-0.2324110671936758,-0.3448855781505662,-0.0807,0.2904,0.6931
BLCA,nakiterpiosin,23,-0.0972332015810276,-0.2062309224195608,-0.0908,0.306,0.5347
BLCA,pifithrin-mu,22,-0.4640316205533598,-0.6189084453268276,-0.1159,0.2794,0.8614
BRCA,GSK525762A,46,0.0845020043169904,0.0052821260513848,-0.0385,0.1799,0.297
BRCA,erlotinib,49,0.4787959183673469,0.4326052093448606,-0.0436,0.1741,0.0099
BRCA,BMS-270394,36,0.4242985842985843,0.3700427428035311,-0.052,0.2309,0.0099
BRCA,KU 0060648,34,-0.1157219251336898,-0.2386023187674211,-0.0524,0.2264,0.6238
BRCA,Merck60,33,-0.2824197860962567,-0.5242851241665236,-0.0717,0.2403,0.8218
BRCA,pyrazolanthrone,34,-0.066829640947288,-0.1667910126738506,-0.0835,0.2372,0.4653
BRCA,Afuresertib,44,-0.200507399577167,-0.3359020005236788,-0.0181,0.1968,0.8119
BRCA,alpha-lipoic acid,39,-0.2435222672064777,-0.3563994499822047,-0.0822,0.2167,0.7723
BRCA,BRD-K97651142,35,0.3415126050420168,0.2855905986086179,-0.0429,0.2278,0.0396
BRCA,Palbociclib,45,0.2477733860342556,0.2319645395815987,-0.0427,0.1924,0.0891
BRCA,Compound 7d-cis,27,0.072039072039072,-0.0323999167255126,-0.0701,0.2673,0.3465
BRCA,BRD-K90370028,20,0.2162406015037594,0.1936898621616592,-0.0827,0.2978,0.1881
BRCA,BRD-K88742110,46,-0.0733765032377428,-0.1668045025497955,-0.0515,0.2314,0.5545
BRCA,BRD-K14844214,34,-0.0628619453282395,-0.140614771822854,-0.0586,0.2501,0.5149
BRCA,bosutinib,36,0.3164167584903388,0.2486240628247037,-0.0604,0.2291,0.0396
BRCA,avrainvillamide,23,-0.2876204683802872,-0.4285962654618244,-0.1238,0.2814,0.6931
BRCA,doxorubicin,49,0.3176530612244898,0.2386278247490448,-0.0237,0.2011,0.0396
BRCA,BRD-K80183349,34,0.1687700534759358,0.1102412135669684,-0.0252,0.2214,0.2178
BRCA,CHIR-99021,37,0.2783783783783784,0.2226571755910011,-0.0399,0.2139,0.0891
BRCA,PYR-41,35,0.2485047978641192,0.158466206698982,-0.0508,0.2235,0.1089
BRCA,palmostatin B,22,0.174675069239455,0.0881596062048722,-0.0992,0.2725,0.1782
BRCA,UNC0321,32,-0.0341955748332133,-0.1870989057232744,-0.0549,0.2157,0.4356
BRCA,PF-4800567 hydrochloride,20,-0.152688991617801,-0.2904904770098763,-0.12,0.2919,0.5545
BRCA,SCH-79797,37,0.1426742532005689,0.0895589303340353,-0.058,0.2376,0.2277
BRCA,spautin-1,35,-0.027563025210084,-0.1009496364530555,-0.0824,0.2008,0.3861
BRCA,Uprosertib,44,0.2304721634954193,0.1078619078786161,-0.0033,0.224,0.1683
BRCA,PF-3758309,20,0.0881203007518796,-0.040985202283922,-0.089,0.3229,0.3069
BRCA,tanespimycin,49,-0.094938775510204,-0.1678031865762382,-0.0484,0.1812,0.6238
BRCA,BRD-K02492147,27,-0.0717447726264485,-0.2194565376449828,-0.1044,0.2766,0.4851
BRCA,GSK-LSD1,36,-0.1677220077220077,-0.2699367369406855,-0.0759,0.2312,0.6337
BRCA,lapatinib,48,0.5019322622666087,0.4842305182036617,-0.0458,0.1738,0.0099
BRCA,SGX-523,29,0.0523152709359605,-0.0298345310378006,-0.084,0.2411,0.2673
BRCA,nutlin-3,49,-0.1358979591836734,-0.2054685679204094,-0.0341,0.193,0.7228
BRCA,Repligen 136,35,0.3225210084033613,0.2625622354341079,-0.0098,0.229,0.0693
BRCA,Taselisib,44,0.1382945736434108,0.0883163380142908,-0.0621,0.1821,0.1782
BRCA,BRD-K94991378,31,0.324969772305176,0.2753475879419981,-0.0377,0.2371,0.0792
BRCA,dabrafenib,46,0.0943940795559667,-0.0189425136718244,-0.0434,0.2015,0.2673
BRCA,CPI-637,39,0.4799595141700404,0.4139012279937528,-0.0748,0.2076,0.0099
BRCA,PRIMA-1-Met,44,-0.0809584214235377,-0.1415113668384807,-0.0334,0.2262,0.5644
BRCA,StemRegenin 1,32,-0.2920087976539589,-0.372748774653779,-0.0579,0.2428,0.8218
BRCA,HBX-41108,24,0.1615652173913043,0.0860905066753568,-0.0406,0.2656,0.2376
BRCA,PF-750,33,-0.1355614973262032,-0.2078425862341653,-0.0658,0.2278,0.5941
BRCA,A-366,39,-0.2020242914979757,-0.3323898813532315,-0.0316,0.2207,0.7525
BRCA,erastin,35,0.049859943977591,-0.0042567937243454,-0.0172,0.2376,0.396
BRCA,MK-1775,48,0.596699956578376,0.5715969636590372,-0.041,0.189,0.0099
BRCA,sildenafil,35,-0.0287955182072829,-0.1377355077545939,-0.0646,0.2004,0.4455
BRCA,GMX-1778,35,-0.3393277310924369,-0.4359557435685239,-0.0382,0.2143,0.9307
BRCA,PX-12,34,0.3835294117647058,0.3157817695550689,-0.0369,0.2004,0.0099
BRCA,temozolomide,49,0.2767551020408162,0.2241391576893176,-0.0576,0.1955,0.0495
BRCA,Vismodegib,44,-0.3764622973925299,-0.423323681393435,-0.0337,0.1793,1.0
BRCA,BRD-K66453893,33,0.2216577540106952,0.1632392886741106,-0.0673,0.2405,0.099
BRCA,GDC0810,44,0.3710500352360817,0.3265430604274549,-0.068,0.1912,0.0099
BRCA,FQI-2,33,-0.0987967914438502,-0.1931896451133552,-0.0705,0.2233,0.5446
BRCA,temsirolimus,46,-0.1165710761640456,-0.2141898446400419,-0.0192,0.2052,0.6733
BRCA,AGI-6780,38,0.1213918371813108,0.0218667851213443,-0.0573,0.2156,0.2772
BRCA,Serdemetan,44,-0.0958703312191684,-0.1373274252629031,-0.059,0.2164,0.5644
BRCA,pitstop2,21,0.2597402597402597,0.1024258144062606,-0.0903,0.2784,0.099
BRCA,ascorbate (vitamin C),39,-0.1317408906882591,-0.3040698037486685,-0.0462,0.2347,0.6139
BRCA,cyclophosphamide,46,0.0552204748689485,-0.1045693505164678,-0.0524,0.204,0.3267
BRCA,TGX-221,33,0.2322192513368984,0.1234598757107833,-0.0501,0.2366,0.1188
BRCA,procarbazine,29,0.1141519900270882,-0.0036694335950431,-0.0494,0.242,0.3069
BRCA,fluvastatin,32,0.2151026392961876,0.1660063402738905,-0.0768,0.2309,0.1188
BRCA,BRD-K41597374,33,0.0164786496773212,-0.1540205091616471,-0.0364,0.2403,0.4455
BRCA,pazopanib,33,-0.3323529411764706,-0.501427811884184,-0.011,0.2559,0.8614
BRCA,BRD-K28456706,33,-0.1378342245989305,-0.2098595717086042,-0.0938,0.2114,0.5644
BRCA,quizartinib,34,-0.1623959054323115,-0.2641901686362538,-0.0577,0.2155,0.6733
BRCA,Buparlisib,44,-0.3079633544749823,-0.4158182931012065,-0.0771,0.1908,0.8812
BRCA,16-beta-bromoandrosterone,36,-0.065461098018299,-0.1816484865110166,-0.0732,0.2174,0.495
BRCA,KH-CB19,21,0.0835336192156729,-0.1334375718430113,-0.089,0.2934,0.2673
BRCA,foretinib,49,0.4579183673469387,0.4144857252444831,-0.0388,0.188,0.0099
BRCA,ML029,33,0.0998663101604278,0.0123059745040869,-0.0647,0.1914,0.1683
BRCA,selumetinib,49,0.315673469387755,0.2732871697143936,-0.016,0.1923,0.0594
BRCA,GSK-3 inhibitor IX,31,0.6060483870967742,0.5542518003908836,-0.0876,0.2267,0.0099
BRCA,NSC23766,34,0.2097784568372803,0.1624913876067637,-0.0802,0.258,0.1584
BRCA,GDC-0879,34,-0.1691437803191267,-0.3113077149258665,-0.0524,0.2263,0.6931
BRCA,triptolide,37,0.0566145092460881,0.0135332285720271,-0.0688,0.2049,0.2673
BRCA,Sapitinib,44,0.4370401691331923,0.3903745836203708,-0.0535,0.205,0.0198
BRCA,KHS101,35,0.3236414565826331,0.2494909569645061,-0.0871,0.2392,0.0594
BRCA,SB-525334,33,0.3855614973262032,0.3393922357531175,-0.0751,0.2291,0.0198
BRCA,JQ-1,48,-0.0954407294832826,-0.1880916781010091,-0.0081,0.1861,0.703
BRCA,Wee1 Inhibitor,44,0.4475264270613108,0.4142186119325028,-0.0555,0.2004,0.0099
BRCA,ETP-46464,22,-0.1548277809147374,-0.2890534506854967,-0.1431,0.2784,0.5347
BRCA,Oxaliplatin,44,0.3848062015503876,0.2249267971836887,-0.07,0.2005,0.0099
BRCA,AZD7545,32,-0.1482404692082111,-0.2633669026343006,-0.1026,0.252,0.5644
BRCA,Dihydrorotenone,36,0.3169111969111969,0.2565720785297947,-0.0599,0.199,0.0495
BRCA,AZD6738,44,0.4879210711768851,0.4237457023764825,-0.062,0.1995,0.0099
BRCA,VE821,44,0.4196476391825229,0.3854580239190214,-0.0432,0.1854,0.0099
BRCA,Osimertinib,44,0.5324312896405919,0.5073543734190182,-0.085,0.191,0.0099
BRCA,NPC-26,29,0.0934578948888959,-0.0037841394449214,-0.0853,0.2543,0.2574
BRCA,PD173074,45,0.1914361001317523,0.131099119830008,-0.0288,0.1966,0.1782
BRCA,triazolothiadiazine,37,0.4596491228070175,0.404305857629299,-0.0675,0.2442,0.0198
BRCA,CAY10594,30,-0.4861846496106785,-0.6077763217722877,-0.0306,0.2155,0.9703
BRCA,PF-4708671,42,0.2908516327688194,0.2294661674314424,-0.0516,0.2046,0.0396
BRCA,methotrexate,46,0.1874190564292322,0.1320269953767937,-0.0376,0.2007,0.1584
BRCA,Compound 1541A,33,-0.1447744751302527,-0.2806483856956678,-0.0773,0.2241,0.6139
BRCA,dacarbazine,43,-0.3754152823920266,-0.5072444346928362,-0.003,0.2097,0.9406
BRCA,olaparib,49,-0.0191632653061224,-0.0794092411053407,-0.0694,0.1946,0.396
BRCA,BRD-K48477130,20,0.071578947368421,-0.1165236662258542,-0.1045,0.311,0.3168
BRCA,OSI-930,27,-0.1561660561660561,-0.267623210930727,-0.0666,0.2575,0.6436
BRCA,SB-431542,35,0.1763989079191025,0.1201486132217832,-0.0449,0.2132,0.1683
BRCA,SN-38,48,0.2287234042553191,0.1134959342205608,-0.0584,0.1884,0.0693
BRCA,regorafenib,32,-0.3756598240469208,-0.4885009948098342,-0.0189,0.2359,0.9505
BRCA,necrosulfonamide,22,0.0868435911914173,-0.0132655226768924,-0.09,0.2738,0.2376
BRCA,AGI-5198,44,-0.1327413671599718,-0.3026630661817115,-0.0617,0.2057,0.6832
BRCA,Ch-55,35,0.1754621848739495,0.0964160203100896,-0.0477,0.2268,0.1782
BRCA,LBH-589,35,0.3107563025210084,0.2588472026616174,-0.053,0.2077,0.0297
BRCA,SU11274,34,0.0649094661532235,-0.007042291499464,-0.0751,0.2294,0.2871
BRCA,BRD-K13999467,35,0.1568067226890756,0.0396677056546,-0.0447,0.2048,0.2079
BRCA,GW-405833,35,-0.0056586595838746,-0.0882656533730047,-0.0653,0.2114,0.3762
BRCA,BRD-K85133207,37,-0.2578947368421052,-0.350170199969916,-0.0425,0.1863,0.8515
BRCA,EX-527,32,0.167070051570434,0.1322511910710516,-0.0428,0.2134,0.2079
BRCA,tosedostat,31,0.084758064516129,-0.0239434445098091,-0.0708,0.2336,0.3069
BRCA,BRD-K64610608,37,0.1077069036686175,0.0586513636942257,-0.0492,0.2009,0.2673
BRCA,purmorphamine,33,0.2354474813936128,0.1791773949690403,-0.0637,0.2039,0.0693
BRCA,L-Oxonoreleagnine,36,-0.0858687258687258,-0.150888885915929,-0.0494,0.2236,0.5545
BRCA,Vinorelbine,44,-0.0462579281183932,-0.1008661943940518,-0.0741,0.1906,0.4455
BRCA,cytochalasin B,31,0.2275806451612903,0.1833842970630173,-0.1066,0.2401,0.0891
BRCA,VX-680,43,0.614557535487768,0.5782736305679297,-0.0659,0.2,0.0099
BRCA,BRD-K04800985,35,-0.1878562929181358,-0.2814820588200248,-0.0708,0.2408,0.6634
BRCA,B02,33,-0.0019385026737967,-0.1307119110797569,-0.0602,0.2283,0.4158
BRCA,SGC-CBP30,36,-0.2425740025740025,-0.4454109530655264,-0.0633,0.186,0.8515
BRCA,fluorouracil,49,-0.0706734693877551,-0.1441953736068379,-0.0521,0.2137,0.5941
BRCA,ML203,36,0.1955727155727156,0.1080348016376335,-0.0796,0.2274,0.1683
BRCA,MK-8776,43,0.1302023557837511,0.0612556131365996,-0.0484,0.2015,0.2277
BRCA,OTX015,39,0.2195546558704453,0.1740776946605633,-0.0466,0.2241,0.1188
BRCA,IC-87114,34,-0.1525133689839572,-0.2018467022966802,-0.0536,0.2212,0.6931
BRCA,Lenalidomide,44,-0.1411416490486257,-0.2549158887645983,-0.0512,0.1943,0.7129
BRCA,PLX-4032,35,0.0278822153615081,-0.0278765368572922,-0.0689,0.2134,0.3762
BRCA,hyperforin,35,-0.0027452902931669,-0.1109012826111156,-0.0932,0.2305,0.396
BRCA,Ipatasertib,44,0.075799859055673,-0.0110246721559493,-0.0391,0.2029,0.3564
BRCA,cerulenin,34,0.0886478227654698,-0.0479522677350719,-0.054,0.2245,0.2871
BRCA,SRT-1720,32,0.2464809384164223,0.1604147617017596,-0.0287,0.2271,0.1089
BRCA,bortezomib,49,0.2974489795918367,0.2690223723373647,0.0007,0.1685,0.0099
BRCA,GW441756,41,-0.0094773519163763,-0.1043279723168928,-0.0753,0.1913,0.3564
BRCA,LY-2183240,34,0.0905187564716798,-0.0746663755474387,-0.0442,0.1984,0.2475
BRCA,Fludarabine,36,0.2076705276705276,0.1474075965939278,-0.056,0.2098,0.1188
BRCA,SCH772984,44,0.2638195912614517,0.2068345584776154,-0.0508,0.2286,0.0891
BRCA,BRD8958,32,-0.191565836129049,-0.3149581184656442,-0.0696,0.2538,0.6436
BRCA,PF-573228,35,0.1195518207282913,-0.0026722506708128,-0.0412,0.2459,0.3168
BRCA,ruxolitinib,45,0.0411067193675889,-0.0700323296463362,-0.0648,0.1763,0.2871
BRCA,ZSTK474,35,0.2189355742296919,0.1843379284510322,-0.0492,0.2613,0.2079
BRCA,nilotinib,47,-0.0458603145235892,-0.1264140778317685,-0.0423,0.1964,0.5644
BRCA,XL765,35,0.3135014005602241,0.2832871600329155,-0.0712,0.2334,0.0693
BRCA,avicin D,20,-0.180751879699248,-0.3149507134520397,-0.1006,0.2588,0.604
BRCA,importazole,32,-0.0904692082111436,-0.1833998415770932,-0.0445,0.2464,0.5644
BRCA,staurosporine,47,0.5410037002775209,0.5141196599401443,-0.019,0.1986,0.0099
BRCA,YK 4-279,48,0.3035822839774207,0.2666607627132836,-0.0319,0.1823,0.0495
BRCA,Rucaparib,44,0.0862015503875969,-0.019899166617842,-0.0464,0.2147,0.2475
BRCA,ML083,34,-0.0505768203783356,-0.1264538955990007,-0.0778,0.2582,0.4257
BRCA,ABT-737,49,0.2980204081632652,0.2415991852059418,-0.0435,0.1921,0.0396
BRCA,Mycophenolic acid,40,0.1604878048780488,0.070000364604519,-0.0374,0.2061,0.1881
BRCA,RG-108,35,-0.1302051967616307,-0.3402369601822778,-0.0259,0.2264,0.6733
BRCA,IPR-456,35,0.0416806722689075,-0.0796299777268108,-0.0641,0.2245,0.3564
BRCA,salermide,21,-0.1922077922077922,-0.269217784046353,-0.1115,0.3016,0.6139
BRCA,BRD1812,34,0.3031016042780748,0.2891880998476183,-0.0608,0.2395,0.0693
BRCA,Schweinfurthin A,36,0.2773745173745173,0.242618367575269,-0.099,0.2215,0.0495
BRCA,Elephantin,36,0.0936936936936937,-0.0165177373491227,-0.0516,0.2075,0.2673
BRCA,BRD-K66532283,37,-0.0632053105737316,-0.1571866713403631,-0.0583,0.2289,0.495
BRCA,KX2-391,33,0.0219919786096256,-0.1613824435758554,-0.0556,0.2302,0.3465
BRCA,PHA-793887,32,0.3272727272727272,0.2427318685812205,-0.0684,0.2425,0.0891
BRCA,BRD-K17060750,36,-0.1113070341451533,-0.2049235057131052,-0.0701,0.2611,0.5644
BRCA,Talazoparib,44,0.2051585623678647,0.1231300229676826,-0.0669,0.1709,0.0495
BRCA,NSC 74859,33,0.3006016042780749,0.2539662418699393,-0.0602,0.2249,0.0594
BRCA,AC55649,34,0.1245320501762645,0.0539129037338657,-0.0392,0.204,0.2079
BRCA,skepinone-L,20,-0.2378947368421052,-0.316171648527781,-0.0727,0.3041,0.703
BRCA,PRL-3 inhibitor I,34,0.2658410562853316,0.2110814415065052,-0.0764,0.2182,0.1089
BRCA,omacetaxine mepesuccinate,24,0.2509565217391304,0.1978541195706027,-0.0752,0.2604,0.1287
BRCA,AZD7762,48,0.5552540165002171,0.4941174299979891,-0.0326,0.1735,0.0099
BRCA,NVP-BSK805,35,0.1260504201680672,-0.0673922582131531,-0.0659,0.2016,0.198
BRCA,CBB-1007,20,-0.0353516384533825,-0.2022293200866731,-0.0912,0.2638,0.495
BRCA,BRD-K52037352,27,0.1003663003663003,-0.0765945065441825,-0.0226,0.2401,0.3663
BRCA,BRD-K16147474,28,-0.1851040803316963,-0.3655620292487501,-0.0559,0.2327,0.7129
BRCA,CCT036477,35,0.0839775910364145,0.0002742625647711,-0.0378,0.2286,0.2673
BRCA,AT13387,20,-0.2935338345864661,-0.405953436390627,-0.1302,0.3077,0.6535
BRCA,CAL-101,34,-0.0601069518716577,-0.1139745475945936,-0.0291,0.199,0.5248
BRCA,LY2109761,39,-0.025748987854251,-0.0823532456130694,-0.015,0.2156,0.5149
BRCA,AT13148,44,-0.0858632840028188,-0.3121297784865816,-0.0478,0.2076,0.5941
BRCA,myricetin,32,-0.0793694440140344,-0.1843438836240934,-0.0674,0.238,0.5149
BRCA,PFI3,39,0.0217004048582995,-0.0346728322350344,-0.0879,0.2174,0.3465
BRCA,WAY-362450,34,-0.0183707787888429,-0.1549984445431982,-0.0379,0.2232,0.4653
BRCA,entinostat,48,0.1102692140686061,0.0640437152545684,-0.0529,0.1743,0.198
BRCA,BRD-M00053801,23,-0.0397233201581027,-0.1719933183996308,-0.0547,0.2768,0.4554
BRCA,SGC0946,43,-0.1405919661733615,-0.2056649096621136,-0.0825,0.2024,0.6238
BRCA,istradefylline,20,0.1352388211471952,0.0078775798112928,-0.0854,0.2865,0.2376
BRCA,AZD6482,47,0.0255781683626271,-0.066098601132688,-0.0143,0.1692,0.4356
BRCA,BRD-A71883111,36,-0.0288049424626333,-0.1306463708802285,-0.0714,0.2003,0.4059
BRCA,GSK2830371,40,0.1690056285178236,0.1025438759831321,-0.0901,0.2254,0.1287
BRCA,LRRK2-IN-1,23,-0.4383399209486166,-0.5488143187651218,-0.0928,0.2767,0.8614
BRCA,VU0155056,34,-0.1166386554621848,-0.2557718176693307,-0.0447,0.222,0.6238
BRCA,nelarabine,42,-0.2426869783648003,-0.3557548650657131,-0.079,0.1682,0.8416
BRCA,NU7441,44,0.2129950669485552,0.1682944305519284,-0.0652,0.2104,0.0693
BRCA,serdemetan,31,-0.1276612903225807,-0.2147688941295903,-0.0751,0.2382,0.6238
BRCA,chlorambucil,33,-0.0898470797822304,-0.1294318984849085,-0.0699,0.2004,0.5248
BRCA,SB216763,43,-0.1072485653881002,-0.2191473347239953,-0.006,0.1984,0.6931
BRCA,AZD5363,44,-0.1417054263565891,-0.2635671267375095,-0.0261,0.1923,0.7129
BRCA,PIK-93,32,0.2236070381231671,0.1217301608555988,-0.0561,0.2334,0.1287
BRCA,WEHI-539,43,0.0320446994865599,-0.0503721298196475,-0.0349,0.194,0.3762
BRCA,navitoclax,48,0.1467216673903603,0.0916403619981305,-0.0927,0.1989,0.1386
BRCA,veliparib,49,-0.0531632653061224,-0.153286449434475,-0.0187,0.1835,0.5446
BRCA,NVP-BEZ235,47,-0.1638991674375578,-0.2258569135538252,-0.0657,0.2156,0.6733
BRCA,TG-101348,35,0.3642016806722689,0.3221153257725773,-0.0509,0.2033,0.0297
BRCA,BRD6340,34,-0.2059893048128342,-0.2994494462604392,-0.0305,0.2252,0.7327
BRCA,ML031,28,0.0045977011494252,-0.1708997457141665,-0.0615,0.2257,0.4554
BRCA,OSI-027,48,0.1013026487190621,0.0703973112787479,-0.0896,0.202,0.1584
BRCA,GW-843682X,32,0.1227272727272727,0.0215800160943857,-0.0525,0.2266,0.2574
BRCA,lomeguatrib,35,0.0327170868347338,-0.0365626617781076,-0.0433,0.2323,0.4356
BRCA,PF-184,34,0.1172498090145149,-0.0165177172650823,-0.0637,0.2103,0.2079
BRCA,AZD2014,36,-0.3966023166023166,-0.5554912346914482,-0.0446,0.2023,0.9802
BRCA,IU1,33,-0.1667780748663102,-0.3307781619752351,-0.0107,0.223,0.703
BRCA,neratinib,35,0.3622408963585434,0.3096668864973994,-0.0693,0.2224,0.0198
BRCA,apicidin,37,0.1194404931247036,-0.0076649849365145,-0.0427,0.2412,0.3069
BRCA,Vinblastine,40,-0.0569981238273921,-0.1281656182358873,-0.0307,0.2212,0.5545
BRCA,VE-822,39,0.3382186234817814,0.3023023382253094,-0.0533,0.2125,0.0396
BRCA,BRD8899,36,-0.1702680894017819,-0.3488577889123331,-0.034,0.2492,0.6535
BRCA,AZD5991,36,0.3378635778635779,0.2547130928254195,-0.0569,0.2219,0.0495
BRCA,pandacostat,35,-0.3222354514520306,-0.4143458362225191,-0.0455,0.2207,0.8713
BRCA,GSK2801,36,-0.1405405405405405,-0.2639486742683175,-0.0323,0.1912,0.7129
BRCA,Wnt-C59,39,0.1875708502024292,0.0710096407563095,-0.0424,0.2184,0.1287
BRCA,WZ8040,28,0.3466885604816639,0.2314417051180458,-0.0817,0.239,0.0594
BRCA,BRD-A86708339,20,-0.2896240601503759,-0.4205270412887524,-0.0631,0.2816,0.7525
BRCA,fingolimod,33,0.0772727272727272,-0.0086610637251755,-0.0764,0.2356,0.2871
BRCA,Mitoxantrone,36,0.3217503217503218,0.2276992610820676,-0.0488,0.2389,0.0594
BRCA,XAV939,39,0.1971255060728745,0.1485295713990468,-0.0581,0.2388,0.1881
BRCA,CR-1-31B,34,0.253048128342246,0.1604643239538687,-0.0706,0.2364,0.1188
BRCA,BRD-K71781559,31,0.0093548387096774,-0.075451377531913,-0.0936,0.2239,0.3366
BRCA,daporinad,43,0.1789489580187254,0.1004355179262526,-0.0519,0.2192,0.1782
BRCA,CCT007093,42,0.1111903411392917,0.0767395211908639,-0.0864,0.1921,0.1584
BRCA,JNK Inhibitor VIII,41,-0.0804529616724738,-0.1651441080084268,-0.0686,0.2295,0.5347
BRCA,brefeldin A,34,0.041344537815126,-0.0393195030088714,-0.0652,0.2244,0.396
BRCA,BRD-K99006945,20,0.5088721804511278,0.444402243717932,-0.1378,0.313,0.0396
BRCA,JW-74,23,-0.2809982789021156,-0.3815055331993229,-0.1014,0.2511,0.7129
BRCA,Ulixertinib,44,0.0981254404510218,0.0270650144461654,-0.0454,0.2003,0.2673
BRCA,crizotinib,49,0.3681632653061223,0.345289087725278,-0.0396,0.1934,0.0396
BRCA,parthenolide,33,0.0940508021390374,-0.002070830001574,-0.0711,0.2305,0.2475
BRCA,imatinib,34,0.1595538242871845,0.0369878434685219,-0.0724,0.2061,0.1485
BRCA,Bax channel blocker,34,0.4357219251336898,0.3767214661235951,-0.0557,0.2234,0.0198
BRCA,AZD8055,48,0.0070125922709509,-0.1072482261711326,-0.0533,0.1742,0.3762
BRCA,GANT-61,31,-0.027543099242706,-0.152124299473543,-0.0543,0.2484,0.4752
BRCA,AMG-319,43,-0.0149501661129568,-0.1046205369295433,-0.0135,0.1929,0.5644
BRCA,R428,22,-0.1593450028232637,-0.3033335734213234,-0.1409,0.2704,0.5644
BRCA,RITA,37,0.3444760550023708,0.3043005907197446,-0.0517,0.2039,0.0198
BRCA,AZD1332,36,0.3453796653796654,0.2912666712072814,-0.0742,0.2176,0.0495
BRCA,BRD-K37390332,36,0.1159629286633075,0.0301864184217507,-0.0451,0.2131,0.2277
BRCA,HKMTI-1-005,41,-0.1544947735191638,-0.2584801333087281,-0.0537,0.2057,0.6832
BRCA,CD-437,34,0.174576012223071,0.0876808381223614,0.003,0.2088,0.2277
BRCA,CAY10576,32,0.2538250930216413,0.1662549680862243,-0.0407,0.259,0.1485
BRCA,Ki8751,31,-0.3367741935483871,-0.442715277296886,-0.065,0.2215,0.8614
BRCA,GDC-0941,49,0.211734693877551,0.1218097918759363,-0.0551,0.1749,0.0693
BRCA,WP1130,35,-0.1210448913956554,-0.234570044114411,-0.0281,0.2227,0.6238
BRCA,trametinib,46,0.5538205365402405,0.5204696449071151,-0.0404,0.1918,0.0099
BRCA,AZD8186,44,-0.1521916842847075,-0.3015578660420188,-0.0368,0.2093,0.6634
BRCA,ML334 diastereomer,20,-0.3124812030075188,-0.4491399692589078,-0.0898,0.2852,0.7228
BRCA,valdecoxib,35,-0.1993277310924369,-0.2981820008211574,-0.0422,0.2222,0.7822
BRCA,HLI 373,36,-0.3001287001287002,-0.4069412519375893,-0.0455,0.2191,0.8515
BRCA,NSC48300,34,-0.3510771581359816,-0.4322324814578346,-0.0717,0.2393,0.8416
BRCA,ouabain,33,0.2359625668449198,0.1235001555387847,-0.0119,0.226,0.1584
BRCA,ABT-199,47,-0.2612164662349676,-0.3746795261264076,-0.0489,0.1809,0.8713
BRCA,BMS-754807,49,0.350469387755102,0.2919163485513169,-0.0142,0.1886,0.0099
BRCA,elocalcitol,31,0.4332258064516129,0.4020079644754563,-0.0802,0.2526,0.0099
BRCA,EHT-1864,43,0.1103292056780429,0.0618401113083362,-0.0583,0.2096,0.2574
BRCA,NVP-ADW742,48,0.2021059487624837,0.1061828431463879,-0.0551,0.1855,0.099
BRCA,AT-406,21,0.6062337662337661,0.5600325391025551,-0.0837,0.3035,0.0099
BRCA,EPZ5676,44,-0.0665539112050739,-0.1658360104213391,-0.0405,0.2065,0.5446
BRCA,Cisplatin,45,0.0405533596837944,-0.0419425826892631,-0.0729,0.185,0.2871
BRCA,narciclasine,33,0.2946524064171124,0.2175105987809624,-0.0413,0.2026,0.0693
BRCA,Gallibiscoquinazole,36,0.0501415701415701,-0.0089805462287321,-0.0523,0.2222,0.396
BRCA,AT7867,33,0.2324866310160428,0.1642847579038565,-0.0428,0.2396,0.1287
BRCA,NSC95397,31,-0.3965315668443238,-0.4800538145333212,-0.0586,0.2625,0.8812
BRCA,AZD1208,36,-0.042059202059202,-0.2069995101458495,-0.063,0.2194,0.505
BRCA,COL-3,24,-0.2947826086956521,-0.4297557658953755,-0.0641,0.2567,0.7822
BRCA,BMS-345541,39,0.2990688259109312,0.2224359150751779,-0.0317,0.2147,0.0495
BRCA,MST-312,49,0.2333469387755102,0.1531189785621282,-0.0464,0.1916,0.0792
BRCA,BRD9876,32,0.1995784079503018,0.1646449389247585,-0.0833,0.2378,0.1287
BRCA,sorafenib,49,0.3210204081632652,0.2919902169823584,-0.0594,0.1804,0.0396
BRCA,SB590885,43,-0.0379643612201751,-0.097455680508391,-0.061,0.1834,0.4356
BRCA,MI-1,27,-0.097069597069597,-0.259084658476635,-0.0806,0.2549,0.505
BRCA,oligomycin A,36,0.4653281853281854,0.4434124724883051,-0.0863,0.2341,0.0198
BRCA,KRAS (G12C) Inhibitor-12,39,-0.227408906882591,-0.2630392054132553,-0.0229,0.209,0.8119
BRCA,GSK1904529A,44,-0.168738548273432,-0.2556782775482171,-0.0258,0.1813,0.7921
BRCA,pevonedistat,49,0.3051020408163265,0.2804548503070616,-0.0494,0.1612,0.0198
BRCA,linifanib,35,-0.021344537815126,-0.0990047925860707,-0.0267,0.2128,0.505
BRCA,SB-225002,37,-0.0774300616405879,-0.1707908842871757,-0.044,0.2141,0.5941
BRCA,BRD-A02303741,32,-0.1636230399708684,-0.2970063606134142,-0.0674,0.2523,0.5644
BRCA,methylstat,24,0.1584347826086956,0.0834562619591778,-0.0673,0.2808,0.2376
BRCA,silmitasertib,34,0.2337967914438502,0.1180204774782505,-0.095,0.2265,0.099
BRCA,L-685458,33,-0.4162446743036145,-0.4884021913352079,-0.0775,0.2233,0.9307
BRCA,NSC30930,34,-0.3043166026147833,-0.440982604465536,-0.053,0.238,0.8416
BRCA,BIRB-796,47,0.1455827937095282,0.1127567691238841,-0.0389,0.2104,0.2079
BRCA,NVP-231,36,0.164993564993565,0.0901908401619331,-0.0743,0.205,0.1683
BRCA,MLN2238,32,0.2544721407624633,0.1607902092897995,-0.108,0.2234,0.0594
BRCA,AZD3759,44,-0.1579985905567301,-0.2206671851721461,-0.0403,0.2061,0.7426
BRCA,BRD-K61166597,33,-0.2982620320855615,-0.3535550708618981,-0.06,0.2401,0.8317
BRCA,bexarotene,34,-0.0754699714303714,-0.1344175726444122,-0.0805,0.2348,0.5248
BRCA,pluripotin,34,0.4900534759358287,0.4388901572675004,-0.0648,0.2367,0.0198
BRCA,SCH-529074,31,0.3917741935483871,0.3437692687555031,-0.0642,0.2414,0.0396
BRCA,belinostat,20,-0.196390977443609,-0.3301982577195628,-0.1209,0.2833,0.604
BRCA,HC-067047,29,-0.0977952957288606,-0.2469072340296781,-0.0358,0.2688,0.6337
BRCA,Luminespib,44,0.0733756166314305,0.0405790869201101,-0.0274,0.1848,0.3069
BRCA,RVX-208,39,0.0294331983805668,-0.0654804574302188,-0.0251,0.2216,0.4356
BRCA,ML311,36,0.0216216216216216,-0.0380092315456798,-0.0553,0.2369,0.4158
BRCA,STF-31,33,-0.2501336898395722,-0.408880401409244,-0.0649,0.2258,0.8119
BRCA,tamatinib,34,0.1063488428499142,0.0139731411247844,-0.0644,0.2052,0.2178
BRCA,tamoxifen,48,0.0357794181502388,-0.1254113831469063,-0.0333,0.2035,0.4455
BRCA,KPT185,21,0.2288311688311688,0.1356925730905795,-0.1324,0.2995,0.1386
BRCA,azacitidine,43,0.0214436726064633,-0.1378005094227911,-0.0032,0.2063,0.4851
BRCA,C6-ceramide,33,-0.1684966998445772,-0.2683892281374394,-0.0505,0.2263,0.7228
BRCA,PF-543,34,-0.1313063407181054,-0.1650083031240333,-0.0541,0.2323,0.604
BRCA,teniposide,41,0.4727526132404182,0.4290410814314384,-0.0248,0.194,0.0198
BRCA,ML239,35,-0.0021288515406162,-0.1029162914860266,0.007,0.2092,0.5248
BRCA,mitomycin,34,-0.0741023682200152,-0.2656964752989341,-0.0624,0.1911,0.5545
BRCA,etomoxir,36,0.1293004700534471,0.0733370730410724,-0.0661,0.2219,0.198
BRCA,BRD-K51490254,31,-0.2151612903225806,-0.3588904421474181,-0.0257,0.2613,0.7525
BRCA,Ko-143,33,0.3475557796040298,0.2833204235020926,-0.0485,0.222,0.0495
BRCA,Mdivi-1,33,0.3670454545454545,0.3107354513272149,-0.0777,0.2087,0.0099
BRCA,cucurbitacin I,33,-0.0683823529411764,-0.2487784797418928,-0.0448,0.2468,0.5446
BRCA,sotrastaurin,23,0.0016802570317748,-0.1373219685643663,-0.0387,0.2916,0.4851
BRCA,BRD-K70511574,33,0.0741978609625668,-0.0191311851417943,-0.0686,0.2388,0.2871
BRCA,BRD-K92856060,37,0.0375555687933745,0.0238824456301895,-0.0658,0.2086,0.3564
BRCA,ZM447439,44,0.3322057787174066,0.2469712117681822,-0.0544,0.1967,0.0297
BRCA,vincristine,36,0.0104504504504504,-0.0887647697061441,-0.0733,0.2069,0.3564
BRCA,Romidepsin,36,-0.1103732303732303,-0.2320100301735385,-0.0584,0.2389,0.5743
BRCA,pifithrin-alpha,35,-0.2394565451631711,-0.3245859830912982,-0.0415,0.2204,0.8218
BRCA,BRD9647,35,0.2811764705882353,0.2134076998314295,-0.0591,0.2246,0.0396
BRCA,canertinib,35,0.5549019607843138,0.5412006487465163,-0.0414,0.2266,0.0099
BRCA,cabozantinib,34,-0.0628619453282395,-0.1044996916104092,-0.0412,0.2068,0.5743
BRCA,BIX-01294,31,0.0843548387096774,0.0111109073873739,-0.0271,0.2173,0.297
BRCA,SID 26681509,29,0.0597044334975369,0.0150494959399066,-0.0684,0.2346,0.3366
BRCA,birinapant,34,0.360427807486631,0.2776671870150693,-0.0685,0.232,0.0099
BRCA,YM-155,33,0.0663101604278074,-0.0148803132055431,-0.0022,0.2237,0.3861
BRCA,saracatinib,33,0.4080882352941177,0.3259658893538275,-0.0519,0.227,0.0198
BRCA,SNS-032,30,-0.0614460511679644,-0.2678614579582659,-0.0148,0.2191,0.6436
BRCA,rigosertib,31,-0.0353225806451612,-0.0949652888589918,-0.0438,0.2442,0.505
BRCA,BRD-K33514849,36,0.1816731016731017,0.0861319625556594,-0.0391,0.2205,0.1485
BRCA,bleomycin A2,46,0.2716620413197656,0.2182187257056064,-0.0362,0.1739,0.0594
BRCA,SR1001,36,0.0731719900668561,-0.0053820034664214,-0.0207,0.2375,0.396
BRCA,Niraparib,39,0.161417004048583,0.0502716398161415,-0.0375,0.2147,0.1683
BRCA,JW-480,32,0.1390156728412095,0.061749917735307,-0.0142,0.2298,0.2871
BRCA,BIBR-1532,49,-0.0623061224489795,-0.1244046119636207,-0.023,0.1973,0.5545
BRCA,SB-743921,34,0.2781665393430098,0.1701316324531786,-0.031,0.2233,0.0594
BRCA,Acetalax,36,0.3828571428571429,0.3573207414574724,-0.026,0.2165,0.0297
BRCA,dinaciclib,41,0.2171777003484321,0.107480507049207,-0.0523,0.2064,0.1485
BRCA,GSK-LSD1-2HCl ,39,0.1598785425101214,0.0723327331112691,-0.0641,0.2022,0.1188
BRCA,linsitinib,48,0.07405557967868,-0.0370599092446835,-0.0317,0.212,0.3564
BRCA,NSC632839,35,0.0070028011204481,-0.0393579957985545,-0.0529,0.2281,0.3861
BRCA,semagacestat,35,0.5126610644257703,0.4674252469253772,-0.0921,0.2318,0.0099
BRCA,tipifarnib-P1,36,0.1057915057915058,0.0319469693184648,-0.0291,0.2054,0.2871
BRCA,AA-COCF3,35,-0.0508123249299719,-0.108760973928889,-0.0631,0.2373,0.4752
BRCA,ciclosporin,30,-0.3010011123470522,-0.4178230679434526,-0.0483,0.2436,0.8416
BRCA,BRD4132,32,-0.3590505010039045,-0.4866413681443836,-0.0429,0.226,0.901
BRCA,TW-37,38,-0.2855235802604223,-0.3691636207609344,-0.0677,0.2009,0.8515
BRCA,A-804598,24,-0.3683478260869565,-0.4740017211382441,-0.0937,0.2665,0.8515
BRCA,BMS-345541,32,-0.0773460410557184,-0.3007283646113277,-0.0463,0.2368,0.6139
BRCA,N-acetyl cysteine,39,-0.2278542510121458,-0.3220291313484006,-0.069,0.2028,0.7723
BRCA,BEN,36,0.3016731016731017,0.2625673306643227,-0.0295,0.2332,0.0891
BRCA,BRD-K45681478,35,0.493781512605042,0.4574928531495735,-0.0297,0.23,0.0099
BRCA,MN-64,39,-0.1248178137651822,-0.2080086612860837,-0.0155,0.2108,0.6832
BRCA,BRD-K02251932,35,0.0494117647058823,-0.1124827142441251,-0.0474,0.2172,0.3564
BRCA,DBeQ,32,-0.1769794721407624,-0.3605929989869831,-0.0533,0.2364,0.6535
BRCA,Sepantronium bromide,44,-0.1797603946441155,-0.3207155110243824,-0.0342,0.2089,0.7525
BRCA,gossypol,36,0.2205405405405405,0.1324186938252272,-0.0581,0.195,0.099
BRCA,LMP744,36,0.1792535392535392,0.1304883833347571,-0.0894,0.247,0.1386
BRCA,GSK1059615,23,-0.1377470355731225,-0.2157255763035566,-0.1074,0.2673,0.5248
BRCA,sirolimus,49,0.275938775510204,0.2195551466805517,-0.0235,0.1996,0.0693
BRCA,betulinic acid,31,-0.0309122829145544,-0.1878870457938827,-0.0785,0.2231,0.4059
BRCA,BRD1835,37,0.1355144618302512,-0.0091317409087275,-0.0383,0.2325,0.2673
BRCA,tacrolimus,31,-0.1846960388456714,-0.2744936151686954,-0.0562,0.2401,0.7327
BRCA,lovastatin,35,0.4912605042016807,0.4621689918001215,-0.0793,0.2315,0.0099
BRCA,UNC0638,43,0.2239504681365146,0.1640395138860522,-0.0551,0.1878,0.0693
BRCA,NVP-TAE684,35,0.1936550183332945,0.1501908562130572,-0.0478,0.2126,0.1485
BRCA,BRD-K19103580,32,0.1905425219941348,0.1075888573593154,-0.035,0.2226,0.1881
BRCA,marinopyrrole A,22,-0.2722755505364201,-0.3311280520029626,-0.1288,0.2773,0.6931
BRCA,barasertib,33,-0.1298128342245989,-0.3371139589680101,-0.0503,0.239,0.604
BRCA,Sabutoclax,39,0.2298380566801619,0.1567670206998602,-0.025,0.216,0.1584
BRCA,BRD-K24690302,36,0.0737709137709137,-0.0276134809866879,-0.0589,0.2361,0.3366
BRCA,paclitaxel,48,0.5639600521059487,0.5247899375753473,-0.0156,0.196,0.0099
BRCA,Refametinib,44,0.3292177589852008,0.2845823011723862,-0.0404,0.1968,0.0396
BRCA,PRIMA-1,32,0.3620199813573164,0.2855968961411278,-0.0438,0.2311,0.0396
BRCA,KU-0063794,31,0.1741129032258064,0.0989053313958243,-0.0544,0.2405,0.1782
BRCA,obatoclax,33,0.3602272727272727,0.2960022116445895,-0.0505,0.221,0.0396
BRCA,BRD-K35604418,46,0.1155349984582176,0.0486982862006645,-0.0391,0.2008,0.2772
BRCA,Ribociclib,43,0.2553609181516158,0.2182931279540068,-0.059,0.2296,0.0693
BRCA,axitinib,48,0.2966565349544073,0.2275135106572062,-0.0017,0.1863,0.0891
BRCA,niclosamide,30,-0.0200667408231368,-0.0866474141959924,-0.046,0.2699,0.4752
BRCA,Dactinomycin,44,0.0982945736434108,0.0234286685167102,-0.0532,0.1838,0.1782
BRCA,SJ-172550,33,0.2286777623107734,0.1499101796713111,-0.0796,0.2208,0.0792
BRCA,P22077,44,-0.0095560253699788,-0.1110204731207842,-0.0637,0.2097,0.4554
BRCA,WIKI4,44,0.2064270613107822,0.1331279829279245,-0.0671,0.2017,0.0792
BRCA,zebularine,37,-0.2673226250917283,-0.3787859886050923,-0.0744,0.2314,0.8119
BRCA,BRD-K29313308,31,-0.1619354838709677,-0.3143414837637865,-0.0946,0.2161,0.5941
BRCA,AZD5153,36,0.3476447876447877,0.2422300714316982,-0.0535,0.2077,0.0198
BRCA,PL-DI,36,0.3913513513513514,0.2993923992441398,-0.0462,0.2297,0.0198
BRCA,glutathione,39,-0.1255870445344129,-0.2371128940487825,-0.0727,0.2087,0.6238
BRCA,CZC24832,39,0.1832388663967611,0.1548860148611316,-0.0938,0.1956,0.0792
BRCA,simvastatin,33,0.2465909090909091,0.1139095258873959,-0.0766,0.2397,0.099
BRCA,TPCA-1,31,0.525241935483871,0.5068686776753767,-0.1071,0.2234,0.0099
BRCA,KU-60019,34,-0.1316119174942704,-0.2330894426191218,-0.0525,0.2373,0.6238
BRCA,ciclopirox,31,0.1524193548387097,0.0532828452742912,-0.0828,0.2158,0.1584
BRCA,WZ4003,39,-0.0442105263157894,-0.1090791637628945,-0.0478,0.216,0.5545
BRCA,gemcitabine,48,0.0039079461571862,-0.0969656710355215,-0.0233,0.1782,0.4059
BRCA,indisulam,35,0.1211764705882353,0.0492422043838476,-0.0574,0.2237,0.2178
BRCA,SMER-3,31,0.2966935483870968,0.2307376368364985,-0.0384,0.2242,0.0693
BRCA,tretinoin,38,0.2309443046285151,0.1907181268947141,-0.0496,0.2282,0.1584
BRCA,BRD-K71935468,31,0.5273918768610677,0.4788402316664482,-0.0448,0.2223,0.0099
BRCA,Picolinici-acid,38,0.0723711565816828,0.0243227712297877,-0.0375,0.224,0.3366
BRCA,GSK2606414,39,-0.108582995951417,-0.2119609042767226,-0.0666,0.2001,0.5644
BRCA,CAY10618,32,0.0300586510263929,-0.0490013614289535,-0.0304,0.2049,0.4158
BRCA,necrostatin-7,36,0.2919879020139858,0.2471504447064296,-0.0165,0.1946,0.0594
BRCA,tivozanib,36,-0.1317716715515819,-0.2560944190251908,-0.0473,0.2146,0.6535
BRCA,BCL-LZH-4,20,-0.4198496240601503,-0.5252748130375201,-0.1051,0.2786,0.9109
BRCA,BYL-719,46,0.2790132593277829,0.2207650712465909,-0.0636,0.1951,0.0396
BRCA,PD0325901,44,0.468076109936575,0.4536559197971262,-0.0546,0.1909,0.0099
BRCA,AZ960,39,0.4097165991902834,0.3520239285187923,-0.0384,0.2171,0.0198
BRCA,AGK-2,48,0.0036039947894051,-0.077508974066468,-0.0345,0.1855,0.4455
BRCA,neuronal differentiation inducer III,33,0.0641711229946524,-0.0045742318901615,-0.0637,0.2327,0.3069
BRCA,AM-580,32,0.289516129032258,0.2120605172986444,-0.0445,0.2372,0.0792
BRCA,PI-103,37,0.0288288288288288,-0.0858861622336041,-0.058,0.1944,0.3465
BRCA,POMHEX,39,0.3284210526315789,0.2714607994193629,-0.0837,0.2285,0.0594
BRCA,GSK591,44,-0.3912050739957716,-0.4824546582368236,-0.0271,0.2048,0.9505
BRCA,isoevodiamine,33,0.2108130700098688,0.0831088142411551,-0.0306,0.2439,0.198
BRCA,PRT062607,39,-0.0150202429149797,-0.063424515825756,-0.0414,0.2009,0.5149
BRCA,"1S,3R-RSL-3",35,0.0731652661064425,-0.0130642715483983,-0.0648,0.2278,0.3267
BRCA,necrostatin-1,33,-0.0439839572192513,-0.1622112545879986,-0.0215,0.2428,0.5446
BRCA,PFI-1,43,0.2625792811839323,0.220018971665858,-0.0176,0.1939,0.0792
BRCA,SR-II-138A,35,0.1478991596638655,0.0455675895112294,-0.0541,0.2236,0.2079
BRCA,SZ4TA2,20,0.4177715581132455,0.2878865259328428,-0.0789,0.2849,0.0594
BRCA,MG-132,45,0.4074571805006587,0.3674099601350343,-0.0286,0.2144,0.0198
BRCA,Bosutinib,44,-0.0244679351656095,-0.0723138061902847,-0.0203,0.2082,0.4851
BRCA,ML258,36,-0.1062359227375226,-0.2161676461568052,-0.0618,0.2458,0.6139
BRCA,tivantinib,20,0.3972932330827067,0.3234065218676119,-0.0333,0.2925,0.0792
BRCA,topotecan,43,0.1126245847176079,0.0286266706003538,-0.0498,0.2376,0.2574
BRCA,ICL-SIRT078,41,0.1199651567944251,0.031859813973059,-0.0452,0.1934,0.1881
BRCA,thalidomide,20,0.2261654135338345,0.0839610722448273,-0.1102,0.3053,0.1881
BRCA,MGCD-265,33,0.3613636363636364,0.2427871689334858,-0.0665,0.2358,0.0297
BRCA,LCL161,39,-0.1895546558704453,-0.2697172556142101,-0.0586,0.237,0.6832
BRCA,cytarabine hydrochloride,45,-0.0764953886693017,-0.1794050554032461,-0.0474,0.2316,0.5941
BRCA,vandetanib,31,0.4081451612903226,0.3257802762846485,-0.0692,0.2319,0.0198
BRCA,Lestaurtinib,44,0.1944467935165609,0.1105450940575778,-0.0687,0.1855,0.1287
BRCA,TG-100-115,33,0.2269385026737968,0.1897036603357,-0.0573,0.2424,0.1386
BRCA,MK-2206,47,0.2735198889916744,0.246719283443491,-0.039,0.1842,0.0495
BRCA,GSK343,44,-0.4849330514446793,-0.5805200318453106,-0.0796,0.2071,0.9703
BRCA,afatinib,49,0.2932244897959183,0.246267036713367,-0.0544,0.1925,0.0396
BRCA,ML162,35,0.1093557422969187,0.0510518761525388,-0.0642,0.2048,0.2079
BRCA,dexamethasone,31,0.1955645161290322,0.0399452035503854,-0.0919,0.2144,0.1386
BRCA,CID-5951923,33,0.1241056572205002,0.0809585917215163,-0.0471,0.2702,0.2772
BRCA,fumonisin B1,32,-0.1525525891652914,-0.2608447723277526,-0.0883,0.2349,0.6238
BRCA,Irinotecan,44,0.191092318534179,0.1194342883897727,-0.0541,0.206,0.1188
BRCA,tandutinib,34,-0.0344385026737967,-0.091613436623471,-0.08,0.2382,0.4752
BRCA,Bromosporine,36,0.3506821106821107,0.2949156240838499,-0.0611,0.202,0.0297
BRCA,PDMP,30,-0.1081321621998769,-0.1948106180371662,-0.0778,0.2229,0.5941
BRCA,piperlongumine,38,-0.0010285589232957,-0.0603321066760566,-0.0554,0.2271,0.4257
BRCA,tacedinaline,20,-0.2700751879699248,-0.4132475339897478,-0.0575,0.2717,0.7624
BRCA,curcumin,32,0.3321114369501466,0.2901614745683888,-0.0147,0.2225,0.0396
BRCA,phloretin,31,0.2202419354838709,0.1591180580520547,-0.0469,0.2492,0.198
BRCA,Pyridostatin,43,0.0111144669284204,-0.0481743217795401,-0.0026,0.207,0.5347
BRCA,Leflunomide,39,0.2227125506072874,0.157995908162905,-0.066,0.2093,0.0693
BRCA,itraconazole,36,0.0676622061561217,0.0113407551808222,-0.0798,0.2144,0.2772
BRCA,ML210,36,0.2014414414414414,0.1413556962549794,-0.0586,0.2441,0.1683
BRCA,etoposide,33,0.1968582887700534,0.0769365558406259,-0.0792,0.2204,0.1287
BRCA,Podophyllotoxin bromide,36,-0.1528957528957529,-0.2329615873443744,-0.0771,0.2126,0.6139
BRCA,AZD4547,47,0.0060129509713228,-0.0423295269084961,-0.0318,0.212,0.4356
BRCA,Camptothecin,44,0.1557716701902748,0.0322353649621324,-0.0897,0.1897,0.1386
BRCA,BRD-K50799972,34,0.0546413020159904,-0.0579925768563189,-0.0342,0.2192,0.3564
BRCA,ML323,39,0.2348987854251011,0.1295766312134704,-0.0368,0.216,0.1287
BRCA,I-BET151,35,0.2337698724130396,0.1237586193466083,-0.0548,0.218,0.1287
BRCA,MLN2480,20,-0.0186466165413533,-0.0985175817310417,-0.1016,0.2811,0.3663
BRCA,fulvestrant,46,0.4714523589269195,0.4468909098023202,-0.0822,0.2051,0.0099
BRCA,austocystin D,32,0.5372434017595308,0.4851202263133048,-0.0492,0.2678,0.0099
BRCA,BRD-K09587429,28,-0.2877069011216233,-0.42601248610442,-0.0541,0.2456,0.8119
BRCA,erismodegib,37,-0.1983047837044093,-0.2901435676281815,-0.0431,0.2249,0.7426
BRCA,vorinostat,48,0.2997177594442032,0.2735131461776259,-0.0485,0.1865,0.0396
BRCA,CI-976,33,-0.1432681551302405,-0.2246942817109233,-0.0185,0.2136,0.7129
BRCA,BRD-K26531177,30,0.0496996662958843,-0.0066406222273239,-0.0556,0.2191,0.3366
BRCA,GSK2578215A,44,0.1336715997181113,0.0157685587184213,-0.04,0.2088,0.2277
BRCA,AZ6102,44,-0.035461592670895,-0.1769882001733377,-0.0727,0.1925,0.396
BRCA,brivanib,33,0.2239973262032085,0.1499059295391947,-0.0526,0.2316,0.1287
BRCA,clofarabine,36,0.1905767313423185,0.1387508998404328,-0.0532,0.2192,0.1188
BRCA,UNC0379,39,-0.0664372469635627,-0.1500304395802939,-0.0577,0.1961,0.5149
BRCA,BMS-195614,34,-0.0528342245989304,-0.1712575788902296,-0.0143,0.219,0.5644
BRCA,N9-isopropylolomoucine,36,0.4077734877734878,0.3769601136637928,-0.0676,0.211,0.0297
BRCA,prochlorperazine,30,-0.1256952169076751,-0.2819200344739502,-0.0601,0.2439,0.6238
BRCA,sunitinib,33,0.1309491978609625,0.0166716984348315,-0.1085,0.2615,0.2277
BRCA,BRD-K34222889,35,0.2769747899159664,0.1636763229269182,-0.0557,0.2264,0.0495
BRCA,masitinib,33,0.2001336898395722,0.1558343777518482,-0.0666,0.2177,0.0891
BRCA,AZD5438,36,0.3401287001287002,0.3073015414207748,-0.0657,0.2308,0.0594
BRCA,AZD5582,38,0.1003829740671845,0.0098253585011031,-0.0556,0.2051,0.2673
BRCA,epigallocatechin-3-monogallate,28,0.210727969348659,0.1204624501955797,-0.0575,0.2344,0.1683
BRCA,lenvatinib,34,-0.3368018957037082,-0.4655703786781899,-0.0556,0.2283,0.8614
BRCA,bardoxolone methyl,34,0.3043850267379679,0.2802305235312127,-0.1034,0.2675,0.099
BRCA,IWP-2,39,0.0519838056680162,-0.0094586496148222,-0.0698,0.217,0.3465
BRCA,I-BRD9,44,0.1725722339675827,0.1060998999573006,-0.0517,0.1985,0.1683
BRCA,UMI-77,40,-0.0275797373358348,-0.1032674344809376,-0.0466,0.1862,0.4653
BRCA,VX-11e,44,0.1481324876673714,0.1013124862643281,-0.0314,0.1888,0.2277
BRCA,ISOX,32,-0.1056451612903225,-0.2221333043719592,-0.0638,0.2245,0.5842
BRCA,EPZ004777,44,-0.2707258632840028,-0.397385774516423,-0.0186,0.2142,0.8515
BRCA,BRD-K33199242,36,0.1338824894979053,0.0560085766027669,-0.0578,0.2252,0.198
BRCA,GSK4112,34,-0.32036060907921,-0.5700643070718154,-0.0581,0.2209,0.8515
BRCA,Remodelin,21,0.3641558441558442,0.2016098852385872,-0.0537,0.2934,0.0792
BRCA,decitabine,35,0.3080888024923439,0.2708117834499242,-0.0393,0.1973,0.0297
BRCA,ML006,35,-0.0270607186040738,-0.0946019681813802,-0.0791,0.2103,0.4356
BRCA,MK-0752,34,0.0555046033771858,-0.0520972452693796,-0.054,0.2069,0.3267
BRCA,Avagacestat,44,0.2803382663847779,0.210164669831202,-0.0551,0.2176,0.1089
BRCA,gefitinib,48,0.298762483716891,0.2084591520191709,-0.0315,0.1645,0.0198
BRCA,BRD-K55116708,32,-0.2130546531220855,-0.3381438725236565,-0.0795,0.2388,0.703
BRCA,manumycin A,34,0.1445072574484339,0.065653425007172,-0.0519,0.232,0.198
BRCA,RO-3306,43,0.0421624886741165,-0.0024305239444672,0.0063,0.1852,0.4356
BRCA,GNE-317,43,-0.1189066747206282,-0.2206366084523603,-0.0232,0.2092,0.6733
BRCA,BI-2536,48,0.4264437689969605,0.3975996099035296,-0.0553,0.1809,0.0099
BRCA,Zoledronate,36,-0.1770913770913771,-0.3097537120706363,-0.044,0.2298,0.7327
BRCA,KU-55933,48,0.0782023447676943,0.0009398331633496,-0.0396,0.1911,0.2772
BRCA,Entospletinib,39,0.2096356275303643,0.156974109505655,-0.0386,0.2088,0.1188
BRCA,GSK2636771,24,-0.4330724007452208,-0.5294460100834742,-0.0484,0.2701,0.901
BRCA,VAF-347,22,0.1950255627430808,0.0662146648463525,-0.0872,0.27,0.1485
BRCA,cediranib,46,0.2292815294480419,0.1658634523982022,-0.0668,0.2044,0.0792
BRCA,PD318088,34,0.3699618029029793,0.3492000697683014,-0.0496,0.229,0.0198
BRCA,LGK974,44,0.1629034531360112,0.1044057130433659,-0.062,0.2271,0.1584
BRCA,Savolitinib,44,0.0916420014094432,0.0748852960814135,-0.0392,0.2099,0.3267
BRCA,ibrutinib,42,0.5149825783972125,0.4851489925174102,-0.0381,0.1813,0.0099
BRCA,nintedanib,31,-0.2329838709677419,-0.3253527359409633,-0.0627,0.2649,0.703
BRCA,RAF265,25,0.2958461538461538,0.2756599611310487,-0.0578,0.2607,0.0891
BRCA,leptomycin B,35,0.4252661064425771,0.3882744869130519,-0.0444,0.2427,0.0198
BRCA,Mirin,39,0.2952631578947368,0.2605161687668367,-0.0358,0.2056,0.0594
BRCA,BRD-K11533227,29,-0.1580295566502462,-0.2329840474803524,-0.0938,0.2339,0.5644
BRCA,GSK2110183B,36,0.1754440154440154,0.0892483319711009,-0.0467,0.2253,0.198
BRCA,ceranib-2,33,0.2975935828877005,0.2626798354673886,-0.0491,0.2471,0.1188
BRCA,Sinularin,36,0.2310939510939511,0.1307974405039859,-0.0211,0.2147,0.1188
BRCA,ML050,34,0.4330328495034377,0.4218317285666519,-0.0278,0.2273,0.0396
BRCA,compound 1B,33,-0.0870320855614973,-0.1319882509215838,-0.0763,0.2272,0.495
BRCA,GSK269962A,42,0.3021959322583259,0.1956728053152438,-0.0329,0.2188,0.0792
BRCA,PAC-1,31,0.2400806451612903,0.1339863219076925,-0.0555,0.2362,0.1485
BRCA,parbendazole,34,-0.0053475935828876,-0.0572209898821061,-0.0535,0.211,0.4257
BRCA,CD-1530,33,-0.0427807486631016,-0.0919152583428093,-0.052,0.2114,0.4455
BRCA,bendamustine,33,0.1006016042780749,0.0127394971570867,-0.0493,0.2379,0.2871
BRCA,AZ-3146,30,-0.1484760845383759,-0.2287801247506446,-0.0316,0.2348,0.7129
BRCA,OF-1,39,0.1542914979757084,0.0511132025778058,-0.0303,0.1977,0.2178
BRCA,LJI308,43,0.0447615811849198,-0.0153611561814754,-0.0418,0.1895,0.3267
BRCA,ML320,31,0.4289003192712354,0.3652293227911553,-0.0199,0.212,0.0099
BRCA,NSC19630,47,0.0101757631822386,-0.1327660352143983,-0.0497,0.1978,0.396
BRCA,KW-2449,31,0.5178225806451614,0.4903761896100311,-0.0671,0.239,0.0099
BRCA,PLX-4720,48,-0.2041033434650455,-0.3649212140692127,-0.0252,0.166,0.8317
BRCA,LE-135,35,0.1033613445378151,-0.054592178670883,-0.0424,0.2119,0.2772
BRCA,vorapaxar,36,0.2462805662805663,0.1829236781665837,-0.0518,0.2264,0.1089
BRCA,dasatinib,49,0.5289999999999999,0.4953564924539666,-0.0703,0.1937,0.0099
BRCA,docetaxel,46,0.215886524822695,0.1632477094555199,-0.0312,0.204,0.1386
BRCA,trifluoperazine,32,-0.1212354509720147,-0.2335586821725184,-0.0731,0.2446,0.5446
BRCA,SKI-II,33,0.0145053475935828,-0.1252465549027227,-0.0474,0.2408,0.4752
BRCA,SNX-2112,37,0.1543859649122806,0.0582640609582602,-0.0444,0.2196,0.2079
BRCA,GSK461364,31,0.5511290322580645,0.4976992509590867,-0.0564,0.2588,0.0099
BRCA,Compound 23 citrate,30,-0.313103448275862,-0.386881836134086,-0.0623,0.24,0.8812
BRCA,alisertib,46,0.3581498612395929,0.3135244529086926,-0.0438,0.1948,0.0099
BRCA,CHM-1,32,-0.0901759530791788,-0.2767566119297642,-0.0636,0.2401,0.495
BRCA,3-Cl-AHPC,37,0.1559032716927453,0.0719273729173032,-0.0414,0.2267,0.2376
BRCA,Obatoclax Mesylate,39,0.2551417004048583,0.2229204944803512,-0.0797,0.2313,0.0792
BRCA,momelotinib,35,0.5151621274626482,0.4714683507163058,-0.0846,0.1963,0.0198
BRCA,BMS-536924,49,0.4841632653061223,0.4552488121727843,-0.0083,0.1846,0.0099
BRCA,VER-155008,36,-0.0125361992665794,-0.0880144329017345,-0.052,0.2223,0.4653
BRCA,nakiterpiosin,36,0.1327155727155727,-0.0252710902649896,-0.0584,0.2476,0.2079
BRCA,pifithrin-mu,35,-0.0216806722689075,-0.0970356084902202,-0.0536,0.2133,0.4554
BRCA,123138,36,-0.1474903474903474,-0.2395413385361808,-0.0506,0.2171,0.6535
BRCA,123829,36,0.1602574002574002,0.0775087258374834,-0.0483,0.1967,0.1485
BRCA,150412,36,0.0784041184041184,-0.0175819704616241,-0.051,0.2172,0.297
BRCA,50869,36,-0.0937966537966538,-0.1861369113692531,-0.0403,0.2052,0.5941
BRCA,615590,36,-0.1562934362934362,-0.2287623781925174,-0.0519,0.2274,0.6832
BRCA,630600,36,0.1592277992277992,0.1055634580156502,-0.0489,0.1918,0.1386
BRCA,667880,36,0.2837580437580437,0.2354873227367733,-0.0393,0.227,0.0594
BRCA,720427,36,-0.031042471042471,-0.0862255787125623,-0.0483,0.2141,0.4851
BRCA,729189,36,-0.1277220077220077,-0.2413338458186675,-0.0464,0.2311,0.6337
BRCA,741909,36,0.1118661518661519,0.0236439639978491,-0.0504,0.2214,0.297
BRCA,743380,36,0.0439124839124839,-0.0447106792006396,-0.0472,0.2288,0.4455
BRCA,765771,36,-0.2341827541827542,-0.4331954512313585,-0.0192,0.2232,0.7921
BRCA,776928,36,-0.0695495495495495,-0.2220199924495433,-0.0546,0.2467,0.4851
BRCA,BDF00022089a,36,-0.3255083655083655,-0.4202679036252125,-0.044,0.2152,0.8812
BRCA,BDILV000379a,36,-0.2772715572715573,-0.4212581858024113,-0.0502,0.2148,0.8317
BRCA,BDOCA000347a,36,-0.1960875160875161,-0.3388802415372401,-0.0577,0.2168,0.7327
BRCA,BDP-00009066,40,0.5403377110694184,0.5030915619883097,-0.0315,0.1999,0.0099
BRCA,BPD-00008900,40,0.1905816135084428,0.1562865135553754,-0.0595,0.2228,0.1485
BRCA,CDK9_5038,36,0.3124839124839125,0.2201624829029458,-0.0701,0.2345,0.0891
BRCA,CDK9_5576,36,0.3730244530244531,0.3005599014976221,-0.0629,0.2391,0.0495
BRCA,CT7033-2,39,0.3059109311740891,0.2476501826228765,-0.0583,0.1889,0.0297
BRCA,Eg5_9814,36,0.0067953667953667,-0.1326376309502163,-0.0659,0.1941,0.3663
BRCA,ERK_2440,36,0.4078249678249678,0.3640647345115899,-0.0186,0.251,0.0297
BRCA,ERK_6604,36,0.221055341055341,0.1797160067595462,-0.0299,0.199,0.0891
BRCA,GSK2256098C,36,0.2063835263835264,0.1497893632822403,-0.0853,0.2041,0.0891
BRCA,GSK2276186C,36,0.3414671814671814,0.2812308225132979,-0.063,0.2271,0.0396
BRCA,GSK2830371A,36,-0.0257915057915057,-0.0887037232194131,-0.0311,0.2007,0.5248
BRCA,GSK3337463A,36,0.0941570141570141,0.0339602182633997,-0.0477,0.2036,0.2871
BRCA,GSK626616AC,36,0.0906563706563706,0.0197945149056335,-0.0492,0.2279,0.2871
BRCA,IAP_5620,35,0.0131092436974789,-0.0279357647467315,-0.11,0.2303,0.3267
BRCA,IGF1R_3801,36,0.5567052767052767,0.5316291189613018,-0.0793,0.2224,0.0099
BRCA,IRAK4_4710,36,0.0314543114543114,-0.0619620781789985,-0.0229,0.2179,0.4158
BRCA,JAK1_8709,36,-0.3279794079794079,-0.4642624453101849,-0.0211,0.1925,0.9505
BRCA,JAK_8517,36,0.1855855855855856,0.1127051994325131,-0.0908,0.2342,0.1485
BRCA,LMB_AB1,36,-0.0981209781209781,-0.1444243234885069,-0.0554,0.2413,0.5743
BRCA,LMB_AB2,36,-0.0546718146718146,-0.1077193537827862,-0.0674,0.2025,0.5149
BRCA,LMB_AB3,36,-0.1014157014157014,-0.1826020610949661,-0.0385,0.2288,0.6535
BRCA,N25720-51-A1,40,0.2484803001876173,0.2102150824301825,-0.0959,0.1905,0.0396
BRCA,N27922-53-1,40,-0.0491932457786116,-0.1196922814650315,-0.0489,0.22,0.5545
BRCA,N29087-69-1,40,-0.1743714821763602,-0.2936055535928805,-0.0545,0.2085,0.7228
BRCA,N30652-18-1,40,0.1132457786116322,0.0306923889466838,-0.0455,0.2154,0.2772
BRCA,PAK_5339,36,0.2112226512226512,0.1450191257120466,-0.1023,0.2291,0.099
BRCA,PBD-288,39,0.239919028340081,0.180491494638343,-0.0686,0.1807,0.0495
BRCA,TAF1_5496,36,0.1741055341055341,0.1002789919404172,-0.1008,0.2062,0.1089
BRCA,THR-101,40,-0.1152720450281425,-0.2243985350987281,-0.0235,0.2217,0.5941
BRCA,THR-102,40,0.1111819887429643,0.0989538797762319,-0.056,0.219,0.2178
BRCA,THR-103,40,-0.1712945590994371,-0.2486894153635363,-0.0705,0.1988,0.6634
BRCA,ULK1_4989,36,-0.1616473616473616,-0.3107537511700027,-0.0641,0.2281,0.703
BRCA,VSP34_8731,36,0.1804375804375804,0.1467122939049434,-0.0356,0.2297,0.1683
BRCA,VTP-A,40,0.0992120075046904,0.0094920778411935,-0.0697,0.2023,0.2277
BRCA,VTP-B,40,0.1261913696060037,0.0590920508240067,-0.0581,0.213,0.2376
COAD/READ,GSK525762A,48,-0.1674120712114633,-0.2088513972868984,-0.0567,0.2038,0.6931
COAD/READ,erlotinib,47,0.0622571692876965,0.0370669944695462,-0.0553,0.1925,0.2574
COAD/READ,BMS-270394,38,0.1215935237622451,0.0187043649449969,-0.0773,0.2317,0.2574
COAD/READ,KU 0060648,40,-0.1361789954122539,-0.1603710240462479,-0.049,0.229,0.6733
COAD/READ,Merck60,38,0.0328920013130539,-0.0760566639639765,-0.0014,0.2442,0.4257
COAD/READ,pyrazolanthrone,40,0.0185365853658536,-0.0762451918827821,0.0168,0.1806,0.5347
COAD/READ,Afuresertib,38,-0.0865521391837181,-0.1454396887112206,-0.1016,0.1993,0.396
COAD/READ,alpha-lipoic acid,35,0.0337254901960784,-0.1485599004548237,-0.0315,0.2098,0.3564
COAD/READ,BRD-K97651142,39,-0.2242105263157895,-0.290668857085743,-0.0274,0.2033,0.8515
COAD/READ,Palbociclib,40,0.1260037523452157,0.0313458080101902,-0.0776,0.1956,0.1881
COAD/READ,Compound 7d-cis,38,0.2493708283181967,0.1148132665744428,-0.0273,0.2137,0.1485
COAD/READ,BRD-K88742110,48,-0.1650455927051671,-0.254647059298933,-0.0314,0.1922,0.7228
COAD/READ,BRD-K14844214,37,-0.3271045859103722,-0.4480394441284734,-0.0303,0.228,0.9109
COAD/READ,bosutinib,38,-0.0502680818470292,-0.1846638209768284,-0.0701,0.1902,0.4653
COAD/READ,avrainvillamide,27,0.2831934088863559,0.189969690126514,-0.0404,0.2287,0.0891
COAD/READ,doxorubicin,48,0.2137863656100738,0.1741452298178308,-0.0566,0.1929,0.0891
COAD/READ,BRD-K80183349,39,-0.0822308822349737,-0.155128932418577,-0.0398,0.2127,0.6139
COAD/READ,CHIR-99021,40,0.023264540337711,-0.1468770625818955,0.0018,0.2237,0.4752
COAD/READ,PYR-41,40,-0.4008630393996249,-0.5387053587360784,-0.0139,0.2073,0.9604
COAD/READ,palmostatin B,28,0.129683866001635,0.0103518006539742,-0.1146,0.2752,0.1683
COAD/READ,UNC0321,41,0.2353574181497828,0.2059801832009071,-0.0443,0.2297,0.099
COAD/READ,SCH-79797,42,-0.0004375658374523,-0.0943443560313899,-0.0635,0.1902,0.3762
COAD/READ,spautin-1,40,0.0878799249530957,-0.0185852980646435,-0.0335,0.1803,0.2574
COAD/READ,Uprosertib,40,-0.0694934333958724,-0.1448968455035498,-0.0404,0.2192,0.5842
COAD/READ,tanespimycin,46,0.0678014184397163,0.0305479648400415,-0.0161,0.1921,0.3366
COAD/READ,BRD-K02492147,33,0.2271390374331551,0.1570526179381332,-0.0406,0.1975,0.0792
COAD/READ,GSK-LSD1,38,-0.3211511106247948,-0.3849542117481356,-0.0444,0.2343,0.8812
COAD/READ,lapatinib,47,0.2856614246068455,0.2511632217202009,-0.0348,0.1847,0.0396
COAD/READ,SGX-523,38,-0.0407265565160301,-0.1858513756407248,-0.0825,0.2237,0.4455
COAD/READ,nutlin-3,48,0.3235128093790707,0.2997162520009298,-0.0338,0.1886,0.0198
COAD/READ,Repligen 136,36,-0.3841956241956242,-0.516268756008046,-0.0565,0.22,0.9406
COAD/READ,Taselisib,40,-0.0178611632270168,-0.0377442305244228,-0.0411,0.2142,0.4851
COAD/READ,BRD-K94991378,34,0.1435709378473842,0.0073085953427164,-0.1029,0.2287,0.198
COAD/READ,dabrafenib,43,0.3638779824826336,0.304285141495302,-0.0036,0.2024,0.0396
COAD/READ,CPI-637,35,0.2897478991596639,0.2536231599100639,-0.0813,0.2239,0.0693
COAD/READ,PRIMA-1-Met,43,0.1589852008456659,0.0586294127443064,-0.0695,0.2078,0.1485
COAD/READ,StemRegenin 1,39,-0.207085020242915,-0.3563335120544577,-0.0719,0.2076,0.7426
COAD/READ,HBX-41108,27,0.0394383394383394,-0.1595339371096379,-0.0908,0.2441,0.3366
COAD/READ,PF-750,38,0.1099523993548144,0.0669431989261801,-0.0439,0.2128,0.2871
COAD/READ,A-366,35,-0.3969187675070028,-0.4546836144911096,-0.1009,0.2156,0.9109
COAD/READ,erastin,39,0.007246963562753,-0.1219977793070241,-0.0288,0.2197,0.4653
COAD/READ,MK-1775,48,0.2744463742943986,0.2171009397048326,-0.0714,0.1865,0.0297
COAD/READ,sildenafil,39,-0.1023331141550448,-0.1879391323666944,-0.0321,0.2091,0.6238
COAD/READ,GMX-1778,40,0.1867254563712801,0.0996848690146264,-0.0093,0.219,0.2079
COAD/READ,PX-12,39,-0.0839676113360324,-0.2102319658697611,-0.0524,0.2204,0.5446
COAD/READ,temozolomide,47,0.2830249768732655,0.2056743970935353,-0.0489,0.1923,0.0396
COAD/READ,Vismodegib,39,-0.3948178137651822,-0.4481795460117757,-0.0195,0.1941,0.9802
COAD/READ,BRD-K66453893,39,0.0690283400809716,0.0417552325679403,-0.0906,0.2249,0.2475
COAD/READ,GDC0810,38,-0.0412955465587044,-0.1129157653954823,-0.0141,0.2002,0.5941
COAD/READ,FQI-2,37,0.3934091986723565,0.3488690201323245,-0.0577,0.2199,0.0198
COAD/READ,temsirolimus,43,0.1487466022349743,0.085353202046724,-0.06,0.1904,0.1683
COAD/READ,AGI-6780,40,-0.1056660412757974,-0.151669528164778,-0.0294,0.2097,0.6436
COAD/READ,Serdemetan,39,0.2114574898785425,0.1665516307890704,-0.0858,0.2305,0.0891
COAD/READ,pitstop2,29,0.3218334545630343,0.2423797049971974,-0.0905,0.2631,0.0891
COAD/READ,tigecycline,27,-0.1515262515262515,-0.2581478807427815,-0.0542,0.2752,0.6436
COAD/READ,ascorbate (vitamin C),35,0.3092436974789916,0.2494731352627057,-0.0367,0.2255,0.0594
COAD/READ,cyclophosphamide,43,-0.1772878284506191,-0.2500798727183434,-0.059,0.2015,0.7525
COAD/READ,TGX-221,41,0.1172473867595819,0.0571936887976294,-0.0565,0.2199,0.2574
COAD/READ,procarbazine,35,-0.0676103880095987,-0.1799148187529597,-0.0547,0.2157,0.5248
COAD/READ,fluvastatin,39,-0.0191507667637334,-0.0499604767357121,-0.0412,0.1819,0.4752
COAD/READ,BRD-K41597374,39,-0.38417004048583,-0.5796090092096454,-0.0718,0.2105,0.8812
COAD/READ,pazopanib,40,-0.2266041275797373,-0.2790074219764847,-0.0183,0.2048,0.8515
COAD/READ,BRD-K28456706,41,-0.1430313588850174,-0.2853780738786641,-0.0357,0.1952,0.6733
COAD/READ,quizartinib,40,0.054859287054409,-0.0476947283204478,-0.0459,0.2198,0.3366
COAD/READ,Buparlisib,38,0.2438560017507385,0.1935428577899199,-0.0428,0.2097,0.0495
COAD/READ,16-beta-bromoandrosterone,38,0.0577651321707587,-0.0025589662165271,-0.0149,0.211,0.4257
COAD/READ,KH-CB19,28,0.2771172785125516,0.196207286095573,-0.081,0.2705,0.099
COAD/READ,foretinib,46,-0.0311686709836571,-0.0872775350052586,-0.0461,0.1807,0.5149
COAD/READ,ML029,38,-0.4437465805886858,-0.5329468335093372,-0.0361,0.2101,0.9703
COAD/READ,selumetinib,47,0.2707446808510638,0.1929453920438718,-0.0428,0.2144,0.0693
COAD/READ,GSK-3 inhibitor IX,37,0.0108108108108108,-0.1338877785548692,-0.0925,0.2467,0.3465
COAD/READ,NSC23766,39,0.1263562753036437,0.0420012378852903,-0.0555,0.212,0.2079
COAD/READ,GDC-0879,36,-0.0548777348777348,-0.190901299678073,-0.0348,0.2159,0.5347
COAD/READ,triptolide,39,0.0906072874493927,0.0382748699340995,-0.0507,0.2109,0.2871
COAD/READ,Sapitinib,40,-0.1015384615384615,-0.1709733519816368,-0.0519,0.1963,0.6238
COAD/READ,KHS101,36,-0.117992277992278,-0.229969618448222,-0.0467,0.1975,0.7228
COAD/READ,SB-525334,40,-0.1252157598499062,-0.2095696167323447,-0.0424,0.2181,0.6733
COAD/READ,JQ-1,47,0.2003469010175763,0.1275438747712604,-0.0153,0.1695,0.1188
COAD/READ,Wee1 Inhibitor,38,0.3229893861472809,0.2302179962112084,-0.0452,0.2079,0.0594
COAD/READ,ETP-46464,27,-0.1863247863247863,-0.3295842926137511,-0.09,0.2745,0.6139
COAD/READ,Oxaliplatin,40,0.0654033771106941,-0.0063513143166082,-0.0503,0.2045,0.2871
COAD/READ,AZD7545,40,0.0378986866791744,-0.0635261072517223,-0.0084,0.2338,0.495
COAD/READ,Dihydrorotenone,38,0.0859393806762227,-0.0202535985085808,-0.0273,0.2143,0.3366
COAD/READ,AZD6738,38,-0.1162271583324214,-0.1810904825762821,-0.0628,0.2078,0.5941
COAD/READ,VE821,37,-0.1222854433380749,-0.1777370647906238,-0.0641,0.2404,0.604
COAD/READ,Osimertinib,38,-0.1454644928329139,-0.2877100785486763,-0.0162,0.2286,0.7228
COAD/READ,NPC-26,35,-0.3227492655427694,-0.3964007529647573,-0.0185,0.2213,0.9307
COAD/READ,PD173074,39,0.1607287449392712,0.0370012807132843,-0.0791,0.2036,0.1485
COAD/READ,triazolothiadiazine,41,0.3761324041811847,0.3118630387067304,-0.017,0.1814,0.0198
COAD/READ,CAY10594,38,-0.1669110405952511,-0.3529472225354232,-0.0667,0.2021,0.6733
COAD/READ,methotrexate,47,0.4094125809435708,0.3556247188943582,-0.0593,0.17,0.0198
COAD/READ,Compound 1541A,37,-0.1291206685979967,-0.2269716030693926,-0.0867,0.1994,0.5842
COAD/READ,dacarbazine,46,-0.2837496145544249,-0.3849436416721413,-0.0268,0.1959,0.8812
COAD/READ,olaparib,46,0.3103176071538699,0.2618902206972667,-0.0144,0.1965,0.0396
COAD/READ,OSI-930,35,-0.0911484593837535,-0.1863128329333103,-0.06,0.2315,0.5347
COAD/READ,SB-431542,39,0.0616194331983805,-0.0181528042327837,-0.0571,0.1958,0.297
COAD/READ,SN-38,47,-0.0638760407030527,-0.192620158917505,-0.0208,0.1997,0.6139
COAD/READ,regorafenib,39,-0.1632876159791477,-0.2962094174671641,-0.0485,0.1947,0.7129
COAD/READ,necrosulfonamide,24,0.1994782608695652,0.0296097511611787,-0.0934,0.2626,0.1881
COAD/READ,AGI-5198,38,0.0397220551013113,-0.0359349448768513,-0.0565,0.2191,0.3861
COAD/READ,Ch-55,40,0.1750738779542217,0.1224701871374144,-0.0387,0.2085,0.198
COAD/READ,LBH-589,41,0.0826829268292683,-0.0332270090783914,-0.0354,0.1916,0.2673
COAD/READ,SU11274,38,-0.2280118174855017,-0.333883290819466,-0.1035,0.2285,0.703
COAD/READ,BRD-K13999467,39,0.1376923076923077,0.1060735568611837,-0.0874,0.2164,0.1881
COAD/READ,GW-405833,37,0.052516152069018,-0.1211787222109982,-0.0692,0.2215,0.3564
COAD/READ,BRD-K85133207,38,-0.2119487908961593,-0.3000471786477562,-0.0298,0.2281,0.7723
COAD/READ,EX-527,38,-0.2155901352132667,-0.3710592722131848,-0.0422,0.1796,0.8416
COAD/READ,tosedostat,37,-0.1580844001896633,-0.2091846034347245,-0.0266,0.209,0.7327
COAD/READ,BRD-K64610608,38,-0.0430486404321098,-0.1605382627530915,-0.0125,0.2123,0.604
COAD/READ,purmorphamine,40,0.0963425981218132,-0.032165052594395,-0.0211,0.2023,0.3564
COAD/READ,L-Oxonoreleagnine,38,-0.0676003939161833,-0.1600256693767665,-0.0332,0.2213,0.6238
COAD/READ,Vinorelbine,39,0.3216194331983806,0.2094193831634023,-0.0624,0.2116,0.0297
COAD/READ,cytochalasin B,39,-0.2924696356275303,-0.4017245265094902,-0.0413,0.2167,0.8416
COAD/READ,BRD-K04800985,40,-0.2060191620655538,-0.3309171692726028,-0.0092,0.2033,0.8713
COAD/READ,B02,38,0.2191705875916402,0.1554807678050189,-0.0479,0.2159,0.1386
COAD/READ,SGC-CBP30,38,0.060641208009629,-0.0791982170826741,-0.03,0.21,0.3465
COAD/READ,fluorouracil,48,0.3539296569691706,0.3092399111473309,-0.045,0.1776,0.0297
COAD/READ,ML203,38,0.3300208024776545,0.2539461666031859,-0.0608,0.2095,0.0198
COAD/READ,MK-8776,35,-0.2342296918767507,-0.3422065661006626,-0.047,0.2489,0.7921
COAD/READ,OTX015,40,-0.2167354596622889,-0.3265004058176827,-0.0184,0.2237,0.8416
COAD/READ,IC-87114,41,0.1554684243447137,0.073398778172155,-0.0395,0.2168,0.2178
COAD/READ,Lenalidomide,39,0.3062348178137651,0.2734885852640293,-0.0641,0.2035,0.0495
COAD/READ,tubastatin A,25,0.1570302010198042,0.0727167929316631,-0.0644,0.2719,0.2277
COAD/READ,PLX-4032,38,0.0333680452979503,-0.0643387382133643,-0.0109,0.2246,0.4455
COAD/READ,hyperforin,38,0.0950484216556447,0.012215095401569,-0.0548,0.2342,0.297
COAD/READ,Ipatasertib,38,-0.1634971003392056,-0.2797736764873242,-0.0972,0.2201,0.6337
COAD/READ,cerulenin,38,-0.231504076507808,-0.3217436042151377,-0.045,0.2163,0.7624
COAD/READ,SRT-1720,37,0.1029458836495152,0.0198662598060282,-0.0464,0.2059,0.2475
COAD/READ,bortezomib,47,-0.3817530064754856,-0.4940844861392771,-0.0376,0.1936,0.9505
COAD/READ,GW441756,39,0.2353441295546559,0.1783621856554272,-0.0396,0.2136,0.099
COAD/READ,LY-2183240,41,0.312787456445993,0.259365878993271,-0.0483,0.2105,0.0495
COAD/READ,SCH772984,40,0.1927204502814259,0.0616947766209584,-0.0423,0.2088,0.1386
COAD/READ,BRD8958,40,-0.2547774288651138,-0.3951156293445931,-0.0454,0.2346,0.7921
COAD/READ,PF-573228,39,0.025991902834008,-0.0153780516118158,-0.045,0.192,0.396
COAD/READ,ruxolitinib,47,0.1446808510638297,0.081466403838529,-0.053,0.1724,0.1485
COAD/READ,ZSTK474,39,0.254089068825911,0.2024377785435319,-0.0063,0.1957,0.1089
COAD/READ,nilotinib,47,-0.03027289546716,-0.0945352107782654,-0.0395,0.1944,0.5149
COAD/READ,XL765,34,0.345262840217009,0.3100584332846176,-0.0436,0.2412,0.0594
COAD/READ,importazole,34,-0.038811215637756,-0.1301119756149158,-0.046,0.2556,0.5248
COAD/READ,staurosporine,43,0.5209604349139233,0.4960226698091023,-0.0938,0.2092,0.0099
COAD/READ,YK 4-279,47,0.0318917668825161,-0.0225288610820886,-0.016,0.1935,0.4158
COAD/READ,Rucaparib,39,-0.0195141700404858,-0.1125878205439268,-0.0138,0.2261,0.5149
COAD/READ,ML083,39,-0.0174071733346033,-0.0687591095267297,-0.0748,0.1856,0.4158
COAD/READ,ifosfamide,26,-0.3920277374141772,-0.4875631420908853,-0.0589,0.2761,0.9109
COAD/READ,ABT-737,47,0.2435013876040703,0.2221785547747489,0.0015,0.1838,0.1287
COAD/READ,Mycophenolic acid,33,0.3447860962566845,0.2853285534079184,-0.0497,0.2361,0.0495
COAD/READ,RG-108,41,0.1351003128970456,-0.0309089379166454,-0.0201,0.2038,0.2574
COAD/READ,IPR-456,38,-0.2129992340518656,-0.2730169908353348,-0.0412,0.2264,0.7723
COAD/READ,salermide,26,-0.0461538461538461,-0.1460105215989287,-0.0686,0.2766,0.4851
COAD/READ,BRD1812,37,-0.2588904694167852,-0.3765701407992187,-0.0492,0.2182,0.802
COAD/READ,Elephantin,38,0.3520078783236678,0.2642380813987435,-0.0634,0.2284,0.0396
COAD/READ,BRD-K66532283,39,0.0251821862348178,-0.0608867813297436,-0.0663,0.2137,0.3366
COAD/READ,KX2-391,41,0.3639024390243903,0.299535779263636,-0.0701,0.1974,0.0396
COAD/READ,PHA-793887,40,0.2470284725265548,0.2166349827989752,-0.041,0.2032,0.1287
COAD/READ,BRD-K17060750,39,0.1262411995460911,0.0519820655632033,-0.0487,0.2274,0.2376
COAD/READ,Talazoparib,38,0.0793303424882372,-0.0177932089062953,-0.0426,0.2457,0.3069
COAD/READ,NSC 74859,38,-0.2374787988453606,-0.3639281751942158,-0.0585,0.2184,0.7921
COAD/READ,AC55649,39,0.0089429798579118,-0.1082468287354939,-0.0548,0.2245,0.396
COAD/READ,PRL-3 inhibitor I,37,-0.0250652918036837,-0.1067025708687397,0.0014,0.184,0.5446
COAD/READ,omacetaxine mepesuccinate,29,0.1399999999999999,0.0494133838267124,-0.0544,0.2409,0.2079
COAD/READ,isonicotinohydroxamic acid,29,-0.1012348764975789,-0.1915787648531043,-0.0302,0.2531,0.6337
COAD/READ,AZD7762,48,-0.0554711246200607,-0.1391922714170617,-0.0568,0.1826,0.4653
COAD/READ,NVP-BSK805,41,0.045191637630662,-0.018823291101122,-0.0445,0.2014,0.3069
COAD/READ,BRD-K52037352,35,0.1323152445437996,0.0393512631116645,-0.0328,0.2193,0.2673
COAD/READ,BRD-K16147474,35,0.2991036414565826,0.168084808069784,0.0029,0.2196,0.0891
COAD/READ,CCT036477,40,0.225703564727955,0.1981714281948669,-0.0297,0.2152,0.1287
COAD/READ,CAL-101,40,0.376172607879925,0.3318835225695793,-0.0262,0.1861,0.0198
COAD/READ,LY2109761,40,-0.0413508442776735,-0.0950173061020394,-0.0465,0.2054,0.4653
COAD/READ,AT13148,37,0.0673304883831199,0.002630077121593,-0.0483,0.2055,0.3168
COAD/READ,myricetin,37,0.0312944523470839,-0.0827718104639804,-0.0349,0.2149,0.4257
COAD/READ,PFI3,40,0.1135834896810506,0.0128766890196237,-0.046,0.2153,0.2574
COAD/READ,WAY-362450,40,-0.0529516717147525,-0.13511750174025,-0.0419,0.2022,0.5446
COAD/READ,entinostat,47,0.2554347826086957,0.1795044363742961,-0.0482,0.1854,0.0693
COAD/READ,BRD-M00053801,26,-0.0175756542148144,-0.1188487576934034,-0.0382,0.2551,0.495
COAD/READ,SGC0946,39,0.0555060728744939,0.0282539256454379,-0.0166,0.2004,0.4257
COAD/READ,BRD-A94377914,26,0.4785641025641026,0.3356842806819052,-0.0882,0.2613,0.0297
COAD/READ,AZD6482,42,0.3477676039218864,0.314334297261279,-0.0789,0.1878,0.0297
COAD/READ,CIL55,21,0.2698701298701298,0.0433126633857195,-0.0949,0.274,0.1089
COAD/READ,WZ4002,29,-0.005911330049261,-0.1063172315959248,-0.0938,0.2114,0.3168
COAD/READ,BRD-A71883111,40,-0.2120924998815263,-0.2994980477645332,-0.0433,0.1854,0.8119
COAD/READ,GSK2830371,35,-0.0322128851540616,-0.1616663068511381,-0.0508,0.2214,0.4455
COAD/READ,LRRK2-IN-1,28,-0.2071438366189054,-0.2777793598444102,-0.0621,0.2395,0.7426
COAD/READ,VU0155056,39,-0.0800242928298501,-0.2026589872379819,-0.043,0.2141,0.5545
COAD/READ,nelarabine,46,0.1167437557816836,0.0771407630916939,-0.012,0.2061,0.297
COAD/READ,NU7441,39,-0.0656275303643724,-0.1142704129818729,-0.0241,0.2166,0.6139
COAD/READ,serdemetan,35,-0.1898039215686274,-0.2737221747558398,-0.0479,0.2481,0.6832
COAD/READ,chlorambucil,40,0.2456660412757974,0.2026566457071814,-0.0549,0.2193,0.1188
COAD/READ,SB216763,40,-0.2379362101313321,-0.2901607600528114,-0.037,0.1979,0.8119
COAD/READ,AZD5363,38,-0.0318853266221687,-0.1131698816093396,-0.0787,0.2081,0.4257
COAD/READ,PIK-93,39,-0.1874493927125506,-0.3997003944020727,-0.0846,0.2055,0.6832
COAD/READ,darinaparsin,27,-0.0610211657566986,-0.1546382521259041,-0.0656,0.2476,0.505
COAD/READ,WEHI-539,39,0.5993927125506074,0.5536888264308807,-0.0314,0.2116,0.0099
COAD/READ,navitoclax,48,0.1181285280069474,0.0586383368581929,-0.0093,0.2053,0.3267
COAD/READ,veliparib,47,0.0431544865864939,-0.0268614005116142,-0.0466,0.1824,0.3267
COAD/READ,NVP-BEZ235,43,0.2764723648444578,0.2545785377372853,-0.0589,0.1917,0.0594
COAD/READ,TG-101348,39,-0.2119838056680162,-0.2669456635165094,-0.0347,0.2052,0.7921
COAD/READ,BRD6340,38,-0.3826886256206779,-0.472109507542393,-0.0396,0.218,0.9604
COAD/READ,ML031,36,-0.1068022397475118,-0.2483909790136819,-0.034,0.2276,0.6733
COAD/READ,OSI-027,49,-0.2414081632653061,-0.3196420536198065,-0.0404,0.1887,0.8614
COAD/READ,GW-843682X,39,0.4424717855760269,0.3727536001772356,-0.07,0.2265,0.0099
COAD/READ,lomeguatrib,39,-0.1259514170040485,-0.1715350064776803,-0.0639,0.2153,0.604
COAD/READ,PF-184,40,0.1914821763602252,0.1189449527587997,-0.0464,0.1995,0.1386
COAD/READ,AZD2014,38,-0.1539118065433855,-0.2026235974416117,-0.0954,0.2203,0.6238
COAD/READ,IU1,40,-0.0989539848173363,-0.1643362045818414,-0.0906,0.2067,0.4851
COAD/READ,neratinib,40,0.3334333958724203,0.2609847021016304,-0.0657,0.2149,0.0396
COAD/READ,apicidin,39,0.1162348178137651,0.0611592273926861,-0.0192,0.1891,0.2574
COAD/READ,Vinblastine,34,0.5781207028265852,0.5077822907850303,-0.0864,0.2163,0.0099
COAD/READ,VE-822,40,0.0970731707317073,0.0287672580861701,-0.0676,0.2068,0.2277
COAD/READ,BRD8899,39,-0.2655725780499308,-0.3888881511620697,-0.0527,0.215,0.8317
COAD/READ,AZD5991,38,-0.0150344676660466,-0.059846442882808,-0.0374,0.2019,0.4851
COAD/READ,pandacostat,38,0.1465149359886202,0.1147407336858989,-0.0785,0.2202,0.1485
COAD/READ,GSK2801,38,0.3830397198818251,0.3309022139034566,-0.0728,0.2293,0.0396
COAD/READ,Wnt-C59,40,0.1229268292682927,0.0449613925506583,-0.0398,0.2095,0.198
COAD/READ,WZ8040,32,-0.4461143695014662,-0.5447827373078865,-0.0848,0.2482,0.901
COAD/READ,fingolimod,38,0.2932589205565902,0.2121664554435005,-0.0274,0.1941,0.0495
COAD/READ,Mitoxantrone,38,0.3066199803041908,0.2358884204127024,-0.0566,0.2021,0.0594
COAD/READ,XAV939,40,0.4292682926829269,0.3635973660353876,-0.0628,0.2192,0.0099
COAD/READ,CR-1-31B,43,0.1574750830564784,0.128528996442656,-0.0465,0.1924,0.1089
COAD/READ,BRD-K71781559,37,0.0898647677734342,-0.0243394702197162,-0.0366,0.2238,0.2871
COAD/READ,daporinad,41,-0.1383623693379791,-0.1810256780002046,-0.0427,0.2273,0.6535
COAD/READ,CCT007093,38,-0.0861144545355071,-0.1869188870978243,-0.068,0.203,0.5545
COAD/READ,JNK Inhibitor VIII,39,0.2935222672064777,0.2324255614471829,-0.0432,0.2278,0.0396
COAD/READ,brefeldin A,36,0.3545431145431145,0.289322252014188,-0.0748,0.228,0.0198
COAD/READ,JW-74,28,0.4076628352490421,0.3672831804452796,-0.0693,0.2243,0.0099
COAD/READ,Ulixertinib,38,0.1441952073531021,0.0757850094352683,-0.0431,0.2128,0.2079
COAD/READ,crizotinib,49,0.255938775510204,0.1339230158723605,-0.0465,0.1958,0.0792
COAD/READ,parthenolide,36,0.0668557256148977,-0.0337169041269072,-0.0754,0.2285,0.297
COAD/READ,imatinib,40,0.0440900562851782,-0.0192890095528745,-0.0426,0.2122,0.3069
COAD/READ,Bax channel blocker,39,-0.2998785425101214,-0.3889567276128035,-0.0663,0.1911,0.8614
COAD/READ,AZD8055,47,-0.0920212765957446,-0.1781070979143795,-0.0265,0.1835,0.6238
COAD/READ,GANT-61,40,-0.5171349506134668,-0.5919387113933746,-0.0488,0.2204,0.9802
COAD/READ,AMG-319,35,0.2909243697478992,0.225730839973154,-0.0429,0.2076,0.0495
COAD/READ,R428,27,-0.0845061832468125,-0.1601534464548997,-0.113,0.2255,0.4554
COAD/READ,RITA,38,0.4654119706751286,0.4211647955285817,-0.0469,0.2311,0.0099
COAD/READ,AZD1332,38,0.0857205383521173,0.0013787723559132,-0.0718,0.197,0.2673
COAD/READ,BRD-K37390332,40,0.035267621180819,-0.0361384518226409,-0.0379,0.2026,0.396
COAD/READ,HKMTI-1-005,31,-0.082258064516129,-0.1772122885222663,-0.0836,0.2331,0.5248
COAD/READ,CD-437,41,0.0559233449477351,-0.0465518112817596,-0.024,0.2058,0.3069
COAD/READ,CAY10576,38,-0.0700459925398375,-0.1945641190764285,-0.0528,0.1858,0.5545
COAD/READ,Ki8751,39,-0.1589351689873901,-0.1977603375086098,-0.0474,0.1975,0.7129
COAD/READ,GDC-0941,46,-0.1448905334566759,-0.2510278075777425,-0.0551,0.1996,0.6238
COAD/READ,WP1130,37,-0.0510729108509116,-0.1219917434258302,-0.0589,0.213,0.4752
COAD/READ,trametinib,44,0.3693305144467935,0.32370254857327,-0.033,0.225,0.0693
COAD/READ,AZD8186,38,0.0246635299266878,-0.0346159695542986,-0.0291,0.198,0.4257
COAD/READ,ML334 diastereomer,27,-0.2707912264603274,-0.4194767444887596,-0.0715,0.2428,0.7921
COAD/READ,valdecoxib,36,0.0349034749034749,-0.0725956033575134,-0.0528,0.2375,0.3564
COAD/READ,HLI 373,38,-0.3938067622278148,-0.4745515762259119,-0.0232,0.2096,0.9505
COAD/READ,NSC48300,38,-0.2706423022212496,-0.3231008210875093,-0.0687,0.2218,0.8218
COAD/READ,ouabain,41,-0.0276655052264808,-0.0774988589264628,-0.0608,0.2069,0.4554
COAD/READ,ABT-199,43,0.121232256115977,0.0550482008904974,-0.0481,0.2035,0.2376
COAD/READ,BMS-754807,47,0.2074930619796484,0.1258048402614595,-0.0094,0.1897,0.1386
COAD/READ,elocalcitol,39,0.2287970041899737,0.1434719140729746,-0.059,0.2361,0.1287
COAD/READ,EHT-1864,39,-0.2590283400809716,-0.4122004204384973,-0.0014,0.2188,0.8416
COAD/READ,NVP-ADW742,47,0.0426688251618871,-0.0458996373697591,-0.0148,0.1736,0.3663
COAD/READ,PD 153035,28,0.4701696770662288,0.3827647030496889,-0.0615,0.2567,0.0198
COAD/READ,AT-406,27,0.2255189255189255,0.1632672559584612,-0.0407,0.2411,0.1782
COAD/READ,EPZ5676,40,-0.183264540337711,-0.3052603403324578,-0.0202,0.2191,0.7624
COAD/READ,Cisplatin,35,0.4459383753501401,0.3770942937308026,-0.0489,0.2022,0.0099
COAD/READ,narciclasine,34,0.1855767761650114,0.1094462800067129,-0.0385,0.2218,0.1584
COAD/READ,Gallibiscoquinazole,38,0.1276944961155487,0.048340762354504,-0.0686,0.2284,0.2079
COAD/READ,AT7867,40,0.0010506566604127,-0.1287974283778059,-0.0333,0.2087,0.4356
COAD/READ,NSC95397,36,0.3493951093951094,0.2845015125553387,-0.0577,0.2094,0.0495
COAD/READ,AZD1208,38,-0.1581135791662107,-0.206170502638207,-0.0642,0.2202,0.6436
COAD/READ,COL-3,29,0.3975369458128078,0.3164082141215852,-0.0318,0.2413,0.0495
COAD/READ,BMS-345541,40,0.1428517823639775,0.0352561074555508,-0.0666,0.2045,0.1782
COAD/READ,MST-312,46,0.4181436941103915,0.3699006401716486,-0.041,0.1937,0.0198
COAD/READ,BRD9876,38,-0.190753406205526,-0.3026120094108041,-0.0768,0.22,0.7129
COAD/READ,sorafenib,47,0.052382053654024,-0.0142839494564035,-0.0251,0.1966,0.3564
COAD/READ,SB590885,39,-0.1485425101214575,-0.291235675724819,-0.0138,0.2055,0.703
COAD/READ,MI-1,36,-0.1545829093460254,-0.2656142470154238,-0.0114,0.1914,0.7327
COAD/READ,oligomycin A,40,-0.2444277673545967,-0.3322321800920947,-0.0501,0.2229,0.7921
COAD/READ,KRAS (G12C) Inhibitor-12,40,0.3705065666041276,0.2934363768559515,-0.0441,0.2283,0.0594
COAD/READ,GSK1904529A,40,0.0425891181988743,-0.0553226352044274,-0.035,0.2097,0.3465
COAD/READ,pevonedistat,45,0.4938866930171278,0.4716193593821382,-0.0386,0.2126,0.0099
COAD/READ,linifanib,40,-0.1102814258911819,-0.2484039714941699,-0.0246,0.1905,0.6337
COAD/READ,SB-225002,42,0.0785835831780244,-0.0670463620794703,-0.0468,0.1939,0.3069
COAD/READ,BRD-A02303741,39,0.155668016194332,0.0831755116263318,-0.0528,0.2202,0.2079
COAD/READ,methylstat,28,0.0084291187739463,-0.0550679546557851,-0.0364,0.2418,0.4455
COAD/READ,silmitasertib,35,-0.1179271708683473,-0.1993614191521066,-0.0828,0.1915,0.5545
COAD/READ,L-685458,41,0.3638327526132405,0.2791282392355247,-0.0538,0.1887,0.0198
COAD/READ,NSC30930,37,-0.0278330962541488,-0.1060750178238323,-0.0496,0.2076,0.4059
COAD/READ,BIRB-796,47,0.1359389454209065,0.0111317715303802,-0.0532,0.2071,0.2079
COAD/READ,NVP-231,41,-0.0133449477351916,-0.0552041843866149,-0.0108,0.1906,0.5149
COAD/READ,MLN2238,41,-0.1671777003484321,-0.2282548633910142,-0.0314,0.1951,0.7426
COAD/READ,AZD3759,39,0.0363967611336032,-0.0609438265166557,-0.0201,0.2183,0.4356
COAD/READ,BRD-K61166597,37,0.3296348980559506,0.2368918973232774,-0.0356,0.1862,0.0198
COAD/READ,bexarotene,41,-0.0760077453261684,-0.1775854472490385,-0.0457,0.1774,0.5545
COAD/READ,pluripotin,42,-0.2069038165464711,-0.287490465722175,-0.066,0.1969,0.7525
COAD/READ,SCH-529074,33,-0.00975935828877,-0.1720263636280014,-0.0459,0.2315,0.4455
COAD/READ,HC-067047,39,0.1306882591093117,0.0650333900649041,-0.0311,0.209,0.2871
COAD/READ,Luminespib,40,0.485515947467167,0.4400706695815026,-0.0545,0.194,0.0099
COAD/READ,RVX-208,40,-0.0207879924953095,-0.1090076282477687,-0.0453,0.2274,0.4455
COAD/READ,ML311,41,0.0106620209059233,-0.0530059731583921,-0.0353,0.2092,0.4653
COAD/READ,STF-31,39,-0.1231236400179985,-0.2661302666775306,-0.0448,0.2141,0.6238
COAD/READ,tamatinib,38,0.1908523908523908,0.131579533516467,-0.0691,0.2056,0.1089
COAD/READ,tamoxifen,46,-0.1712118408880666,-0.3020589496167792,-0.0252,0.1814,0.7723
COAD/READ,KPT185,29,0.2027586206896551,0.0983636567790671,-0.072,0.2684,0.198
COAD/READ,azacitidine,46,0.2374221399938328,0.0831648778690344,-0.0166,0.2106,0.1782
COAD/READ,C6-ceramide,41,-0.0070563638215314,-0.13478467901107,-0.0968,0.1984,0.3663
COAD/READ,PF-543,38,0.0723711565816828,-0.0379291203604689,-0.0275,0.2366,0.3168
COAD/READ,teniposide,43,0.2306553911205073,0.1281524440052244,-0.054,0.216,0.1089
COAD/READ,ML239,39,0.1917505949112928,0.086484445327375,-0.0476,0.2263,0.198
COAD/READ,mitomycin,39,-0.060080971659919,-0.2029069010310917,-0.0597,0.2098,0.495
COAD/READ,etomoxir,39,-0.3526315789473684,-0.5044785494595796,-0.0643,0.2311,0.8911
COAD/READ,BRD-K51490254,37,0.093456614509246,-0.0151592035474733,-0.0348,0.2085,0.3168
COAD/READ,Ko-143,40,-0.1288803416212141,-0.2533268773647755,-0.0226,0.1994,0.6436
COAD/READ,Mdivi-1,37,-0.0643432906590801,-0.1705649926322968,-0.0537,0.2368,0.5644
COAD/READ,cucurbitacin I,40,0.375984990619137,0.2798908460233673,-0.0544,0.2028,0.0099
COAD/READ,sotrastaurin,29,0.0717822397364987,-0.0116551793901624,-0.0462,0.2439,0.3366
COAD/READ,BRD-K70511574,40,0.2958724202626642,0.2410883267112399,-0.0531,0.1987,0.0396
COAD/READ,BRD-K92856060,35,0.4053781512605042,0.3668905845008503,-0.0652,0.2499,0.0297
COAD/READ,ZM447439,39,-0.1610931174089069,-0.2938040171128416,-0.0475,0.1974,0.6931
COAD/READ,vincristine,41,0.3843554006968642,0.3379151962642243,-0.0556,0.2209,0.0297
COAD/READ,Romidepsin,38,0.3491191596454753,0.2575155939277883,-0.0815,0.2179,0.0198
COAD/READ,pifithrin-alpha,38,0.3055257686836634,0.2645871008591264,-0.0706,0.2256,0.0693
COAD/READ,BRD9647,40,-0.0592335476049167,-0.1747392936191037,-0.0613,0.2027,0.505
COAD/READ,canertinib,40,-0.0464540337711069,-0.1592984860315717,-0.0629,0.2302,0.4752
COAD/READ,cabozantinib,37,0.1317686107159791,0.0723923923742547,-0.0377,0.2186,0.2475
COAD/READ,cyanoquinoline 11,26,-0.1446153846153846,-0.2347840933138234,-0.0855,0.2577,0.6139
COAD/READ,BIX-01294,40,0.2278048780487805,0.1600714388284141,-0.0541,0.224,0.1485
COAD/READ,SID 26681509,34,0.3495492742551566,0.2882913626439593,-0.0487,0.2442,0.0396
COAD/READ,birinapant,39,-0.043733550197888,-0.1634200440229152,-0.0847,0.23,0.4653
COAD/READ,YM-155,37,0.4040777619724988,0.3629392814334152,-0.0644,0.202,0.0297
COAD/READ,saracatinib,41,0.1918466898954704,0.1406069898089034,-0.0558,0.2155,0.1188
COAD/READ,SNS-032,39,0.028744939271255,-0.1187341681802244,-0.1063,0.2014,0.2376
COAD/READ,rigosertib,41,0.5022648083623695,0.4842424612059756,-0.0366,0.1946,0.0099
COAD/READ,BRD-K63431240,40,-0.0756848030018761,-0.212007493961182,-0.0179,0.2167,0.5842
COAD/READ,bleomycin A2,46,0.0329694727104532,-0.1436238646497913,-0.0269,0.1904,0.4059
COAD/READ,SR1001,39,0.254528027548154,0.1970748914688292,-0.0517,0.2517,0.1188
COAD/READ,Niraparib,40,0.3338461538461539,0.3024937404852132,-0.0266,0.2058,0.0594
COAD/READ,JW-480,40,-0.178499061913696,-0.2935121500242643,-0.0446,0.2086,0.7327
COAD/READ,CIL70,26,0.2868376068376068,0.1991173017353053,-0.0388,0.2526,0.0792
COAD/READ,BIBR-1532,46,-0.0605488744989207,-0.1137117530645168,-0.0455,0.184,0.5743
COAD/READ,SB-743921,42,0.3785916862490884,0.3349474348968679,-0.0471,0.2144,0.0297
COAD/READ,Acetalax,38,0.1708502024291498,0.1368623566131306,-0.0499,0.2253,0.1584
COAD/READ,dinaciclib,44,0.4297956307258632,0.3692135795011144,-0.0568,0.1991,0.0099
COAD/READ,GSK-LSD1-2HCl ,35,-0.002296918767507,-0.1545644560385037,-0.079,0.2143,0.396
COAD/READ,linsitinib,48,0.3078593139383412,0.2735645698753136,-0.0569,0.1921,0.0297
COAD/READ,NSC632839,38,0.2114235693183062,0.0990164366850936,-0.0786,0.2231,0.099
COAD/READ,semagacestat,39,0.1390283400809716,0.0274438014774726,-0.0816,0.2071,0.1485
COAD/READ,tipifarnib-P2,42,-0.0424438862328822,-0.1460931418594828,-0.0579,0.2123,0.4752
COAD/READ,AA-COCF3,37,-0.2114272166903745,-0.2500865179087618,-0.0733,0.2086,0.7723
COAD/READ,ciclosporin,35,-0.3193832034197085,-0.4327130500828552,-0.1115,0.2048,0.8218
COAD/READ,BRD4132,38,-0.0659189145813497,-0.2083338442023894,-0.056,0.2039,0.495
COAD/READ,TW-37,42,0.1509278016368203,0.0693159534882685,-0.0656,0.2006,0.1584
COAD/READ,A-804598,26,-0.1214505929182246,-0.2610294691941371,-0.0436,0.2499,0.6139
COAD/READ,ELCPK,26,0.2455384615384615,0.1090483838517741,-0.1051,0.2569,0.1089
COAD/READ,BMS-345541,37,0.0871977240398293,-0.0733629501328975,-0.0178,0.2341,0.3564
COAD/READ,N-acetyl cysteine,35,0.0030812324929971,-0.072439602644019,-0.0474,0.2102,0.396
COAD/READ,BEN,38,0.2365466681256155,0.1950214549521667,-0.0201,0.227,0.1188
COAD/READ,BRD-K45681478,40,-0.0386491557223264,-0.1435035626539643,-0.0098,0.2168,0.5842
COAD/READ,MN-64,40,0.032795497185741,-0.0579605231384661,-0.0596,0.2005,0.3366
COAD/READ,BRD-K02251932,36,-0.3613899613899614,-0.4157988484071198,-0.0269,0.2113,0.9307
COAD/READ,DBeQ,40,-0.0279174484052532,-0.1058058385687538,-0.0296,0.2275,0.5446
COAD/READ,Sepantronium bromide,38,0.4219061166429587,0.4049015060979329,-0.0091,0.2123,0.0396
COAD/READ,gossypol,36,0.4312998712998713,0.3912994401683582,-0.0358,0.2164,0.0297
COAD/READ,LMP744,38,0.4280774701827333,0.3621586386566043,-0.0678,0.2265,0.0198
COAD/READ,GSK1059615,27,-0.0953601953601953,-0.1669887491551191,-0.0774,0.2394,0.5347
COAD/READ,sirolimus,47,0.2084875115633672,0.199795857420167,0.0023,0.1875,0.1683
COAD/READ,betulinic acid,37,-0.2051252744441402,-0.2916776237786775,-0.0675,0.2214,0.7327
COAD/READ,BRD1835,40,-0.0708100755973885,-0.18443808279984,-0.0326,0.2072,0.5842
COAD/READ,tacrolimus,38,-0.1275622452208304,-0.2194101669592561,-0.0655,0.2439,0.6436
COAD/READ,lovastatin,40,0.3014258911819887,0.2492554598588203,-0.0386,0.1981,0.0495
COAD/READ,UNC0638,45,-0.1929380764163372,-0.2552191139239432,-0.0072,0.2061,0.8515
COAD/READ,NVP-TAE684,37,0.0688477951635846,-0.0351188134485149,-0.0257,0.2307,0.3762
COAD/READ,BRD-K19103580,38,0.1954480796586059,0.143003556330025,-0.0531,0.2079,0.1287
COAD/READ,marinopyrrole A,27,0.2448107448107448,0.1332793634328136,-0.0742,0.2449,0.1089
COAD/READ,barasertib,40,0.2914821763602252,0.2508673196142181,-0.0322,0.2021,0.0693
COAD/READ,Motesanib,39,0.0685020242914979,0.0103788067493951,-0.0523,0.2135,0.2772
COAD/READ,Sabutoclax,40,0.4019136960600376,0.3731301970064413,-0.0617,0.1908,0.0198
COAD/READ,BRD-K24690302,40,0.1207936583720158,0.0383181744446681,-0.0233,0.2137,0.2871
COAD/READ,paclitaxel,44,0.1207329105003523,0.0437619291057322,-0.0279,0.2093,0.2376
COAD/READ,Refametinib,39,0.2463967611336032,0.1695132572108947,-0.0622,0.2133,0.1089
COAD/READ,PRIMA-1,36,0.1709137709137709,0.0770076057287755,-0.0499,0.2151,0.2178
COAD/READ,KU-0063794,39,0.1260728744939271,0.0880219717194355,-0.0828,0.1998,0.1782
COAD/READ,obatoclax,41,0.0968989547038327,-0.0496271065921204,-0.0383,0.1957,0.2574
COAD/READ,BRD-K35604418,45,0.351699604743083,0.3120180580521708,-0.0089,0.2054,0.0396
COAD/READ,Ribociclib,39,-0.0343724696356275,-0.1254426248486051,-0.0526,0.2168,0.4356
COAD/READ,axitinib,47,0.2617483811285847,0.2020134610552728,-0.0242,0.1944,0.0891
COAD/READ,niclosamide,40,0.5625967453067557,0.5408712481023783,-0.0457,0.1951,0.0099
COAD/READ,Dactinomycin,40,0.307392120075047,0.2547532163536422,-0.0416,0.2065,0.0594
COAD/READ,SJ-172550,40,-0.0921314960133643,-0.1909452518425424,-0.0442,0.2154,0.5644
COAD/READ,P22077,38,0.1987307145201882,0.1520511615335505,-0.0331,0.1863,0.099
COAD/READ,WIKI4,38,0.455170149906992,0.4321866540330966,-0.0286,0.1962,0.0198
COAD/READ,zebularine,38,0.3439544807965861,0.2809948677833643,-0.0408,0.2116,0.0297
COAD/READ,BRD-K29313308,41,0.0142508710801393,-0.1235915020619118,-0.0428,0.2133,0.3762
COAD/READ,AZD5153,38,0.1047598205492942,0.0317299449114568,-0.0803,0.222,0.2178
COAD/READ,PL-DI,40,0.0597589005770224,-0.0741337788711564,-0.0333,0.2155,0.3762
COAD/READ,glutathione,35,0.4059943977591037,0.3372312315597545,-0.057,0.2053,0.0297
COAD/READ,CZC24832,40,0.2842776735459663,0.2609141214351632,-0.0339,0.2067,0.0495
COAD/READ,simvastatin,38,0.2896815844184265,0.245346968814712,-0.0341,0.2096,0.0891
COAD/READ,TPCA-1,40,0.1431774475049476,0.0573350577691862,-0.0183,0.228,0.2673
COAD/READ,KU-60019,40,-0.0692682926829268,-0.1626504143281728,-0.0851,0.209,0.4554
COAD/READ,ciclopirox,41,0.1110104529616724,0.0406805604726789,-0.0259,0.2042,0.2772
COAD/READ,WZ4003,40,0.0445028142589118,0.0043485688597637,-0.0339,0.215,0.3564
COAD/READ,gemcitabine,47,0.1378122109158187,0.0892779290137056,-0.042,0.2063,0.2079
COAD/READ,indisulam,39,-0.2278947368421052,-0.2914012365843756,-0.0773,0.1988,0.7822
COAD/READ,SMER-3,35,0.1788795518207283,0.0735209009862967,-0.0452,0.2454,0.198
COAD/READ,tretinoin,37,0.2677098150782361,0.2127519971322582,-0.061,0.2088,0.0693
COAD/READ,BRD-K71935468,38,-0.162586858042778,-0.2614199122375074,-0.0439,0.2224,0.703
COAD/READ,Picolinici-acid,40,0.1714446529080675,0.0966823294245475,-0.0501,0.226,0.2079
COAD/READ,GSK2606414,40,0.1347467166979362,0.0884928814514521,-0.0041,0.1983,0.2673
COAD/READ,CAY10618,39,0.0461538461538461,-0.0366804340250635,-0.0528,0.2253,0.4059
COAD/READ,necrostatin-7,40,0.0367729831144465,-0.0986655130672949,-0.1011,0.2243,0.2376
COAD/READ,tivozanib,40,-0.044094192895056,-0.1459773258726122,-0.0752,0.2213,0.4356
COAD/READ,BYL-719,45,-0.030197628458498,-0.147467334384726,-0.0866,0.1943,0.3762
COAD/READ,PD0325901,40,0.4080675422138838,0.3257902625906671,-0.0557,0.2092,0.0297
COAD/READ,AZ960,40,0.3493433395872421,0.3135662317187498,-0.0393,0.2228,0.0297
COAD/READ,AGK-2,46,-0.1047334176698267,-0.1614316882950494,-0.0419,0.2262,0.5545
COAD/READ,neuronal differentiation inducer III,40,0.4337711069418387,0.382265558776069,-0.065,0.2089,0.0099
COAD/READ,AM-580,39,-0.0151852604853777,-0.1733120728753855,-0.0882,0.1809,0.3465
COAD/READ,PI-103,39,0.3138648543962727,0.2700907177533228,-0.0651,0.1995,0.0594
COAD/READ,POMHEX,35,0.019719887955182,-0.0843897203900064,-0.0401,0.2186,0.3762
COAD/READ,GSK591,37,-0.1589853010905642,-0.2558796745047765,-0.0517,0.2287,0.6733
COAD/READ,isoevodiamine,40,0.1007504690431519,0.0205817392424023,-0.0334,0.2141,0.2772
COAD/READ,PRT062607,40,0.0554221388367729,-0.013166681009054,-0.0473,0.2197,0.3069
COAD/READ,"1S,3R-RSL-3",42,0.3006401426140507,0.2303439067536904,-0.0682,0.203,0.0594
COAD/READ,necrostatin-1,40,0.0837148217636022,-0.0078835273611697,-0.0228,0.2205,0.3366
COAD/READ,PFI-1,39,-0.3481781376518219,-0.3980541842400916,-0.055,0.2377,0.8911
COAD/READ,SR-II-138A,41,0.1799651567944251,0.1082939463725873,-0.0505,0.1942,0.1683
COAD/READ,MG-132,42,0.4169030062393647,0.3871112843373068,-0.0659,0.2171,0.0198
COAD/READ,Bosutinib,39,-0.1513765182186234,-0.2505967446302828,-0.0414,0.2259,0.6535
COAD/READ,ML258,37,-0.1973564107550817,-0.3637220444362246,-0.06,0.197,0.7327
COAD/READ,topotecan,48,0.1509552757273122,0.1102342615463545,-0.0547,0.1974,0.198
COAD/READ,ICL-SIRT078,31,-0.3259677419354839,-0.416945371459897,-0.078,0.2368,0.8614
COAD/READ,MGCD-265,40,0.1500562851782364,0.0750851635010662,-0.0746,0.2153,0.1485
COAD/READ,cytarabine hydrochloride,45,0.5148616600790513,0.4263962877422413,-0.0272,0.2056,0.0099
COAD/READ,vandetanib,40,0.1541088180112571,0.08122335542813,-0.0489,0.2139,0.1881
COAD/READ,Lestaurtinib,39,0.5412145748987853,0.4775320522086785,-0.0195,0.2119,0.0099
COAD/READ,TG-100-115,39,-0.0002835443401434,-0.1076840054585177,-0.0441,0.2245,0.3762
COAD/READ,MK-2206,48,-0.1387103777681285,-0.293339805258772,-0.016,0.2028,0.7129
COAD/READ,GSK343,40,0.2253658536585366,0.1971074490749737,-0.0538,0.2223,0.0891
COAD/READ,afatinib,48,0.069344333478072,0.0300070552591465,-0.0442,0.1796,0.3168
COAD/READ,ML162,40,0.0938086303939962,0.0091618080308142,-0.0291,0.2284,0.3168
COAD/READ,dexamethasone,41,0.0949532186224442,-0.0178063064233396,-0.046,0.1808,0.2475
COAD/READ,CID-5951923,36,0.1182104985591419,0.0640825082837164,-0.0313,0.1815,0.198
COAD/READ,fumonisin B1,40,0.1047516301166456,0.0428464143731441,-0.0472,0.2028,0.2475
COAD/READ,Irinotecan,40,0.1117073170731707,0.0578800850342138,-0.0518,0.2102,0.2277
COAD/READ,tandutinib,38,-0.2646897910055804,-0.381539825964883,-0.0103,0.1974,0.8713
COAD/READ,Bromosporine,38,0.0638800744063902,-0.0303842343984456,-0.0755,0.2133,0.297
COAD/READ,PDMP,39,0.1961538461538461,0.147678467776368,-0.039,0.2347,0.198
COAD/READ,piperlongumine,40,-0.1043527204502814,-0.1732731198285566,-0.0391,0.2376,0.6139
COAD/READ,tacedinaline,26,-0.1535042735042734,-0.2978339018635417,-0.0614,0.2339,0.6337
COAD/READ,curcumin,39,0.2739271255060729,0.1837609078637974,-0.013,0.213,0.1188
COAD/READ,phloretin,37,-0.0863442389758179,-0.1830807996460261,-0.0699,0.2362,0.5842
COAD/READ,Pyridostatin,35,0.357983193277311,0.2910879082277589,-0.0951,0.2112,0.0198
COAD/READ,Leflunomide,40,0.2086303939962476,0.1024836638219914,-0.0278,0.2061,0.1386
COAD/READ,itraconazole,39,0.1167611336032388,-0.0322999913652527,-0.0331,0.2256,0.2673
COAD/READ,ML210,37,0.1412517780938833,0.0575766370652355,-0.0445,0.219,0.2277
COAD/READ,etoposide,37,0.0545756282598387,-0.0023478236082808,-0.0398,0.2252,0.3762
COAD/READ,Podophyllotoxin bromide,38,0.6119050224313383,0.5905540820192007,-0.07,0.2133,0.0099
COAD/READ,AZD4547,47,-0.1975485661424607,-0.2454838899027545,-0.0343,0.1597,0.8317
COAD/READ,Camptothecin,40,-0.0214634146341463,-0.1178828916215457,-0.0581,0.2183,0.4455
COAD/READ,BRD-K50799972,38,-0.0883077092748161,-0.2338107476990981,-0.0622,0.2213,0.5644
COAD/READ,ML323,40,-0.0439399624765478,-0.1352855181109825,-0.0128,0.2092,0.5644
COAD/READ,I-BET151,39,-0.1592712550607287,-0.2130279816530345,-0.0768,0.2019,0.6733
COAD/READ,fulvestrant,43,0.0729990939293264,0.015592291055973,-0.0202,0.2169,0.3366
COAD/READ,austocystin D,38,0.7252653463179779,0.7113131513075811,-0.037,0.211,0.0099
COAD/READ,BRD-K09587429,33,0.2989635740478754,0.2101920709748843,-0.0617,0.2526,0.0792
COAD/READ,erismodegib,38,0.1824150574487218,0.1267044622634957,-0.0398,0.2151,0.1881
COAD/READ,vorinostat,47,-0.2890379278445883,-0.3126821961187239,-0.0204,0.1971,0.9208
COAD/READ,CI-976,39,-0.1891365855626996,-0.2690235554053584,-0.0834,0.2294,0.6832
COAD/READ,BRD-K26531177,34,0.0516119174942704,-0.022684823294936,-0.0578,0.2373,0.3267
COAD/READ,GSK2578215A,38,-0.1201663201663201,-0.1743512851739767,-0.0494,0.2047,0.6337
COAD/READ,AZ6102,37,-0.0986723565670933,-0.2648444187207913,-0.0291,0.2177,0.6238
COAD/READ,brivanib,37,0.2543859649122806,0.1960489589569126,-0.0747,0.2078,0.0495
COAD/READ,clofarabine,40,0.269956377237739,0.1563785293901649,-0.0214,0.1963,0.0792
COAD/READ,UNC0379,35,0.2817927170868347,0.1670686360769941,-0.0465,0.2344,0.0693
COAD/READ,CIL41,26,-0.253059829059829,-0.3681153580186071,-0.1128,0.2547,0.6931
COAD/READ,BMS-195614,40,-0.1665290806754221,-0.2168619594264965,-0.0573,0.226,0.6931
COAD/READ,SB505124,39,0.2997975708502024,0.2706139082230336,-0.0976,0.2202,0.0396
COAD/READ,N9-isopropylolomoucine,38,-0.0299595141700404,-0.1312281596956516,-0.0395,0.2309,0.4851
COAD/READ,prochlorperazine,38,-0.1361855782908414,-0.2645453722017696,-0.038,0.2218,0.6832
COAD/READ,sunitinib,38,-0.1874822190611664,-0.2733373759329285,-0.0845,0.2106,0.6634
COAD/READ,BRD-K34222889,37,-0.0701280227596017,-0.247266780694269,-0.0424,0.1995,0.604
COAD/READ,masitinib,38,-0.1975160040161625,-0.3152604773961782,-0.0486,0.2016,0.7426
COAD/READ,AZD5438,38,0.3370828318196739,0.2436501496044683,-0.0461,0.219,0.0495
COAD/READ,AZD5582,40,0.0762851782363977,-0.0170354664546582,-0.0505,0.228,0.2772
COAD/READ,epigallocatechin-3-monogallate,37,-0.4215043573286692,-0.5045823241036063,-0.0768,0.214,0.9307
COAD/READ,lenvatinib,38,-0.0680818470292154,-0.221693310921005,-0.067,0.2061,0.495
COAD/READ,bardoxolone methyl,39,0.3429554655870445,0.2993658060307567,-0.0485,0.2076,0.0198
COAD/READ,IWP-2,40,0.0126829268292682,-0.0170394723029752,-0.0277,0.208,0.4356
COAD/READ,I-BRD9,38,0.360280118174855,0.3279271212021164,-0.0429,0.2159,0.0495
COAD/READ,UMI-77,34,0.4552788388082505,0.4120832848795497,-0.0362,0.2259,0.0099
COAD/READ,VX-11e,37,-0.1577050734945471,-0.2672796242629481,-0.0442,0.2142,0.7129
COAD/READ,ISOX,37,0.145045045045045,0.0346640550338865,-0.0632,0.2051,0.1584
COAD/READ,EPZ004777,40,-0.0111819887429643,-0.186940753343238,-0.0251,0.2198,0.4851
COAD/READ,BRD-K33199242,40,-0.0261593024554421,-0.0725600334430661,-0.0446,0.2188,0.4752
COAD/READ,GSK4112,39,0.1325168279443964,0.0865129849044381,-0.0679,0.1909,0.1485
COAD/READ,decitabine,40,0.2449906191369605,0.1975162279507585,-0.0634,0.2349,0.1287
COAD/READ,ML006,38,-0.0982218089777881,-0.1977538317227885,-0.0101,0.1809,0.703
COAD/READ,MK-0752,40,0.2243257190891303,0.2066004242547658,-0.045,0.2137,0.1188
COAD/READ,Avagacestat,39,0.0563967611336032,-0.0274999356045983,-0.0344,0.2104,0.3168
COAD/READ,gefitinib,47,0.0115171137835337,-0.0500664259654529,-0.0515,0.1873,0.4059
COAD/READ,BRD-K55116708,35,0.1465368726893481,0.0237698235611749,-0.0385,0.2015,0.2277
COAD/READ,CIL55A,27,0.2720806015518762,0.2440073679040457,-0.0443,0.2343,0.099
COAD/READ,manumycin A,41,0.1013588850174216,0.0567763409427622,-0.0298,0.2034,0.297
COAD/READ,RO-3306,39,0.0193927125506072,-0.0383730924353151,-0.0084,0.2039,0.4158
COAD/READ,GNE-317,38,0.1682678630047051,0.0744221613487231,-0.0942,0.2247,0.1485
COAD/READ,BI-2536,47,0.3815448658649399,0.3238723992180063,-0.0382,0.2029,0.0099
COAD/READ,Zoledronate,38,-0.1104497209760367,-0.2251175268594991,-0.0408,0.215,0.6337
COAD/READ,KU-55933,47,0.1448658649398705,0.0937463917232126,-0.0558,0.2024,0.1881
COAD/READ,Entospletinib,40,0.2667917448405253,0.1822289939266423,-0.0278,0.211,0.0792
COAD/READ,GSK2636771,28,0.0311986863711001,-0.2625655551114984,-0.0428,0.2696,0.3762
COAD/READ,VAF-347,27,-0.0882783882783882,-0.12317386373048,-0.0242,0.2697,0.6337
COAD/READ,cediranib,42,0.0012802852281014,-0.0831284024989716,-0.0418,0.2092,0.4356
COAD/READ,PD318088,41,0.1371428571428571,0.0605418433616146,-0.0642,0.2448,0.2772
COAD/READ,LGK974,40,-0.0292682926829268,-0.168403965903158,-0.0145,0.2109,0.5248
COAD/READ,Savolitinib,38,0.1178903599956231,0.0343408855764519,-0.0718,0.2259,0.198
COAD/READ,ibrutinib,44,-0.0916983791402396,-0.1933323359500117,-0.0468,0.2241,0.604
COAD/READ,CIL56,25,0.0176923076923076,-0.0881300796215529,-0.0541,0.2585,0.4356
COAD/READ,nintedanib,38,-0.3310390112740692,-0.3658869978292692,-0.0426,0.22,0.8911
COAD/READ,RAF265,26,0.177025641025641,0.0527175799540978,-0.1047,0.241,0.1683
COAD/READ,leptomycin B,41,0.1187108013937282,0.0350631644731114,-0.0258,0.2106,0.2574
COAD/READ,Mirin,40,0.0768855534709193,-0.0039693144019163,-0.0926,0.1874,0.2178
COAD/READ,BRD-K11533227,34,-0.0222154316271963,-0.214173949646946,-0.04,0.1831,0.4851
COAD/READ,GSK2110183B,38,-0.0486924171134697,-0.1622892558746778,-0.0763,0.2006,0.4554
COAD/READ,ceranib-2,41,0.3855749128919862,0.3454143440352297,-0.0538,0.223,0.0099
COAD/READ,Sinularin,38,-0.0114892220155378,-0.1109281476231976,-0.0511,0.2123,0.5149
COAD/READ,FQI-1,27,0.0579975579975579,-0.0262106481848437,-0.0962,0.2448,0.2376
COAD/READ,ML050,40,0.1197748592870544,0.0538099697002814,-0.0319,0.2169,0.2673
COAD/READ,compound 1B,37,0.2404078796548755,0.1967137500098028,-0.0271,0.21,0.1287
COAD/READ,PAC-1,38,0.1503227924280556,0.0259290734099679,-0.0692,0.213,0.1584
COAD/READ,parbendazole,37,0.2292928698236899,0.1553170165759735,-0.0669,0.2199,0.0693
COAD/READ,CD-1530,36,-0.0238898187073637,-0.0967999117243396,-0.0589,0.2018,0.396
COAD/READ,bendamustine,35,0.1078377834271651,0.0504415917101415,-0.042,0.2367,0.2772
COAD/READ,AZ-3146,37,-0.0120939059601486,-0.0443035680974721,-0.0105,0.2251,0.505
COAD/READ,OF-1,40,0.2040150093808631,0.0931062901636849,-0.0227,0.1979,0.1188
COAD/READ,LJI308,37,-0.0513987671882408,-0.1071929670551584,-0.0403,0.2187,0.505
COAD/READ,ML320,41,0.1078745644599303,0.0388522812894711,-0.0346,0.2116,0.2772
COAD/READ,NSC19630,44,0.0957857646229739,0.0006222237933143,-0.0542,0.1982,0.2277
COAD/READ,KW-2449,39,0.0468421052631579,-0.0820196930651276,-0.0635,0.2214,0.3366
COAD/READ,PLX-4720,48,0.4471993052540165,0.3914011499700656,-0.0663,0.1801,0.0099
COAD/READ,LE-135,41,0.1768989547038327,0.0965510387220383,-0.0529,0.2052,0.1386
COAD/READ,vorapaxar,39,-0.0447054068689522,-0.2005783729132487,-0.0905,0.208,0.4356
COAD/READ,dasatinib,48,0.2240772904906643,0.186320629962824,-0.0902,0.1839,0.0693
COAD/READ,docetaxel,43,0.2306251887647236,0.1910338246028998,-0.023,0.2073,0.1287
COAD/READ,trifluoperazine,37,0.1299193930772877,0.017080313164554,-0.0362,0.2281,0.2574
COAD/READ,SKI-II,40,-0.2805404440461725,-0.376473776626589,0.0001,0.2306,0.901
COAD/READ,SNX-2112,42,0.0141803743618831,-0.065246809279027,-0.0582,0.2242,0.396
COAD/READ,GSK461364,38,0.4787613524455629,0.4347156776086993,-0.042,0.2181,0.0099
COAD/READ,Compound 23 citrate,39,0.1866086342791698,0.1190042410629656,-0.0788,0.1851,0.0693
COAD/READ,alisertib,49,0.0545306122448979,-0.0238669285328585,-0.0483,0.1972,0.3168
COAD/READ,CHM-1,38,0.1441514388882809,0.062682171678122,-0.0406,0.2006,0.1881
COAD/READ,3-Cl-AHPC,38,-0.155968924389977,-0.259666600060723,-0.0543,0.2189,0.6931
COAD/READ,Obatoclax Mesylate,38,0.2847795163584637,0.2156354472445397,-0.0662,0.2061,0.0396
COAD/READ,momelotinib,38,-0.2557610241820768,-0.3248935176441319,-0.0494,0.2151,0.8416
COAD/READ,BMS-536924,46,0.1125747764415664,0.0179768568288982,-0.0368,0.2101,0.2673
COAD/READ,VER-155008,39,0.124412955465587,0.0809458583288439,-0.0578,0.2153,0.2277
COAD/READ,nakiterpiosin,38,0.2927453769559033,0.2098376278408346,-0.0498,0.2157,0.0693
COAD/READ,pifithrin-mu,39,0.2372874493927125,0.1488076349621249,-0.0426,0.2052,0.1188
COAD/READ,123138,38,0.1789035999562315,0.1585449625074673,-0.0461,0.189,0.1287
COAD/READ,123829,38,0.3365576102418207,0.3046898588013875,-0.1077,0.2171,0.0198
COAD/READ,150412,38,0.0304847357478936,-0.0424319370590691,-0.0529,0.1939,0.3861
COAD/READ,50869,38,0.4061932377721852,0.3334464213087457,-0.0843,0.2027,0.0297
COAD/READ,615590,38,0.1371484845169055,0.0437260423759608,-0.0602,0.2099,0.1881
COAD/READ,630600,38,0.4730276835539994,0.4439852250019216,-0.0531,0.2113,0.0099
COAD/READ,667880,38,-0.0007659481343692,-0.1984937674010974,-0.0424,0.2119,0.4554
COAD/READ,720427,38,0.2745814640551482,0.2231994741986703,-0.0186,0.2131,0.1287
COAD/READ,729189,38,0.2473137104716051,0.2143237609740148,-0.0783,0.2233,0.0891
COAD/READ,741909,38,0.0057555531239741,-0.1268711467378105,-0.0367,0.2365,0.495
COAD/READ,743380,38,-0.1603895393369077,-0.1972116067886731,-0.018,0.1895,0.7228
COAD/READ,765771,38,0.2931830616041142,0.2362748340216822,-0.0641,0.2215,0.0594
COAD/READ,776928,38,0.2781704781704781,0.2296544999825076,-0.1059,0.2066,0.0594
COAD/READ,BDF00022089a,38,0.0145967830178356,-0.0576280321515029,-0.0446,0.2145,0.3861
COAD/READ,BDILV000379a,38,0.1402122770543823,0.0461670351585443,-0.0634,0.2083,0.198
COAD/READ,BDOCA000347a,38,-0.0160411423569318,-0.1207849399138527,-0.0291,0.2245,0.5149
COAD/READ,BDP-00009066,34,0.0637738731856379,0.0438029765764986,-0.0528,0.2155,0.297
COAD/READ,BPD-00008900,34,-0.1469518716577539,-0.2340202973064673,-0.0467,0.2183,0.6931
COAD/READ,CDK9_5038,38,0.3117846591530802,0.2610950005833373,-0.0315,0.2291,0.1089
COAD/READ,CDK9_5576,38,0.3425101214574899,0.2941827922292592,-0.017,0.2149,0.0396
COAD/READ,CT7033-2,35,0.3278431372549019,0.2735308054259641,-0.072,0.2375,0.0693
COAD/READ,Eg5_9814,38,0.2202647992121676,0.1175071395697431,-0.0543,0.203,0.0693
COAD/READ,ERK_2440,38,-0.0289966079439763,-0.1828222165842165,-0.0751,0.1895,0.3564
COAD/READ,ERK_6604,38,0.2368530473793631,0.1737428280099337,-0.0765,0.1863,0.0594
COAD/READ,GSK2256098C,38,0.1054163475216106,-0.0244353282900303,-0.0573,0.2277,0.2772
COAD/READ,GSK2276186C,38,0.1813108655213918,0.1276409922281546,-0.0664,0.2149,0.1782
COAD/READ,GSK2830371A,38,0.0028230659809607,-0.0692010194083641,-0.06,0.2104,0.396
COAD/READ,GSK3337463A,38,0.027027027027027,-0.0464196810271904,-0.0362,0.2068,0.396
COAD/READ,GSK626616AC,38,-0.0759601706970128,-0.1548518264622963,-0.0537,0.2315,0.5644
COAD/READ,IGF1R_3801,38,-0.2810591968486705,-0.3748497734782592,-0.0605,0.2179,0.8317
COAD/READ,IRAK4_4710,38,0.3832585622059306,0.3269091465955538,-0.0911,0.2093,0.0198
COAD/READ,JAK1_8709,38,0.0267206477732793,-0.0174460375653715,-0.0791,0.2251,0.3465
COAD/READ,JAK_8517,38,0.0558704453441295,-0.0040528210274104,-0.0741,0.1895,0.2376
COAD/READ,LMB_AB1,38,-0.0698325856220593,-0.1563687653676083,-0.0261,0.2092,0.5545
COAD/READ,LMB_AB2,38,0.1765716476900166,0.0971710772039086,-0.0711,0.2065,0.1386
COAD/READ,LMB_AB3,38,-0.2818907976802713,-0.3447466155903083,-0.0467,0.2146,0.8515
COAD/READ,N25720-51-A1,34,0.5288006111535524,0.503539515480226,-0.0567,0.2264,0.0099
COAD/READ,N27922-53-1,34,-0.1833766233766233,-0.3116558161588765,-0.0699,0.2042,0.7129
COAD/READ,N29087-69-1,34,-0.173659281894576,-0.299071291697498,-0.069,0.2209,0.6832
COAD/READ,N30652-18-1,34,0.0214820473644003,-0.0957111254245831,-0.0813,0.2249,0.297
COAD/READ,PAK_5339,38,0.0202866834445781,-0.0638164287204531,-0.0526,0.2169,0.4356
COAD/READ,PBD-288,35,0.253781512605042,0.1679031923487497,-0.049,0.2229,0.1188
COAD/READ,TAF1_5496,38,-0.2083274063412577,-0.3368397715237217,-0.0681,0.2129,0.7129
COAD/READ,THR-101,35,0.0698039215686274,-0.023256019427613,-0.0735,0.2059,0.2376
COAD/READ,THR-102,35,0.1911484593837535,0.0776735836613144,-0.0598,0.2708,0.2277
COAD/READ,THR-103,35,0.1002801120448179,-0.0083014766314477,-0.0743,0.2399,0.2673
COAD/READ,ULK1_4989,38,0.0993762993762993,-0.0080772487943524,-0.0309,0.2051,0.2475
COAD/READ,VSP34_8731,38,0.1481343691870007,0.0925485581239203,-0.0325,0.2247,0.2178
COAD/READ,VTP-A,33,0.4828208556149733,0.3769365867570575,-0.0498,0.2094,0.0099
COAD/READ,VTP-B,33,0.0425133689839572,-0.032503870424721,-0.0819,0.2156,0.3069
DLBC,I-BET-762,25,-0.1321538461538461,-0.2153921170513836,-0.0654,0.2472,0.6139
DLBC,Erlotinib,24,-0.4031304347826087,-0.5334986726948114,-0.0858,0.2487,0.9109
DLBC,Afuresertib,26,0.3362051282051281,0.2981305911194862,-0.1069,0.2383,0.0495
DLBC,Palbociclib,26,0.3512478632478632,0.2265461274895655,-0.067,0.2294,0.0495
DLBC,PCI-34051,25,-0.286,-0.4444034377129799,-0.102,0.3013,0.7228
DLBC,Epirubicin,26,0.0274188034188034,-0.1254045269225345,-0.0308,0.2466,0.4059
DLBC,Uprosertib,26,0.3027008547008546,0.2446722267673625,-0.1102,0.2552,0.0594
DLBC,Tanespimycin,25,0.2256923076923076,0.1434261714682769,-0.0665,0.2429,0.1188
DLBC,Lapatinib,26,0.2909401709401709,0.2440054788713006,-0.0612,0.2454,0.0594
DLBC,Nutlin-3a (-),26,0.2304957264957264,0.1033286862519485,-0.1292,0.2606,0.099
DLBC,Taselisib,26,-0.2075213675213675,-0.2967962690091264,-0.0921,0.2221,0.703
DLBC,Dabrafenib,25,0.041076923076923,-0.1297444157782797,-0.094,0.259,0.3366
DLBC,PRIMA-1MET,25,-0.1133846153846153,-0.1761245456499905,-0.0938,0.2443,0.5545
DLBC,MK-1775,26,0.6062905982905982,0.5683294432084447,-0.083,0.2665,0.0099
DLBC,Temozolomide,26,0.0278290598290598,-0.0916713609996774,-0.0839,0.2404,0.3267
DLBC,Vismodegib,25,-0.2669230769230769,-0.3955664316292535,-0.1029,0.2691,0.7327
DLBC,GDC0810,26,0.2061538461538461,0.0745247697664359,-0.0742,0.2283,0.099
DLBC,Temsirolimus,23,0.2482213438735178,0.1703756818158996,-0.0743,0.2836,0.1089
DLBC,AGI-6780,25,0.1928063124721359,0.0488241230696767,-0.1219,0.2638,0.1386
DLBC,Serdemetan,25,0.2181538461538461,0.1548207187463121,-0.0577,0.2511,0.1584
DLBC,Cyclophosphamide,26,-0.1462564102564102,-0.2311576937118661,-0.0796,0.2768,0.5743
DLBC,Buparlisib,26,-0.1313504273504273,-0.2623617163961922,-0.0887,0.252,0.5545
DLBC,Foretinib,26,-0.3802393162393161,-0.5375514103955303,-0.0855,0.2712,0.8713
DLBC,Selumetinib,26,0.0949743589743589,-0.0259478323932303,-0.0376,0.25,0.3267
DLBC,Sapitinib,26,-0.0565470085470085,-0.1571557395397083,-0.0917,0.2409,0.4554
DLBC,JQ1,25,0.0681538461538461,-0.1442460233788698,-0.0749,0.2725,0.3069
DLBC,Wee1 Inhibitor,26,0.3288205128205128,0.3070057571004299,-0.1062,0.2515,0.0396
DLBC,Oxaliplatin,26,-0.3165128205128205,-0.4699969762097403,-0.1107,0.2441,0.7822
DLBC,AZD6738,26,0.6035555555555555,0.5818158512959312,-0.0869,0.2373,0.0099
DLBC,VE821,25,-0.054,-0.1431534553120788,-0.0335,0.2714,0.5545
DLBC,Osimertinib,26,0.2657777777777778,0.1361302478028226,-0.0565,0.2632,0.1386
DLBC,PD173074,26,0.1536410256410256,0.0600654191211953,-0.0714,0.2672,0.2277
DLBC,Methotrexate,20,-0.2138345864661654,-0.4084265371157689,-0.0583,0.2903,0.6931
DLBC,Olaparib,26,-0.248,-0.4050846139261424,-0.0574,0.2606,0.7228
DLBC,SN-38,26,0.1149401709401709,0.0796740621985969,-0.0642,0.2511,0.2475
DLBC,AGI-5198,26,-0.0618803418803418,-0.1874844627280882,-0.0739,0.2488,0.4752
DLBC,Vinorelbine,26,-0.1946666666666666,-0.3205503148894695,-0.0869,0.2425,0.6733
DLBC,5-Fluorouracil,26,0.1814017094017094,0.0918632450331731,-0.0996,0.2563,0.1287
DLBC,MK-8776,26,0.5123418803418803,0.4727004485213734,-0.0748,0.2567,0.0297
DLBC,OTX015,25,-0.1892307692307692,-0.2339485265815712,-0.0864,0.2496,0.6634
DLBC,Lenalidomide,25,0.0924615384615384,0.0077332549545801,-0.0802,0.252,0.2574
DLBC,Ipatasertib,26,0.1232820512820512,0.0284301334222159,-0.1077,0.2412,0.1584
DLBC,Bortezomib,26,0.0275555555555555,-0.0500684595440519,-0.1239,0.2527,0.3168
DLBC,GW441756,26,0.1679999999999999,0.0671176143366345,-0.0518,0.2757,0.2475
DLBC,SCH772984,25,-0.1583076923076923,-0.3576764997057243,-0.0537,0.2443,0.6634
DLBC,Ruxolitinib,25,0.055076923076923,-0.0462716296782205,-0.1372,0.2579,0.198
DLBC,Nilotinib,26,-0.0521709401709401,-0.1437266872814168,-0.0683,0.2318,0.505
DLBC,Staurosporine,26,-0.3662905982905982,-0.4722365148883753,-0.0898,0.2577,0.8416
DLBC,YK-4-279,26,-0.0473846153846153,-0.2231752008227231,-0.1294,0.2708,0.3564
DLBC,Rucaparib,25,0.184,0.0301345521636848,-0.1061,0.2762,0.1782
DLBC,ABT737,26,0.1124786324786324,-0.0095578955386044,-0.0698,0.2775,0.2673
DLBC,Talazoparib,26,0.167042735042735,-0.0369907093591086,-0.0557,0.2477,0.1881
DLBC,AZD7762,26,-0.0069059829059829,-0.1533319092842303,-0.0502,0.2665,0.4059
DLBC,LY2109761,24,0.1347826086956521,0.0840371011049035,-0.042,0.267,0.2475
DLBC,AT13148,26,-0.0017094017094017,-0.093929328735806,-0.0956,0.2346,0.3168
DLBC,PFI3,25,-0.1321538461538461,-0.2577142949825245,-0.103,0.2369,0.5248
DLBC,Entinostat,25,-0.3923076923076923,-0.534086895596493,-0.1127,0.2765,0.8119
DLBC,SGC0946,26,-0.0621538461538461,-0.1587350853242474,-0.0699,0.2758,0.495
DLBC,NU7441,26,-0.0934700854700854,-0.2400564856512264,-0.0765,0.2677,0.5644
DLBC,SB216763,26,-0.019076923076923,-0.2367334744252149,-0.0736,0.2451,0.4455
DLBC,AZD5363,26,0.3625982905982906,0.3326569401873406,-0.0993,0.2443,0.0495
DLBC,WEHI-539,25,-0.1964615384615384,-0.3606897216442044,-0.0499,0.2567,0.7129
DLBC,Navitoclax,26,0.0034871794871794,-0.1922468853488108,-0.0891,0.291,0.3465
DLBC,Veliparib,25,0.0898461538461538,-0.006242946028873,-0.0843,0.2474,0.2376
DLBC,Dactolisib,26,0.2689230769230769,0.2168674838370387,-0.0688,0.2535,0.1188
DLBC,OSI-027,26,-0.2864273504273503,-0.3748914240944783,-0.053,0.2429,0.7822
DLBC,VE-822,25,0.034,-0.1588823479029233,-0.0815,0.2681,0.3564
DLBC,Wnt-C59,25,-0.4895384615384615,-0.5995097079579381,-0.0573,0.2738,0.9406
DLBC,XAV939,25,-0.4058461538461538,-0.6197491730922681,-0.1118,0.2386,0.8713
DLBC,CCT007093,26,-0.0406837606837606,-0.1621286877369801,-0.0466,0.2691,0.495
DLBC,JNK Inhibitor VIII,24,-0.0483478260869565,-0.121403736912955,-0.1223,0.2655,0.396
DLBC,Ulixertinib,26,0.2847863247863248,0.1772105771911076,-0.0624,0.2614,0.1089
DLBC,Crizotinib,26,-0.0557264957264957,-0.1644051872572689,-0.1184,0.2459,0.3861
DLBC,AMG-319,25,-0.0853846153846153,-0.2268106543485961,-0.1057,0.2377,0.4851
DLBC,Pictilisib,26,-0.189059829059829,-0.3362707594235593,-0.1247,0.2262,0.5842
DLBC,Trametinib,26,0.1112478632478632,-0.0207255679019215,-0.0834,0.2622,0.2376
DLBC,AZD8186,26,0.2217435897435897,0.1440999099039712,-0.084,0.2408,0.1188
DLBC,Venetoclax,26,0.2202393162393162,0.0802568095902526,-0.0502,0.2653,0.1287
DLBC,BMS-754807,25,0.0449230769230769,-0.1127318027177264,-0.0772,0.2729,0.3267
DLBC,EHT-1864,26,0.4963418803418803,0.4106520169522431,-0.0875,0.2752,0.0198
DLBC,NVP-ADW742,26,0.2719316239316239,0.1803778385520571,-0.0845,0.2483,0.0891
DLBC,EPZ5676,25,-0.1036923076923076,-0.2364646265439962,-0.0806,0.2622,0.5545
DLBC,BMS-345541,24,0.0542608695652173,-0.028589720424388,-0.1259,0.2862,0.297
DLBC,Telomerase Inhibitor IX,26,0.029059829059829,-0.0626092347575711,-0.0736,0.2394,0.3465
DLBC,Sorafenib,26,-0.0688547008547008,-0.1404383983079392,-0.0831,0.2517,0.4257
DLBC,SB590885,26,-0.1879658119658119,-0.2636060856085078,-0.0776,0.252,0.6535
DLBC,KRAS (G12C) Inhibitor-12,25,-0.2263076923076922,-0.3185057581847988,-0.071,0.3124,0.6931
DLBC,GSK1904529A,26,-0.0063589743589743,-0.1341774220962666,-0.1084,0.2587,0.3564
DLBC,Pevonedistat,26,0.3006495726495726,0.2030768445331205,-0.025,0.2708,0.1188
DLBC,Doramapimod,26,0.0529914529914529,-0.0715485781482229,-0.0521,0.257,0.3861
DLBC,Luminespib,26,0.3545299145299145,0.2554070811188345,-0.093,0.2453,0.0594
DLBC,RVX-208,25,0.1209230769230769,-0.0005574473006868,-0.1254,0.2657,0.2277
DLBC,Tamoxifen,26,0.048068376068376,-0.0175307669231626,-0.0901,0.2497,0.2772
DLBC,ZM447439,26,-0.0737777777777777,-0.1631970118981109,-0.0957,0.3012,0.4653
DLBC,Niraparib,25,-0.1612307692307692,-0.2423336852801689,-0.0951,0.237,0.6139
DLBC,BIBR-1532,26,-0.3636923076923077,-0.4867712311632308,-0.0778,0.2536,0.8812
DLBC,Dinaciclib,25,-0.1584615384615384,-0.2340719694754303,-0.0624,0.2616,0.6238
DLBC,Linsitinib,26,-0.0241367521367521,-0.1957468838583068,-0.0693,0.2423,0.4158
DLBC,MN-64,25,-0.1424615384615384,-0.2699042641146469,-0.0426,0.2774,0.6139
DLBC,Sepantronium bromide,26,0.2667350427350426,0.1810671901553145,-0.0722,0.2485,0.099
DLBC,Rapamycin,25,0.1564615384615384,0.0569554452342937,-0.0991,0.2495,0.1782
DLBC,Sabutoclax,24,0.1673043478260869,0.0124705622074497,-0.0783,0.2376,0.198
DLBC,Paclitaxel,26,0.1641709401709401,0.0097214867124194,-0.0455,0.265,0.2277
DLBC,Refametinib,25,0.095076923076923,0.0123891057534031,-0.0703,0.223,0.2376
DLBC,Ribociclib,26,0.0115555555555555,-0.1010543761460125,-0.0975,0.2668,0.3663
DLBC,Axitinib,26,-0.0108717948717948,-0.0769146247038506,-0.103,0.2634,0.3465
DLBC,Dactinomycin,26,0.0672136752136752,-0.0273585332108774,-0.0769,0.2551,0.297
DLBC,P22077,26,-0.3420854700854701,-0.4349385248246018,-0.0773,0.2688,0.8218
DLBC,WIKI4,26,-0.5954871794871794,-0.6598190141426216,-0.0959,0.2876,0.9703
DLBC,CZC24832,25,-0.0566153846153846,-0.1727004473263785,-0.0675,0.2416,0.505
DLBC,WZ4003,25,0.1307692307692307,0.0205766217751467,-0.1041,0.2486,0.1584
DLBC,Gemcitabine,26,0.2514188034188034,0.1238697283344702,-0.041,0.2716,0.1584
DLBC,Picolinici-acid,25,-0.0229230769230769,-0.1396494294031986,-0.0688,0.265,0.4158
DLBC,GSK2606414,23,-0.2375494071146245,-0.2915207304994596,-0.0551,0.2603,0.7327
DLBC,Alpelisib,26,-0.3892649572649572,-0.5862798402143363,-0.1108,0.2303,0.8713
DLBC,PD0325901,26,0.4893675213675212,0.4184480354935326,-0.0661,0.2674,0.0396
DLBC,AZ960,25,-0.0984615384615384,-0.1965589102061232,-0.0981,0.257,0.505
DLBC,AGK2,23,-0.1033596837944664,-0.2719874426724914,-0.0563,0.2696,0.5446
DLBC,GSK591,26,0.2348717948717948,0.1721037046078699,-0.0834,0.2559,0.0891
DLBC,PRT062607,25,-0.3732307692307692,-0.4563009213195149,-0.0619,0.2799,0.8317
DLBC,PFI-1,26,0.0368547008547008,-0.1017565562620594,-0.0786,0.257,0.3564
DLBC,MG-132,26,0.4796581196581196,0.4329343710931552,-0.0796,0.2647,0.0297
DLBC,Bosutinib,25,0.1243076923076923,0.0009653759057995,-0.0779,0.2382,0.2178
DLBC,LCL161,25,-0.2201538461538462,-0.4134147133345353,-0.0331,0.2623,0.7426
DLBC,Lestaurtinib,25,0.1036923076923076,0.0319549831661064,-0.028,0.2621,0.3465
DLBC,MK-2206,26,0.2165470085470085,0.1302870436646804,-0.0999,0.2441,0.1188
DLBC,GSK343,26,0.1045470085470085,0.0196912198090356,-0.0699,0.2578,0.297
DLBC,Afatinib,26,0.3107692307692308,0.2852813075025264,-0.1165,0.2542,0.0495
DLBC,Irinotecan,26,0.1772991452991452,0.1465644934738643,-0.0947,0.2613,0.1881
DLBC,Pyridostatin,26,-0.2138119658119658,-0.330879867251022,-0.1002,0.2336,0.6832
DLBC,Leflunomide,25,-0.047076923076923,-0.1729014114884547,-0.0431,0.2753,0.4653
DLBC,AZD4547,26,-0.2719316239316239,-0.4087599922637144,-0.0847,0.2315,0.7822
DLBC,Camptothecin,26,0.139008547008547,0.0535171950040437,-0.0708,0.2378,0.2277
DLBC,ML323,23,-0.4792490118577075,-0.6750696073115551,-0.071,0.2507,0.9307
DLBC,Fulvestrant,26,0.3459145299145299,0.2688056545528904,-0.0872,0.2408,0.0297
DLBC,Vorinostat,26,-0.5669059829059828,-0.6490635990641324,-0.0886,0.2648,0.9604
DLBC,GSK2578215A,26,-0.3894017094017094,-0.5273631787368532,-0.0437,0.2482,0.9208
DLBC,AZ6102,26,-0.2627692307692307,-0.4318611002714928,-0.0927,0.2121,0.802
DLBC,AZD5582,25,0.4873846153846154,0.4550250283450257,-0.0892,0.2305,0.0099
DLBC,IWP-2,25,-0.3283076923076923,-0.4381380839369849,-0.1114,0.2587,0.7624
DLBC,I-BRD9,26,0.3396239316239316,0.2981058771439249,-0.0853,0.2417,0.0297
DLBC,VX-11e,26,0.1195897435897435,-0.0660926691816959,-0.052,0.2624,0.2673
DLBC,EPZ004777,26,0.0308376068376068,-0.1020372161297106,-0.0786,0.2763,0.4158
DLBC,Avagacestat,26,0.0722735042735042,-0.0155045208535201,-0.0734,0.2708,0.297
DLBC,Gefitinib,26,-0.0784273504273504,-0.134750256468103,-0.09,0.234,0.495
DLBC,RO-3306,26,-0.1744273504273504,-0.2226485557526764,-0.0769,0.2743,0.604
DLBC,GNE-317,25,0.1135384615384615,0.0236483844982461,-0.0963,0.2815,0.2574
DLBC,BI-2536,24,0.1629565217391304,-0.0097104846332597,-0.0553,0.2544,0.2277
DLBC,KU-55933,26,-0.0007521367521367,-0.0685131197385305,-0.0615,0.2424,0.4158
DLBC,Entospletinib,25,-0.2789230769230769,-0.423745222602838,-0.0597,0.2387,0.7921
DLBC,Cediranib,26,0.3552136752136752,0.2917328460710194,-0.0609,0.2753,0.0693
DLBC,LGK974,26,-0.1792136752136751,-0.3558208505075629,-0.0503,0.2559,0.6931
DLBC,Ibrutinib,25,-0.0686153846153846,-0.2038986587141717,-0.0552,0.2659,0.5149
DLBC,Mirin,25,0.2272307692307692,0.1134368495712404,-0.0578,0.2773,0.1584
DLBC,OF-1,25,-0.137076923076923,-0.3498984669879255,-0.0608,0.246,0.6139
DLBC,LJI308,26,-0.3991111111111111,-0.5220760125036461,-0.0624,0.2573,0.9307
DLBC,MIRA-1,26,-0.0472478632478632,-0.2358107241552546,-0.0742,0.2414,0.4356
DLBC,PLX-4720,25,-0.058,-0.1365268913951733,-0.1233,0.2352,0.3861
DLBC,Dasatinib,24,0.2528695652173912,0.1409918845641198,-0.0912,0.2507,0.1089
DLBC,Docetaxel,26,0.1074188034188034,0.0437041395525906,-0.1239,0.2548,0.2178
DLBC,Alisertib,24,0.0036521739130434,-0.1043897673375058,-0.0615,0.272,0.4455
DLBC,BMS-536924,26,-0.0456068376068376,-0.1599403071662568,-0.0813,0.2649,0.4356
ESCA,GSK525762A,25,-0.0476923076923076,-0.1649603401306182,-0.0695,0.2525,0.4653
ESCA,erlotinib,25,0.1012307692307692,-0.0117240653729564,-0.1025,0.2637,0.2673
ESCA,BMS-270394,24,-0.1956521739130434,-0.2744347188789453,-0.0877,0.2737,0.6634
ESCA,KU 0060648,24,-0.1106086956521739,-0.1954184546226789,-0.0959,0.2823,0.505
ESCA,Merck60,22,-0.1356295878035008,-0.2335841930469665,-0.0615,0.2942,0.6238
ESCA,pyrazolanthrone,24,-0.1100869565217391,-0.2755611381434194,-0.1031,0.2747,0.5248
ESCA,Afuresertib,22,-0.4920383963862225,-0.6145185842887042,-0.0259,0.2995,0.9406
ESCA,alpha-lipoic acid,21,-0.0563636363636363,-0.2474348887044172,-0.0438,0.2996,0.4752
ESCA,BRD-K97651142,24,0.2947826086956521,0.2186705488368187,-0.0523,0.2806,0.1683
ESCA,Palbociclib,23,-0.2264822134387351,-0.3346851732725693,-0.08,0.2664,0.6931
ESCA,Compound 7d-cis,21,-0.3633766233766234,-0.4466966258365211,-0.057,0.2727,0.8713
ESCA,BRD-K88742110,25,-0.0692307692307692,-0.230087478298408,-0.1124,0.2611,0.396
ESCA,BRD-K14844214,24,-0.0132202655875837,-0.0627610381995639,-0.0791,0.2916,0.4257
ESCA,bosutinib,24,0.234086956521739,0.1252360902848124,-0.1112,0.2561,0.099
ESCA,doxorubicin,25,0.0227692307692307,-0.1223625808884123,-0.0768,0.272,0.4059
ESCA,BRD-K80183349,24,0.0036521739130434,-0.0892971501829685,-0.0753,0.2593,0.3861
ESCA,CHIR-99021,24,-0.3199999999999999,-0.4438745513364591,-0.0492,0.2576,0.8614
ESCA,PYR-41,24,0.0212173913043478,-0.1327490935862452,-0.0853,0.2779,0.3861
ESCA,UNC0321,24,-0.0767123305805849,-0.1228489853575404,-0.0867,0.2786,0.4653
ESCA,SCH-79797,23,0.241699604743083,0.0766852465442103,-0.0401,0.2744,0.1881
ESCA,spautin-1,24,0.1111304347826086,-0.0308678236906972,-0.0951,0.2634,0.2475
ESCA,Uprosertib,23,-0.0703557312252964,-0.1271638773058281,-0.0248,0.2641,0.5446
ESCA,tanespimycin,25,0.2549230769230769,0.1967965032611065,-0.0755,0.2608,0.1287
ESCA,BRD-K02492147,20,0.1510954154215259,-0.0345623276859393,-0.1244,0.2761,0.1683
ESCA,GSK-LSD1,20,-0.4502255639097744,-0.544475014263433,-0.0931,0.3291,0.8218
ESCA,lapatinib,25,-0.1803076923076923,-0.2704591197365225,-0.0778,0.2652,0.604
ESCA,SGX-523,24,0.2587826086956521,0.2133861277647763,-0.0834,0.269,0.1089
ESCA,Repligen 136,23,-0.475296442687747,-0.5531844964752678,-0.099,0.2715,0.9109
ESCA,Taselisib,23,-0.2181818181818181,-0.3028370154785339,-0.0985,0.2872,0.6238
ESCA,BRD-K94991378,23,-0.1847826086956522,-0.246822410633448,-0.1049,0.2824,0.5941
ESCA,CPI-637,20,0.0409022556390977,-0.0368066093688987,-0.1242,0.3074,0.3069
ESCA,PRIMA-1-Met,22,-0.3716544325239977,-0.5050397842269888,-0.1123,0.2894,0.7723
ESCA,StemRegenin 1,23,-0.1705533596837944,-0.2970870223917015,-0.0678,0.2734,0.604
ESCA,PF-750,24,-0.2757121178463199,-0.3899686389989674,-0.0681,0.2646,0.7921
ESCA,A-366,20,-0.5076691729323308,-0.6086207364256475,-0.1277,0.2897,0.9109
ESCA,erastin,24,-0.3340869565217391,-0.4612276488575803,-0.1045,0.2727,0.7624
ESCA,MK-1775,25,0.3298461538461539,0.230829214813559,-0.1104,0.244,0.0297
ESCA,sildenafil,24,0.1822608695652174,0.0753660543643659,-0.0471,0.2767,0.2475
ESCA,GMX-1778,24,-0.1561739130434782,-0.2572858471095716,-0.1458,0.2428,0.495
ESCA,PX-12,24,-0.0958469255099825,-0.1769862414293001,-0.0772,0.2685,0.5149
ESCA,temozolomide,25,-0.0672307692307692,-0.1393255822802463,-0.1018,0.255,0.4554
ESCA,Vismodegib,23,0.2549407114624505,0.1258124774097429,-0.076,0.2496,0.0693
ESCA,BRD-K66453893,23,0.3300395256916996,0.2580295902744676,-0.0788,0.3257,0.1089
ESCA,GDC0810,22,-0.3983060417843027,-0.5871973293320858,-0.0372,0.2955,0.8812
ESCA,FQI-2,24,0.1292173913043478,0.0475889158991595,-0.0762,0.2561,0.2574
ESCA,temsirolimus,23,-0.5460474308300396,-0.6779300460593484,-0.0873,0.2579,0.9703
ESCA,AGI-6780,22,-0.0516092603049124,-0.1297765601394589,-0.1444,0.2436,0.3663
ESCA,Serdemetan,23,-0.2721343873517786,-0.3797118862868128,-0.0916,0.2678,0.7624
ESCA,ascorbate (vitamin C),21,0.0155844155844155,-0.0428890579522062,-0.0895,0.2829,0.4059
ESCA,cyclophosphamide,22,0.3296442687747036,0.2669113381761676,-0.0728,0.2746,0.0594
ESCA,TGX-221,23,-0.1424901185770751,-0.324369619063735,-0.0747,0.2899,0.5842
ESCA,procarbazine,23,0.2365612648221343,0.1342725214656405,-0.0571,0.2787,0.1881
ESCA,fluvastatin,24,-0.5947826086956521,-0.6732770319861807,-0.0705,0.2823,0.9901
ESCA,BRD-K41597374,24,0.3307826086956521,0.2795001448589324,-0.12,0.2556,0.0495
ESCA,pazopanib,24,0.1740869565217391,0.0602492795484419,-0.127,0.255,0.1386
ESCA,BRD-K28456706,24,-0.247532078041207,-0.3650004777829022,-0.0801,0.2364,0.7525
ESCA,quizartinib,23,-0.0281690149444611,-0.1376323633933246,-0.0301,0.2467,0.5347
ESCA,Buparlisib,22,-0.584867306606437,-0.7244484450815212,-0.0922,0.2747,0.9703
ESCA,16-beta-bromoandrosterone,24,-0.2199999999999999,-0.3816958176694618,-0.136,0.2491,0.6634
ESCA,foretinib,25,-0.1272307692307692,-0.1950946780186981,-0.0739,0.2609,0.5941
ESCA,ML029,21,-0.1825268040404674,-0.2726342306887348,-0.0845,0.2704,0.6436
ESCA,selumetinib,25,-0.0975384615384615,-0.1802892083450095,-0.1232,0.2614,0.4653
ESCA,GSK-3 inhibitor IX,24,-0.0671304347826086,-0.1712162835435585,-0.0505,0.2541,0.5545
ESCA,NSC23766,23,0.0009881422924901,-0.1735534889775749,-0.0539,0.2783,0.4059
ESCA,GDC-0879,23,0.083794466403162,-0.0745838662735751,-0.0897,0.245,0.2673
ESCA,triptolide,24,0.2829565217391304,0.2012373533348442,-0.099,0.2642,0.0792
ESCA,Sapitinib,23,-0.3324110671936759,-0.4224893048193606,-0.0867,0.2555,0.8119
ESCA,KHS101,22,0.1512140033879164,0.086391606781872,-0.0855,0.2982,0.2574
ESCA,SB-525334,21,-0.1942857142857143,-0.3413297297346228,-0.0966,0.2658,0.6238
ESCA,JQ-1,25,0.0406153846153846,-0.0625876681352071,-0.0229,0.2524,0.396
ESCA,Wee1 Inhibitor,22,-0.0416713721061547,-0.1187537206047682,-0.0983,0.2693,0.4257
ESCA,Oxaliplatin,23,0.0946640316205533,-0.06836735775042,-0.1308,0.2676,0.2079
ESCA,AZD7545,24,0.0777391304347826,-0.0195545023280116,-0.113,0.2688,0.2277
ESCA,Dihydrorotenone,20,-0.6264661654135338,-0.7479985711782907,-0.0812,0.2568,0.9703
ESCA,AZD6738,22,0.2106154714850367,0.1246867122718208,-0.0883,0.2833,0.1584
ESCA,VE821,22,0.2937323546019198,0.2300883887387777,-0.1278,0.2745,0.0594
ESCA,Osimertinib,22,-0.4010163749294185,-0.4940087291008932,-0.0819,0.3099,0.8317
ESCA,NPC-26,22,-0.2556248100649888,-0.4313039252838988,-0.0315,0.2897,0.7624
ESCA,PD173074,23,-0.2511857707509881,-0.3414383195634122,-0.0886,0.2897,0.6535
ESCA,triazolothiadiazine,24,-0.0081739130434782,-0.0587864437214211,-0.1148,0.27,0.3861
ESCA,CAY10594,24,0.1424347826086956,0.0265699631806379,-0.0883,0.2455,0.2376
ESCA,methotrexate,25,0.2975384615384615,0.2180165889044563,-0.0735,0.2482,0.0495
ESCA,Compound 1541A,24,-0.0245430902351592,-0.1423040617201556,-0.1011,0.2744,0.3762
ESCA,dacarbazine,25,0.1206153846153846,-0.0265414090822253,-0.096,0.2469,0.198
ESCA,olaparib,25,-0.1224615384615384,-0.2569764232849409,-0.0903,0.2724,0.5149
ESCA,SB-431542,24,-0.0876521739130434,-0.130534052945315,-0.0619,0.2862,0.5446
ESCA,SN-38,25,0.3387692307692307,0.247121130636232,-0.0979,0.2856,0.099
ESCA,regorafenib,24,-0.2594477121563319,-0.41796627240736,-0.032,0.2726,0.7822
ESCA,AGI-5198,22,0.3197063805759458,0.2081688329196769,-0.0954,0.298,0.099
ESCA,Ch-55,24,-0.1149565217391304,-0.3781126829918987,-0.053,0.2614,0.6337
ESCA,LBH-589,24,-0.0605217391304347,-0.1968552905571194,-0.0773,0.2642,0.4851
ESCA,SU11274,24,-0.368,-0.5995313708778296,-0.0185,0.2536,0.901
ESCA,BRD-K13999467,24,-0.1048695652173913,-0.252357803436086,-0.0754,0.2486,0.5248
ESCA,GW-405833,24,0.1516521739130434,0.1163322636998659,-0.0964,0.2721,0.1584
ESCA,BRD-K85133207,24,-0.1311304347826087,-0.2668219989186807,-0.1264,0.3001,0.5149
ESCA,EX-527,24,0.217391304347826,0.118644974206164,-0.0861,0.2998,0.1782
ESCA,tosedostat,23,0.4658102766798419,0.3939343385723019,-0.1306,0.3072,0.0297
ESCA,BRD-K64610608,23,0.0284584980237154,-0.1065203973335931,-0.09,0.2717,0.3762
ESCA,purmorphamine,23,-0.374703557312253,-0.4722696968692629,-0.0992,0.2635,0.8614
ESCA,L-Oxonoreleagnine,20,0.0150375939849623,-0.1119457647956361,-0.0933,0.2834,0.3663
ESCA,Vinorelbine,22,0.181931112365895,0.1061338427740235,-0.1121,0.2806,0.198
ESCA,cytochalasin B,24,-0.0850434782608695,-0.1760026551445533,-0.0628,0.2901,0.5248
ESCA,BRD-K04800985,24,-0.0657391304347825,-0.1768066543574907,-0.1195,0.2809,0.4356
ESCA,B02,24,0.4073043478260868,0.3595868697554516,-0.1094,0.2484,0.0396
ESCA,SGC-CBP30,20,-0.3990977443609022,-0.5306659729769455,-0.069,0.2553,0.8911
ESCA,fluorouracil,25,0.4683076923076922,0.3572874713657928,-0.0669,0.2668,0.0198
ESCA,ML203,24,-0.1636521739130434,-0.2109931768469713,-0.1321,0.266,0.5248
ESCA,MK-8776,23,0.0810276679841897,-0.0039627321802294,-0.1232,0.2589,0.2277
ESCA,OTX015,22,-0.0825522303783173,-0.2181578278439907,-0.0565,0.2573,0.5446
ESCA,IC-87114,24,-0.1149565217391304,-0.2729684093635234,-0.0506,0.2776,0.6139
ESCA,Lenalidomide,23,0.0470355731225296,-0.0776661341731817,-0.0544,0.2556,0.4059
ESCA,PLX-4032,24,-0.4104347826086956,-0.5606447880899945,-0.1329,0.2779,0.8218
ESCA,hyperforin,24,0.0313111553390142,-0.0451027425505976,-0.0423,0.2725,0.3762
ESCA,Ipatasertib,22,-0.5367588932806324,-0.6787288606568387,-0.0319,0.2957,0.9604
ESCA,cerulenin,24,-0.3728636748287613,-0.498262375218442,-0.046,0.2807,0.8614
ESCA,SRT-1720,24,-0.3107826086956521,-0.4781705645198674,-0.1015,0.267,0.802
ESCA,bortezomib,25,0.094,-0.066868296426817,-0.039,0.2466,0.297
ESCA,GW441756,23,-0.1009881422924901,-0.1527811454642811,-0.05,0.2762,0.5842
ESCA,LY-2183240,21,0.2667532467532467,0.2184928785356723,-0.1078,0.312,0.1287
ESCA,Fludarabine,20,-0.1356390977443609,-0.3768202944407227,-0.0522,0.2878,0.6436
ESCA,SCH772984,23,-0.0867588932806324,-0.2386215400842362,-0.0537,0.2397,0.5545
ESCA,BRD8958,23,-0.3474998273593781,-0.4763585090379452,-0.0774,0.2683,0.802
ESCA,PF-573228,24,0.0192215703608948,-0.0139432003852907,-0.074,0.2902,0.3861
ESCA,ruxolitinib,25,-0.1533846153846153,-0.2573067303263567,-0.0721,0.2434,0.6337
ESCA,ZSTK474,24,-0.4961739130434782,-0.6097320903870227,-0.0567,0.262,0.9604
ESCA,nilotinib,25,0.1515384615384615,0.0360468688733183,-0.0503,0.2724,0.2772
ESCA,XL765,24,0.3798086730008328,0.3133608858297285,-0.0639,0.2803,0.0693
ESCA,importazole,23,-0.1871541501976284,-0.2755531388592317,-0.1176,0.2727,0.6139
ESCA,staurosporine,23,0.0037549407114624,-0.0777073578003808,-0.0854,0.2666,0.4158
ESCA,YK 4-279,25,0.3618461538461538,0.2655205430284264,-0.0712,0.2994,0.0792
ESCA,Rucaparib,23,-0.0035573122529644,-0.1421819039455102,-0.0813,0.243,0.4257
ESCA,ML083,23,-0.4517786561264822,-0.5320441697190611,-0.0973,0.2678,0.901
ESCA,ABT-737,25,-0.3736923076923076,-0.4708143776038644,-0.104,0.2671,0.8614
ESCA,RG-108,24,0.2799999999999999,0.2144656652134408,-0.1226,0.2339,0.0594
ESCA,IPR-456,24,0.2394782608695652,0.1734590327831459,-0.118,0.2845,0.1386
ESCA,BRD1812,24,0.0224347826086956,-0.0607880173790912,-0.102,0.275,0.3861
ESCA,Schweinfurthin A,20,0.5121804511278195,0.4369699844783644,-0.0831,0.3021,0.0297
ESCA,Elephantin,20,0.4571428571428571,0.3137995097720877,-0.1022,0.2771,0.0198
ESCA,BRD-K66532283,21,-0.0036363636363636,-0.152536534309356,-0.0794,0.2689,0.396
ESCA,KX2-391,24,0.1194782608695652,0.0699212887407269,-0.1024,0.2393,0.2178
ESCA,PHA-793887,24,0.4158260869565217,0.348677378112398,-0.1268,0.2425,0.0297
ESCA,BRD-K17060750,23,0.0654150197628458,-0.0245648891529716,-0.1214,0.2576,0.2574
ESCA,NSC 74859,22,0.1054833913271271,-0.0167804272647634,-0.1279,0.264,0.1881
ESCA,AC55649,24,-0.245391304347826,-0.3176552502039681,-0.1099,0.2417,0.703
ESCA,PRL-3 inhibitor I,23,-0.2397627285628547,-0.3215775922080278,-0.0856,0.2835,0.7129
ESCA,AZD7762,25,0.0847692307692307,-0.0423502437233357,-0.1226,0.2527,0.2376
ESCA,NVP-BSK805,24,-0.1940869565217391,-0.317070031398887,-0.0816,0.263,0.6733
ESCA,BRD-K52037352,20,-0.4120346286119776,-0.5802338108935844,-0.1141,0.255,0.8812
ESCA,BRD-K16147474,20,-0.2270676691729323,-0.3145603392260252,-0.0923,0.3109,0.6733
ESCA,CCT036477,24,-0.3260869565217391,-0.473537178220511,-0.08,0.246,0.8515
ESCA,CAL-101,23,-0.0411067193675889,-0.1911244177095084,-0.1306,0.2834,0.4059
ESCA,LY2109761,22,-0.2051948051948052,-0.3008870634799372,-0.0682,0.2421,0.6931
ESCA,AT13148,22,0.1232072275550536,-0.0068322510421962,-0.0945,0.2833,0.2178
ESCA,myricetin,24,0.0754782608695651,-0.0819294951382559,-0.1117,0.2779,0.2475
ESCA,PFI3,22,-0.0710333145115754,-0.2040121747678984,-0.1585,0.2818,0.3861
ESCA,WAY-362450,23,-0.1549790015190001,-0.3014367844764813,-0.1044,0.2889,0.5842
ESCA,entinostat,25,0.1318461538461538,0.0572853194805046,-0.0409,0.2503,0.2772
ESCA,SGC0946,23,-0.1067193675889328,-0.2211488787097849,-0.0723,0.2724,0.5644
ESCA,AZD6482,23,-0.3948616600790514,-0.4678330192536727,-0.129,0.2496,0.8317
ESCA,BRD-A71883111,24,-0.0812350530184425,-0.147579817618042,-0.0785,0.2561,0.5149
ESCA,VU0155056,24,-0.1961295980263253,-0.3104484168817422,-0.0694,0.2746,0.6535
ESCA,nelarabine,25,0.1083076923076923,-0.0493167615065451,-0.0953,0.2435,0.2079
ESCA,NU7441,23,0.2389328063241106,0.1487883822864402,-0.0509,0.2777,0.1485
ESCA,serdemetan,23,0.2753644759132234,0.1759375649274581,-0.0576,0.2796,0.1584
ESCA,chlorambucil,23,-0.0964426877470355,-0.2255543628568359,-0.1019,0.2384,0.4356
ESCA,SB216763,23,0.1598814229249012,0.1083825705690819,-0.0713,0.2621,0.2079
ESCA,AZD5363,22,-0.4046301524562395,-0.52277968894121,-0.0459,0.3128,0.8614
ESCA,PIK-93,24,-0.0723478260869565,-0.164509400585164,-0.0554,0.2281,0.5545
ESCA,navitoclax,25,-0.0127692307692307,-0.1512280945382687,-0.1042,0.2744,0.3861
ESCA,veliparib,25,-0.2890769230769231,-0.4542097751408575,-0.0743,0.2603,0.7723
ESCA,NVP-BEZ235,25,0.0764615384615384,0.0240259160787102,-0.0429,0.2544,0.3564
ESCA,TG-101348,24,0.1862608695652174,0.0559864705928973,-0.0547,0.2624,0.2079
ESCA,BRD6340,24,0.2638260869565217,0.1067867346682887,-0.1037,0.2826,0.1188
ESCA,ML031,20,-0.2099248120300751,-0.4356143406398441,-0.0943,0.2915,0.6634
ESCA,OSI-027,25,-0.2224615384615384,-0.3278074859548067,-0.0525,0.2978,0.6931
ESCA,GW-843682X,24,0.0116521739130434,-0.1350411929823799,-0.086,0.2673,0.396
ESCA,lomeguatrib,24,0.1671304347826087,0.0670496559757946,-0.0686,0.2434,0.2079
ESCA,PF-184,24,0.2648695652173913,0.2185169440770669,-0.0993,0.2496,0.0792
ESCA,IU1,23,-0.0036579342086439,-0.1462406918646615,-0.091,0.2817,0.396
ESCA,neratinib,24,0.092695652173913,0.0037446957582624,-0.0727,0.2566,0.2574
ESCA,apicidin,24,-0.0276521739130434,-0.067902937824591,-0.0904,0.2903,0.4059
ESCA,VE-822,22,0.2264257481648786,0.1438048666384163,-0.0936,0.3016,0.1683
ESCA,BRD8899,24,-0.3300262346515027,-0.4652906297647987,-0.0957,0.2893,0.7723
ESCA,pandacostat,22,-0.3883681535855449,-0.4818020144697589,-0.0886,0.2529,0.8713
ESCA,GSK2801,20,-0.0192481203007518,-0.1682503478771028,-0.1191,0.2736,0.2871
ESCA,Wnt-C59,22,-0.2605307735742519,-0.3822888173799461,-0.0938,0.2977,0.703
ESCA,WZ8040,23,-0.092490118577075,-0.1611142718653704,-0.0763,0.2923,0.5248
ESCA,fingolimod,24,-0.2448695652173912,-0.3365511224906257,-0.0715,0.2561,0.7228
ESCA,Mitoxantrone,20,0.1317293233082706,-0.0182584302084286,-0.0914,0.2863,0.2376
ESCA,XAV939,22,-0.0800677583286279,-0.1259324308525202,-0.1299,0.2584,0.4356
ESCA,CR-1-31B,24,-0.1930434782608695,-0.2942837476012158,-0.1201,0.265,0.5941
ESCA,BRD-K71781559,21,0.1677922077922077,0.0277797124820562,-0.016,0.2908,0.2871
ESCA,daporinad,22,0.1315640880858272,0.0414279272605405,-0.1177,0.304,0.2376
ESCA,CCT007093,23,-0.2442687747035573,-0.3244220510198071,-0.0618,0.2811,0.7327
ESCA,JNK Inhibitor VIII,23,0.4195652173913043,0.2513829363275809,-0.0659,0.2734,0.0693
ESCA,brefeldin A,24,0.1556521739130434,0.0208092836067222,-0.07,0.2778,0.2277
ESCA,Ulixertinib,23,0.0051383399209486,-0.1206606729847554,-0.1177,0.2717,0.2772
ESCA,crizotinib,25,-0.098,-0.1664857510165997,-0.0719,0.273,0.5644
ESCA,parthenolide,22,0.3987577639751553,0.3158066556320267,-0.0544,0.2988,0.099
ESCA,imatinib,24,0.3982608695652174,0.331592760292861,-0.0774,0.2743,0.0693
ESCA,Bax channel blocker,21,0.0342857142857142,-0.1437553210065291,-0.0554,0.2731,0.396
ESCA,AZD8055,25,-0.0095384615384615,-0.1218515204618731,-0.0903,0.2691,0.4059
ESCA,GANT-61,24,-0.1245217391304347,-0.3048127403328124,-0.0387,0.2652,0.6733
ESCA,AMG-319,23,0.091897233201581,-0.0447904776022936,-0.1201,0.2859,0.2772
ESCA,RITA,24,0.0713043478260869,-0.084972359314507,-0.1112,0.2746,0.2772
ESCA,BRD-K37390332,21,-0.13967500809228,-0.252916029110967,-0.0614,0.3121,0.5743
ESCA,HKMTI-1-005,20,0.1233082706766917,-0.0067872493127746,-0.0376,0.2787,0.297
ESCA,CD-437,24,0.0424347826086956,-0.0726186688108679,-0.0633,0.2917,0.3663
ESCA,CAY10576,23,-0.3624505928853755,-0.4676478054433722,-0.118,0.2695,0.8119
ESCA,Ki8751,23,-0.6613257438825274,-0.731270298294542,-0.0374,0.2605,0.9901
ESCA,GDC-0941,25,-0.0006153846153846,-0.2396383060286807,-0.1215,0.2398,0.2871
ESCA,WP1130,24,-0.512695652173913,-0.6749273642100316,-0.0319,0.281,0.9604
ESCA,trametinib,25,-0.2732307692307692,-0.3819984133928455,-0.1059,0.2738,0.6931
ESCA,AZD8186,22,-0.5028797289666855,-0.6541912168558396,-0.0633,0.2656,0.9604
ESCA,valdecoxib,24,-0.1368695652173913,-0.2358679698025005,-0.0971,0.2348,0.5545
ESCA,HLI 373,24,-0.044695652173913,-0.2306177374789105,-0.0843,0.2484,0.4059
ESCA,NSC48300,24,-0.1211567760756856,-0.3114971228737088,-0.0897,0.2587,0.5644
ESCA,ouabain,24,0.1961739130434782,-0.0086980537542857,-0.0916,0.2615,0.198
ESCA,ABT-199,25,-0.3636923076923076,-0.5072412433807275,-0.1225,0.2614,0.802
ESCA,BMS-754807,25,0.0718461538461538,-0.0471322648025322,-0.0675,0.2332,0.3168
ESCA,elocalcitol,24,-0.0734232344360662,-0.2133970490682479,-0.0703,0.2775,0.505
ESCA,EHT-1864,23,-0.0911067193675889,-0.2214110171376214,-0.0301,0.2887,0.5545
ESCA,NVP-ADW742,25,-0.121076923076923,-0.1757161582591781,-0.0559,0.2295,0.604
ESCA,EPZ5676,23,0.1709486166007905,0.0867964984058004,-0.0617,0.2665,0.2277
ESCA,Cisplatin,20,-0.1536842105263157,-0.2990059134502776,-0.164,0.2643,0.4356
ESCA,narciclasine,22,-0.1780914737436477,-0.2649006107882593,-0.1165,0.2909,0.5446
ESCA,Gallibiscoquinazole,20,-0.0637593984962406,-0.1198183148723458,-0.1218,0.2745,0.396
ESCA,AT7867,21,-0.0288311688311688,-0.1357778288967059,-0.0848,0.2833,0.396
ESCA,NSC95397,22,0.1476002258610954,0.0586502772277714,-0.161,0.2797,0.1782
ESCA,BMS-345541,22,0.2377188029361942,0.1439959415119383,-0.13,0.2608,0.099
ESCA,MST-312,25,-0.1249230769230769,-0.1801231494725532,-0.1132,0.2695,0.505
ESCA,BRD9876,24,0.1378590600442986,-0.0233746243917356,-0.1178,0.2344,0.1287
ESCA,sorafenib,25,0.147076923076923,0.0596887566268655,-0.0514,0.2177,0.2277
ESCA,SB590885,23,-0.0792490118577075,-0.2084373631689428,-0.0714,0.2421,0.5446
ESCA,MI-1,20,-0.1233082706766917,-0.160014546604941,-0.0985,0.2933,0.5248
ESCA,oligomycin A,24,0.0608695652173913,-0.160361741700686,-0.0801,0.2649,0.3069
ESCA,KRAS (G12C) Inhibitor-12,22,0.3136081309994353,0.1879315823314588,-0.1197,0.268,0.0594
ESCA,GSK1904529A,23,-0.0824110671936758,-0.1642551157293545,-0.0615,0.2788,0.5446
ESCA,pevonedistat,25,0.1566153846153846,0.096372557960972,-0.051,0.2835,0.2871
ESCA,linifanib,24,0.0902608695652174,-0.0651373370015212,-0.1081,0.2537,0.2673
ESCA,SB-225002,24,0.3697391304347825,0.290466983348989,-0.093,0.2703,0.0693
ESCA,BRD-A02303741,21,-0.1262337662337662,-0.2343134185262742,-0.0974,0.2946,0.5446
ESCA,silmitasertib,23,0.0693675889328063,-0.0145935338384619,-0.0692,0.2768,0.3564
ESCA,L-685458,24,-0.0656354032073912,-0.1931490515953034,-0.04,0.2614,0.5545
ESCA,NSC30930,24,0.2090434782608695,0.1195277295920718,-0.1136,0.2711,0.1089
ESCA,BIRB-796,25,0.086,-0.046582144468826,-0.0861,0.2791,0.2574
ESCA,NVP-231,24,0.2667826086956521,0.182087667604092,-0.1098,0.2852,0.1089
ESCA,MLN2238,24,0.1878260869565217,0.0856632643946933,-0.1091,0.255,0.1584
ESCA,AZD3759,23,0.2021739130434782,0.1173965095528962,-0.1038,0.2918,0.1683
ESCA,BRD-K61166597,24,-0.1721739130434782,-0.3220664353956251,-0.086,0.2834,0.6139
ESCA,bexarotene,24,-0.329391304347826,-0.3953176284888305,-0.0932,0.2674,0.7822
ESCA,pluripotin,23,0.1112648221343873,-0.0687043751342143,-0.1034,0.2237,0.1782
ESCA,SCH-529074,23,0.2903879505502694,0.2042289988214763,-0.0518,0.2831,0.1188
ESCA,HC-067047,22,0.0660643704121965,-0.0983004095919459,-0.1025,0.2463,0.3069
ESCA,Luminespib,23,-0.2630434782608695,-0.3749579810839314,-0.1154,0.2838,0.6436
ESCA,RVX-208,22,-0.5774138904573688,-0.6370388521679788,-0.0902,0.2678,0.9505
ESCA,ML311,24,-0.0041739130434782,-0.0812066640092918,-0.0481,0.2456,0.4059
ESCA,STF-31,24,0.1638260869565217,0.0452561386253405,-0.1256,0.255,0.1287
ESCA,tamatinib,24,-0.1824347826086956,-0.3488487915435032,-0.0903,0.268,0.6733
ESCA,tamoxifen,25,-0.1215384615384615,-0.2369365255752206,-0.0822,0.2661,0.5446
ESCA,azacitidine,25,0.0627692307692307,-0.0507977360923094,-0.1129,0.2733,0.2772
ESCA,C6-ceramide,24,0.5188954243126639,0.4576479718059271,-0.1418,0.2773,0.0198
ESCA,PF-543,23,0.4306324110671936,0.2886171302575574,-0.0702,0.2701,0.0495
ESCA,teniposide,21,0.1119480519480519,0.0530198171237834,-0.0541,0.2945,0.2871
ESCA,ML239,24,-0.1131796540300025,-0.2395756615981947,-0.0655,0.2908,0.604
ESCA,mitomycin,24,0.1262608695652173,0.0826335599654821,-0.0474,0.2785,0.297
ESCA,etomoxir,24,-0.153391304347826,-0.4286604156856417,-0.0726,0.2815,0.5842
ESCA,BRD-K51490254,23,0.208300395256917,0.1399232055022997,-0.0666,0.2696,0.1683
ESCA,Ko-143,24,0.224695652173913,0.158603865073569,-0.1073,0.2791,0.1287
ESCA,Mdivi-1,24,-0.0045217391304347,-0.0970199475798507,-0.1294,0.2746,0.3564
ESCA,cucurbitacin I,22,0.1570863918690005,0.0177300750521427,-0.0625,0.2899,0.2475
ESCA,BRD-K70511574,24,0.2561739130434782,0.1572753212430212,-0.0586,0.2578,0.1683
ESCA,BRD-K92856060,24,-0.4203478260869565,-0.4789922529192456,-0.0395,0.2707,0.8812
ESCA,ZM447439,23,0.209090909090909,0.0755224896329451,-0.0578,0.2685,0.198
ESCA,vincristine,24,-0.0008695652173913,-0.0444055616659335,-0.1121,0.2534,0.3267
ESCA,Romidepsin,20,0.237593984962406,0.163780204147255,-0.1102,0.3044,0.1287
ESCA,pifithrin-alpha,24,-0.184735816500184,-0.2461177548660157,-0.1261,0.2601,0.5941
ESCA,BRD9647,24,-0.0675799102733724,-0.1880220997130817,-0.0501,0.2714,0.4851
ESCA,canertinib,24,-0.2919999999999999,-0.3686168329291333,-0.1108,0.2386,0.7723
ESCA,cabozantinib,23,-0.0954545454545454,-0.1899747292624956,-0.1073,0.2541,0.5248
ESCA,BIX-01294,24,-0.1398260869565217,-0.2464144793206411,-0.0841,0.2772,0.5347
ESCA,SID 26681509,20,-0.1731478121695458,-0.3011804854181792,-0.1025,0.273,0.604
ESCA,birinapant,23,0.2596837944664031,0.1981923858617235,-0.1069,0.2819,0.099
ESCA,saracatinib,24,0.2231789572219737,0.1461649165488259,-0.0882,0.2695,0.1089
ESCA,SNS-032,22,0.1674760022586109,0.0306156647316207,-0.072,0.2836,0.2475
ESCA,rigosertib,21,-0.1007792207792207,-0.1876109398570815,-0.0366,0.3113,0.5743
ESCA,BRD-K63431240,24,0.3572173913043478,0.2982523752175426,-0.1145,0.2791,0.0495
ESCA,bleomycin A2,25,0.5556923076923077,0.4670141063456248,-0.0544,0.2795,0.0297
ESCA,SR1001,24,-0.4727273174473743,-0.5628338274816982,-0.1246,0.272,0.8911
ESCA,Niraparib,22,-0.3113495200451722,-0.3711263007364986,-0.1178,0.2975,0.7228
ESCA,JW-480,24,-0.2895652173913043,-0.4318961196813266,-0.1023,0.2698,0.7228
ESCA,BIBR-1532,25,-0.3512307692307692,-0.5085999049760198,-0.087,0.2412,0.8515
ESCA,SB-743921,24,0.4283478260869565,0.380694309634907,-0.1091,0.2522,0.0099
ESCA,Acetalax,20,-0.2063157894736841,-0.3239168975017052,-0.0678,0.2974,0.6337
ESCA,dinaciclib,25,0.2401538461538461,0.1802538550246472,-0.0999,0.2449,0.1089
ESCA,GSK-LSD1-2HCl ,20,-0.3299248120300752,-0.3795650066274736,-0.1273,0.2738,0.7426
ESCA,linsitinib,25,-0.0107692307692307,-0.1484579461499592,-0.0654,0.2536,0.4257
ESCA,NSC632839,24,0.4911304347826086,0.4055042985327829,-0.1162,0.2441,0.0198
ESCA,semagacestat,24,0.3924331469156452,0.2679324915424996,-0.1057,0.2205,0.0099
ESCA,tipifarnib-P1,24,-0.1302608695652173,-0.2478502477874846,-0.1308,0.2557,0.5149
ESCA,AA-COCF3,23,-0.2962450592885375,-0.3626151614013665,-0.09,0.2672,0.7921
ESCA,ciclosporin,24,0.1921739130434782,0.1268526841710905,-0.1118,0.2526,0.1683
ESCA,BRD4132,23,-0.316600790513834,-0.4668870409445944,-0.1257,0.2639,0.7723
ESCA,TW-37,25,-0.3961538461538461,-0.489246978880953,-0.0833,0.2946,0.8317
ESCA,BMS-345541,24,0.453837801552712,0.3479651092517446,-0.0968,0.2784,0.0396
ESCA,N-acetyl cysteine,21,0.0083116883116883,-0.1756079276186603,-0.0739,0.2899,0.4059
ESCA,BEN,20,-0.0989473684210526,-0.2147695724075425,-0.1039,0.3208,0.4752
ESCA,BRD-K45681478,24,0.2029565217391304,0.0879571124663812,-0.0839,0.2961,0.2079
ESCA,MN-64,22,-0.1055900621118012,-0.254966841348089,-0.1198,0.2873,0.4752
ESCA,BRD-K02251932,22,-0.1015245623941276,-0.1807941048443136,-0.0767,0.2868,0.5743
ESCA,DBeQ,24,0.022265710463299,-0.1011873943861168,-0.0916,0.2395,0.3069
ESCA,Sepantronium bromide,22,-0.005081874647092,-0.2158554087221747,-0.1218,0.3178,0.3366
ESCA,gossypol,24,0.2587826086956521,0.184387093982386,-0.0629,0.3093,0.1485
ESCA,LMP744,20,-0.3404511278195488,-0.4259481845150931,-0.0621,0.2796,0.8119
ESCA,sirolimus,25,-0.2821538461538461,-0.4003846121415344,-0.0385,0.2943,0.7723
ESCA,betulinic acid,22,-0.2265014740730278,-0.4164152012025455,-0.1144,0.2539,0.6733
ESCA,BRD1835,23,0.3802371541501976,0.2540213840247923,-0.0681,0.2727,0.0594
ESCA,tacrolimus,23,-0.5743083003952568,-0.6830317416148229,-0.0641,0.2508,0.9703
ESCA,lovastatin,24,-0.0796521739130434,-0.1135751184654809,-0.0536,0.2861,0.5842
ESCA,UNC0638,25,0.2323076923076923,0.1023414671093443,-0.066,0.2862,0.1683
ESCA,NVP-TAE684,24,-0.2353043478260869,-0.3231478963958641,-0.1054,0.2609,0.6733
ESCA,BRD-K19103580,24,0.2121739130434782,0.1474804974673658,-0.0876,0.2836,0.1881
ESCA,barasertib,21,-0.0005194805194805,-0.0669582822859579,-0.1176,0.2964,0.3366
ESCA,Sabutoclax,22,-0.0850367024280068,-0.1885664987301688,-0.105,0.2676,0.4554
ESCA,BRD-K24690302,24,-0.2728695652173912,-0.3764686811386177,-0.1092,0.3009,0.703
ESCA,paclitaxel,25,0.3095384615384615,0.2039498273105935,-0.0805,0.2736,0.0792
ESCA,Refametinib,23,-0.2183794466403162,-0.3101948924163447,-0.1166,0.2672,0.6535
ESCA,PRIMA-1,24,0.1012173913043478,0.0297838653898679,-0.0735,0.2533,0.2673
ESCA,KU-0063794,24,-0.1904347826086956,-0.2779360730339628,-0.154,0.2582,0.5941
ESCA,obatoclax,24,-0.0968695652173912,-0.1733159776283762,-0.1149,0.2555,0.4554
ESCA,BRD-K35604418,25,0.0001538461538461,-0.1097096553420862,-0.0769,0.265,0.3762
ESCA,Ribociclib,23,-0.1533596837944664,-0.3051556254567464,-0.1062,0.3084,0.5347
ESCA,axitinib,25,-0.167076923076923,-0.3150639698153686,-0.0375,0.2571,0.703
ESCA,niclosamide,24,-0.1815572159574291,-0.3333816579136344,-0.0608,0.2387,0.6634
ESCA,Dactinomycin,23,-0.016798418972332,-0.0786171416128299,-0.0942,0.2879,0.3663
ESCA,SJ-172550,24,0.3476067460965458,0.2702202428794494,-0.1236,0.2546,0.0396
ESCA,P22077,22,-0.0152456239412761,-0.154211858344596,-0.0804,0.2605,0.3663
ESCA,WIKI4,22,-0.1948051948051948,-0.2677311992742851,-0.1127,0.2585,0.604
ESCA,zebularine,24,0.4716521739130434,0.4013292872927638,-0.097,0.2895,0.0297
ESCA,BRD-K29313308,24,0.1500869565217391,0.0722753116338997,-0.0901,0.2545,0.1683
ESCA,PL-DI,24,-0.2024347826086956,-0.2534782216428262,-0.0213,0.2905,0.703
ESCA,glutathione,21,0.1628571428571428,0.0061666852532024,-0.0794,0.3104,0.2376
ESCA,CZC24832,22,0.0479954827780914,-0.1675757236093945,-0.1513,0.2758,0.2475
ESCA,simvastatin,21,-0.1316883116883117,-0.3341513404528961,-0.1411,0.2847,0.5149
ESCA,TPCA-1,24,0.168695652173913,0.1123567081611223,-0.1229,0.2705,0.1584
ESCA,KU-60019,24,0.2013913043478261,0.1063831230823561,-0.1076,0.2723,0.1485
ESCA,ciclopirox,24,-0.4250434782608695,-0.5121578292193146,-0.1006,0.265,0.901
ESCA,WZ4003,22,-0.3716544325239977,-0.5167446240605296,-0.0946,0.2883,0.802
ESCA,gemcitabine,25,0.1696923076923077,0.1122997072167314,-0.0803,0.2877,0.2079
ESCA,indisulam,21,0.108051948051948,0.0296354208683422,-0.0856,0.3015,0.2574
ESCA,SMER-3,20,0.3293233082706767,0.1930700651518877,-0.0971,0.3065,0.099
ESCA,tretinoin,24,0.4003478260869564,0.3685189307962724,-0.1101,0.2508,0.0297
ESCA,BRD-K71935468,23,0.0189723320158102,-0.1040376276259589,-0.1034,0.2503,0.3564
ESCA,Picolinici-acid,22,-0.6029361942405422,-0.6517152819417262,-0.0741,0.2748,0.9703
ESCA,GSK2606414,22,0.2451722190852626,0.1943324656505677,-0.1023,0.2686,0.1089
ESCA,CAY10618,23,0.2492094861660079,0.2126083298492742,-0.1026,0.2564,0.1089
ESCA,necrostatin-7,24,0.1527748456149945,-0.0177360493914657,-0.1339,0.2483,0.1386
ESCA,tivozanib,23,-0.0490118577075098,-0.179231494980382,-0.0259,0.2858,0.5446
ESCA,BYL-719,25,-0.4938461538461539,-0.5886906659038139,-0.0699,0.244,0.9703
ESCA,PD0325901,23,0.0219367588932806,-0.0986090190060611,-0.0946,0.276,0.3762
ESCA,AZ960,22,0.1186900056465273,-0.0326881682382545,-0.0959,0.2676,0.2178
ESCA,AGK-2,25,-0.3143076923076923,-0.4317128840116934,-0.0645,0.2503,0.8119
ESCA,neuronal differentiation inducer III,24,-0.4204392358577634,-0.5254066432974988,-0.0666,0.2852,0.9307
ESCA,AM-580,24,-0.3215652173913043,-0.5082184629831801,-0.0457,0.2634,0.8218
ESCA,PI-103,24,-0.3580869565217391,-0.4387251260031682,-0.0538,0.2609,0.8812
ESCA,POMHEX,20,0.0129323308270676,-0.1082063040681049,-0.0953,0.2866,0.3762
ESCA,GSK591,22,-0.1828345567476002,-0.2824063387334879,-0.0856,0.2991,0.6436
ESCA,isoevodiamine,22,0.4507058159232072,0.3853752426767132,-0.0451,0.2747,0.0396
ESCA,PRT062607,22,-0.5896103896103897,-0.6278625560004082,-0.148,0.2731,0.9505
ESCA,"1S,3R-RSL-3",23,0.4537549407114625,0.3753188357440933,-0.0615,0.2594,0.0198
ESCA,necrostatin-1,24,0.3020869565217391,0.1444512741880698,-0.0801,0.2599,0.0693
ESCA,PFI-1,23,-0.175098814229249,-0.2838170802203935,-0.0771,0.2636,0.6436
ESCA,SR-II-138A,24,-0.1359999999999999,-0.2207278600308447,-0.1145,0.2562,0.5644
ESCA,MG-132,23,-0.2193675889328063,-0.297821864463591,-0.0831,0.2699,0.6832
ESCA,Bosutinib,23,-0.0579051383399209,-0.1449809221677558,-0.1004,0.2621,0.3762
ESCA,ML258,24,0.2497281367106199,0.190865657365095,-0.0395,0.2554,0.1683
ESCA,topotecan,25,0.1390769230769231,-0.0068630196327631,-0.0898,0.2689,0.2178
ESCA,ICL-SIRT078,20,-0.235187969924812,-0.3551737419345154,-0.0637,0.2941,0.6931
ESCA,MGCD-265,24,-0.3921739130434782,-0.4701298957764047,-0.0993,0.2931,0.8317
ESCA,LCL161,22,-0.1640880858272163,-0.2896203126992025,-0.0887,0.2964,0.505
ESCA,cytarabine hydrochloride,25,0.0632307692307692,-0.0063968709314265,-0.0958,0.2643,0.2871
ESCA,vandetanib,24,0.1568695652173913,0.124012320505506,-0.0833,0.2883,0.2376
ESCA,Lestaurtinib,23,-0.1146245059288537,-0.3001585275790828,-0.1245,0.2477,0.4653
ESCA,TG-100-115,23,0.0762845849802371,-0.0434917004160375,-0.0646,0.266,0.3564
ESCA,MK-2206,25,-0.16,-0.2491389208984207,-0.0595,0.2649,0.6436
ESCA,GSK343,23,-0.0231225296442687,-0.1796440454943111,-0.0373,0.2542,0.5149
ESCA,afatinib,25,-0.0164615384615384,-0.1098491732372092,-0.1109,0.2671,0.3564
ESCA,ML162,24,0.1186086956521739,0.0029267853331994,-0.0004,0.2562,0.3366
ESCA,dexamethasone,24,-0.145391304347826,-0.2887941216777078,-0.1171,0.2706,0.5743
ESCA,CID-5951923,23,-0.0355731225296442,-0.0804416024486649,-0.0479,0.2365,0.5149
ESCA,fumonisin B1,24,-0.2146086956521739,-0.4299457423789405,-0.0921,0.2596,0.6634
ESCA,Irinotecan,23,0.0274703557312253,-0.1407607626658897,-0.115,0.2868,0.3267
ESCA,tandutinib,23,0.0741106719367589,-0.0644630396043729,-0.0516,0.2739,0.396
ESCA,Bromosporine,20,-0.4442105263157894,-0.5448734062748988,-0.0963,0.298,0.901
ESCA,PDMP,24,-0.1871304347826086,-0.2669066582162283,-0.0862,0.2726,0.604
ESCA,piperlongumine,24,-0.1135652173913043,-0.1633502647285751,-0.0504,0.2983,0.5941
ESCA,curcumin,24,0.2460869565217391,0.1698833561920066,-0.1126,0.238,0.0891
ESCA,phloretin,24,0.3036521739130434,0.1688444018328235,-0.0627,0.2584,0.0891
ESCA,Pyridostatin,23,-0.0535573122529644,-0.1590020509392597,-0.0705,0.2878,0.5248
ESCA,Leflunomide,22,0.0357989836250705,-0.039748375007759,-0.0769,0.2896,0.3564
ESCA,itraconazole,24,0.0725217391304347,-0.1432830222025549,-0.0677,0.2376,0.3069
ESCA,ML210,24,0.2199999999999999,0.1016576173503722,-0.0307,0.2895,0.2376
ESCA,etoposide,24,0.3278260869565217,0.2467181096369194,-0.0511,0.2696,0.0594
ESCA,Podophyllotoxin bromide,20,0.0132330827067669,-0.0558536354526505,-0.1154,0.2704,0.3168
ESCA,AZD4547,25,0.2241538461538461,0.09307424105308,-0.0822,0.2852,0.1881
ESCA,Camptothecin,23,0.0308300395256917,-0.0710615187140334,-0.1181,0.2531,0.2871
ESCA,BRD-K50799972,24,0.2222705734409351,-0.0011122355116072,-0.0835,0.2609,0.1188
ESCA,ML323,22,0.0091473743647656,-0.1091227696354573,0.0018,0.2791,0.505
ESCA,I-BET151,24,-0.3199999999999999,-0.4461770031683444,-0.0873,0.2876,0.802
ESCA,fulvestrant,23,-0.0136363636363636,-0.1120675496016949,-0.1324,0.2679,0.3564
ESCA,austocystin D,22,-0.1001693958215697,-0.2573272869978865,-0.1135,0.2628,0.4455
ESCA,BRD-K09587429,20,-0.1683339720397235,-0.3505592780322598,-0.1319,0.2681,0.5743
ESCA,erismodegib,24,0.3193043478260869,0.2266539558084555,-0.1261,0.2919,0.0693
ESCA,vorinostat,25,0.1627692307692307,0.0975528676285144,-0.052,0.2746,0.2376
ESCA,CI-976,23,-0.4918972332015811,-0.5785753623019182,-0.0738,0.2543,0.9703
ESCA,BRD-K26531177,22,-0.2106154714850367,-0.3050362122641252,-0.0349,0.3053,0.7228
ESCA,GSK2578215A,22,-0.4231507622811971,-0.5392696232391592,-0.0376,0.2828,0.901
ESCA,AZ6102,22,0.0897797854319593,0.014682535604276,-0.0859,0.2983,0.3069
ESCA,brivanib,24,-0.3911304347826086,-0.4723768940813512,-0.1001,0.2637,0.901
ESCA,clofarabine,24,0.0801739130434782,0.0010191117114488,-0.0741,0.2834,0.3564
ESCA,UNC0379,20,-0.0565413533834586,-0.3383899215928111,-0.1043,0.2437,0.3861
ESCA,BMS-195614,24,-0.4172173913043478,-0.5257341690058724,-0.0271,0.26,0.9307
ESCA,N9-isopropylolomoucine,24,-0.1820395781237689,-0.21456420353014,-0.0856,0.2699,0.6337
ESCA,prochlorperazine,24,0.0253968259972004,-0.0402915971146016,-0.0512,0.2662,0.4257
ESCA,sunitinib,23,0.1770750988142292,0.0881898920532604,-0.0686,0.2405,0.1386
ESCA,BRD-K34222889,24,-0.3437269052771786,-0.4005413634634631,-0.0556,0.2904,0.8416
ESCA,masitinib,23,0.1957993635262368,0.1071215887077286,-0.0855,0.2677,0.1485
ESCA,AZD5582,22,-0.1665725578769057,-0.2692937639385397,-0.0813,0.2917,0.5842
ESCA,epigallocatechin-3-monogallate,23,-0.0863636363636363,-0.3366140209383028,-0.0777,0.2879,0.5248
ESCA,lenvatinib,24,-0.445391304347826,-0.5726256354854471,-0.077,0.2419,0.9307
ESCA,bardoxolone methyl,24,-0.5598260869565217,-0.6791954257763524,-0.0514,0.2693,0.9802
ESCA,IWP-2,22,-0.3567476002258611,-0.4214565267248238,-0.1451,0.2426,0.8317
ESCA,I-BRD9,22,0.0872953133822699,-0.0985273176713479,-0.0608,0.297,0.2772
ESCA,VX-11e,22,-0.1390175042348955,-0.3194088230890717,-0.1127,0.2807,0.505
ESCA,ISOX,24,-0.0205262018333537,-0.116688189908303,-0.0934,0.2664,0.3564
ESCA,EPZ004777,23,-0.3804347826086957,-0.5016022329899187,-0.0563,0.2582,0.9208
ESCA,BRD-K33199242,24,-0.1184347826086956,-0.180047369052681,-0.0973,0.2734,0.5743
ESCA,GSK4112,24,-0.2445217391304347,-0.4296867180057349,-0.1011,0.2564,0.7426
ESCA,decitabine,24,0.0490541433644556,-0.1083820285041605,-0.059,0.2633,0.3564
ESCA,ML006,23,-0.2691699604743083,-0.4517187073713297,-0.0725,0.2651,0.7723
ESCA,MK-0752,24,-0.013391304347826,-0.098999119548545,-0.0779,0.2696,0.396
ESCA,Avagacestat,23,-0.109090909090909,-0.2828394481588024,-0.0985,0.2681,0.5347
ESCA,gefitinib,25,0.2006153846153845,0.0773276315751732,-0.0944,0.2448,0.1485
ESCA,BRD-K55116708,22,-0.1346512338359687,-0.2180156650224114,-0.1043,0.2842,0.5446
ESCA,manumycin A,24,0.5137391304347825,0.4061228243218199,-0.0547,0.2748,0.0396
ESCA,RO-3306,23,-0.283596837944664,-0.3810737418019793,-0.0861,0.2749,0.7525
ESCA,GNE-317,22,-0.273630717108978,-0.3978643904546676,-0.0726,0.2654,0.7525
ESCA,BI-2536,25,0.0398461538461538,-0.1188905775920747,-0.0577,0.2682,0.3663
ESCA,Zoledronate,20,0.0799999999999999,0.014356341802914,-0.1056,0.283,0.297
ESCA,KU-55933,25,0.3746153846153846,0.318957232743242,-0.0474,0.273,0.0594
ESCA,Entospletinib,22,-0.3919819311123659,-0.5121384278771689,-0.1213,0.3083,0.802
ESCA,cediranib,25,0.1918461538461538,0.0389029746690335,-0.0773,0.271,0.2079
ESCA,PD318088,24,-0.1384648869436407,-0.2602075080483514,-0.0683,0.2884,0.6139
ESCA,LGK974,23,-0.5256916996047432,-0.7214471556355437,-0.1023,0.2724,0.9307
ESCA,Savolitinib,22,-0.4737436476566912,-0.6827923608687505,-0.0759,0.2888,0.9109
ESCA,ibrutinib,25,-0.239076923076923,-0.3894138818527494,-0.0574,0.2674,0.7426
ESCA,nintedanib,24,-0.1597738676604699,-0.3081533299359488,-0.0401,0.2409,0.6634
ESCA,leptomycin B,24,0.1321739130434782,0.0410542435830874,-0.0749,0.2759,0.297
ESCA,Mirin,22,-0.1189158667419537,-0.3278279021275601,-0.1105,0.2425,0.505
ESCA,BRD-K11533227,22,0.0429257289074396,-0.1985283204912285,-0.0802,0.3042,0.4059
ESCA,GSK2110183B,20,-0.3227067669172931,-0.4980803891311854,-0.0606,0.2771,0.8317
ESCA,ceranib-2,24,0.2579130434782608,0.1683145850794244,-0.1054,0.2554,0.099
ESCA,Sinularin,20,0.4911278195488721,0.4266646204014412,-0.0927,0.2854,0.0495
ESCA,ML050,23,-0.4711462450592886,-0.6026440444086798,-0.0682,0.2699,0.9505
ESCA,PAC-1,21,-0.3407792207792207,-0.4688249460830942,-0.1097,0.2905,0.7426
ESCA,parbendazole,24,0.2674782608695652,0.1092650190730166,-0.1082,0.2646,0.099
ESCA,CD-1530,24,-0.2436521739130434,-0.3443752371792289,-0.0535,0.2843,0.7525
ESCA,bendamustine,24,0.2156521739130434,0.0997364723224639,-0.0478,0.2235,0.1485
ESCA,AZ-3146,23,-0.1558853383725491,-0.2833694335113716,-0.0769,0.2928,0.604
ESCA,OF-1,22,0.1555053642010164,0.1027511734672699,-0.0688,0.2848,0.2178
ESCA,LJI308,22,-0.1162055335968379,-0.259836390069778,-0.0896,0.3,0.495
ESCA,ML320,24,0.3770384955406298,0.2746038514409992,-0.0686,0.2966,0.0594
ESCA,NSC19630,25,0.0883076923076923,0.0285444732060035,-0.0199,0.2474,0.3366
ESCA,KW-2449,24,0.0073043478260869,-0.1455392618218402,-0.1324,0.2552,0.3564
ESCA,PLX-4720,25,0.2018461538461538,0.1531670674408561,-0.0939,0.2676,0.1782
ESCA,LE-135,24,-0.1085217391304347,-0.2073421718155229,-0.1122,0.268,0.505
ESCA,vorapaxar,24,-0.3756521739130434,-0.4685789942381131,-0.0738,0.2763,0.8713
ESCA,dasatinib,25,0.5118461538461538,0.4409836530343579,-0.0427,0.2474,0.0099
ESCA,docetaxel,25,0.087076923076923,0.0262860662433809,-0.0767,0.2593,0.297
ESCA,trifluoperazine,23,0.5399209486166008,0.4317367103977605,-0.0863,0.2734,0.0099
ESCA,SKI-II,24,0.2558817194649442,0.1857700045358065,-0.0866,0.3039,0.1584
ESCA,SNX-2112,24,0.2789565217391304,0.1434384683543703,-0.0636,0.2659,0.1188
ESCA,GSK461364,24,-0.0372173913043478,-0.0855181396068166,-0.1497,0.2932,0.3267
ESCA,Compound 23 citrate,23,0.0470355731225296,-0.089170498761321,-0.1128,0.2943,0.2871
ESCA,alisertib,25,-0.2067692307692308,-0.3543463558547965,-0.058,0.2611,0.703
ESCA,CHM-1,23,0.3693675889328063,0.3395868112745535,-0.1062,0.2654,0.0594
ESCA,3-Cl-AHPC,24,0.3219130434782608,0.2514028741383687,-0.0473,0.2432,0.099
ESCA,Obatoclax Mesylate,20,0.1001503759398496,-0.1045286049247135,-0.1407,0.3216,0.2277
ESCA,momelotinib,24,-0.5361739130434782,-0.7059432120730897,-0.0225,0.2513,0.9802
ESCA,BMS-536924,25,-0.4167692307692308,-0.5977214540625435,-0.0753,0.2721,0.8713
ESCA,VER-155008,24,0.3386086956521738,0.1919014681095864,-0.0577,0.2821,0.0792
ESCA,nakiterpiosin,24,0.3789565217391303,0.2475100837223595,-0.1072,0.2674,0.0099
ESCA,pifithrin-mu,24,0.0831304347826086,-0.0380445006306224,-0.1092,0.2629,0.2871
ESCA,123138,20,-0.155187969924812,-0.301007961410539,-0.0571,0.302,0.604
ESCA,123829,20,-0.0105263157894736,-0.1422608259355812,-0.1026,0.2894,0.3762
ESCA,150412,20,-0.1326315789473684,-0.2630485518243848,-0.1264,0.2804,0.5248
ESCA,50869,20,-0.0063157894736842,-0.1276292731827916,-0.0809,0.2644,0.4257
ESCA,615590,20,0.2827067669172932,0.2190204163660378,-0.068,0.2884,0.1386
ESCA,630600,20,-0.2381954887218044,-0.4327410061154214,-0.1262,0.3275,0.6238
ESCA,667880,20,-0.1873684210526315,-0.3321367253842709,-0.1006,0.2558,0.6535
ESCA,720427,20,-0.0123308270676691,-0.2125988181567287,-0.122,0.2922,0.3663
ESCA,729189,20,-0.3281203007518797,-0.4684268018066317,-0.0983,0.2958,0.7822
ESCA,741909,20,0.145563909774436,0.0339119297035944,-0.0714,0.2795,0.2079
ESCA,743380,20,0.0505263157894736,-0.0886806124298715,-0.0657,0.2964,0.3861
ESCA,765771,20,-0.344360902255639,-0.4749130219461238,-0.0867,0.2874,0.8119
ESCA,776928,20,-0.1097744360902255,-0.2810238969341511,-0.1129,0.312,0.505
ESCA,BDF00022089a,20,-0.2706766917293232,-0.3437868768540722,-0.1257,0.3199,0.6931
ESCA,BDILV000379a,20,-0.2135338345864661,-0.3620180316806471,-0.1306,0.2814,0.5842
ESCA,BDOCA000347a,20,0.5257142857142857,0.4399635912176917,-0.1463,0.2853,0.0198
ESCA,CT7033-2,20,-0.103157894736842,-0.2389020503733691,-0.0657,0.304,0.5149
ESCA,GSK2256098C,20,0.2288721804511277,0.0629863885469425,-0.1199,0.2838,0.1485
ESCA,GSK2276186C,20,-0.0463157894736842,-0.2171040275683145,-0.1911,0.3036,0.3168
ESCA,GSK2830371A,20,0.0192481203007518,-0.0652720053164585,-0.0779,0.3058,0.3762
ESCA,GSK3337463A,20,0.0454135338345864,-0.0183913765783103,-0.1414,0.2865,0.297
ESCA,GSK626616AC,20,-0.2177443609022556,-0.4342654354748524,-0.0868,0.2963,0.6337
ESCA,LMB_AB1,20,0.0087218045112781,-0.1887263635181358,-0.1099,0.2673,0.3465
ESCA,LMB_AB2,20,-0.1004511278195488,-0.3127136360728254,-0.0884,0.2841,0.4851
ESCA,LMB_AB3,20,-0.3861654135338345,-0.5496617606259497,-0.0843,0.3168,0.8119
ESCA,PBD-288,20,0.232781954887218,0.0706997364295284,-0.0799,0.3332,0.1782
ESCA,THR-101,20,0.1341353383458646,-0.0952021238772691,-0.0452,0.3013,0.3366
ESCA,THR-102,20,-0.3678195488721804,-0.4916041101782194,-0.0398,0.2714,0.8911
ESCA,THR-103,20,-0.0508270676691729,-0.1949422324514455,-0.0551,0.2846,0.505
GBM,GSK525762A,33,0.2050802139037433,0.1169670304323621,-0.0554,0.2285,0.1584
GBM,erlotinib,33,0.3016711229946524,0.1766541485688075,-0.0565,0.217,0.0693
GBM,BMS-270394,31,-0.3111200741690731,-0.3389426267552446,-0.0534,0.2291,0.901
GBM,KU 0060648,31,0.1737096774193548,0.0023456886885982,-0.0735,0.2667,0.198
GBM,Merck60,31,-0.1371774193548387,-0.2801754527309228,-0.0335,0.2563,0.6733
GBM,pyrazolanthrone,31,-0.1316129032258064,-0.2197569396970995,-0.0651,0.2022,0.6436
GBM,Afuresertib,21,-0.1444155844155844,-0.2165036480989698,-0.1126,0.2744,0.5545
GBM,BRD-K97651142,31,0.2662903225806451,0.1593673589531601,-0.0692,0.2353,0.0792
GBM,Palbociclib,21,0.4433766233766234,0.3863186826931276,-0.1145,0.296,0.0396
GBM,Compound 7d-cis,27,0.1623931623931623,0.0990828213413506,-0.0584,0.2537,0.2178
GBM,BRD-K88742110,32,-0.2063782991202346,-0.3181601832824376,-0.0548,0.2457,0.7327
GBM,BRD-K14844214,32,-0.2538355798398034,-0.3458876835917038,-0.0287,0.2698,0.7921
GBM,bosutinib,29,0.2228353262376003,0.1262015330465414,-0.0599,0.2218,0.1188
GBM,avrainvillamide,20,0.2105263157894736,0.0505979661815625,-0.1151,0.2614,0.1188
GBM,doxorubicin,33,-0.0411096256684491,-0.1502175568499891,-0.0711,0.2268,0.4752
GBM,BRD-K80183349,31,0.1764468678746863,0.1012328097683791,-0.0497,0.2079,0.1881
GBM,CHIR-99021,31,0.3050806451612903,0.1752949499536092,-0.0527,0.2744,0.1386
GBM,PYR-41,31,-0.2811290322580645,-0.3537481957648739,-0.1006,0.2194,0.7624
GBM,UNC0321,31,0.0529032258064516,-0.047394719436605,-0.0546,0.2013,0.3663
GBM,SCH-79797,31,0.5004838709677419,0.4553195803415985,-0.0446,0.2315,0.0099
GBM,spautin-1,31,-0.1606451612903226,-0.213716131728273,-0.0584,0.1978,0.7426
GBM,Uprosertib,21,0.2838961038961038,0.1431193496166612,-0.0768,0.2607,0.099
GBM,tanespimycin,32,0.169941348973607,0.090345270295027,-0.0539,0.2414,0.2079
GBM,BRD-K02492147,25,-0.1395763669879762,-0.2996699415998782,-0.0791,0.2752,0.5842
GBM,lapatinib,30,0.1225806451612903,-0.0595208704404663,-0.0281,0.2321,0.2475
GBM,SGX-523,31,0.3398387096774194,0.2535372932365021,-0.0171,0.2389,0.0693
GBM,nutlin-3,33,0.3254616874403191,0.2533898742815533,-0.0602,0.2482,0.0594
GBM,Repligen 136,28,-0.3189270592340759,-0.4305084905252034,-0.0757,0.258,0.7921
GBM,Taselisib,21,0.5064935064935064,0.4358737705308308,-0.0619,0.2702,0.0396
GBM,BRD-K94991378,29,0.0286699507389162,-0.0727366662731932,-0.0475,0.2466,0.3267
GBM,dabrafenib,26,-0.2849230769230769,-0.511051418682168,-0.0992,0.2255,0.7921
GBM,PRIMA-1-Met,27,-0.1559218559218559,-0.2578938848766947,-0.0864,0.2472,0.5644
GBM,StemRegenin 1,31,0.1962096774193548,0.1566504203092809,-0.0745,0.241,0.1485
GBM,PF-750,30,0.3131924360400445,0.2318004019553539,-0.0767,0.2192,0.0297
GBM,erastin,32,0.3464809384164222,0.2639540128915431,-0.0651,0.2349,0.0594
GBM,MK-1775,32,-0.0414222873900293,-0.2478656948703453,-0.0743,0.2455,0.4455
GBM,sildenafil,30,0.0060956618464961,-0.1063317992530381,-0.0756,0.244,0.4356
GBM,GMX-1778,32,-0.1586510263929618,-0.373149638749387,-0.0503,0.2542,0.6436
GBM,PX-12,30,0.1240044493882091,0.0052152964242828,-0.0307,0.2281,0.2574
GBM,temozolomide,33,-0.1967245989304813,-0.2315583622615213,-0.0003,0.2237,0.8119
GBM,Vismodegib,20,0.1449624060150376,-0.041216117312645,-0.1118,0.313,0.198
GBM,BRD-K66453893,30,0.032880978865406,-0.0902790237800871,-0.0662,0.2381,0.3366
GBM,GDC0810,21,-0.0836363636363636,-0.2491097052260575,-0.1098,0.2826,0.4356
GBM,FQI-2,32,0.075,-0.0188812438891813,-0.0984,0.2151,0.2277
GBM,temsirolimus,28,0.2596606458675424,0.1785344960718168,-0.0329,0.2237,0.1287
GBM,AGI-6780,21,-0.1189610389610389,-0.2367625192587439,-0.1211,0.2896,0.5149
GBM,Serdemetan,20,-0.2520300751879699,-0.4665786572667666,-0.1195,0.2692,0.6733
GBM,cyclophosphamide,28,0.1413245758073344,0.0321069981705933,-0.0759,0.2585,0.2376
GBM,TGX-221,31,-0.275241935483871,-0.4286448716932835,-0.0915,0.2247,0.7822
GBM,procarbazine,30,-0.0428483904594215,-0.1389139213771324,-0.0751,0.2356,0.4158
GBM,fluvastatin,30,0.2370189098998887,0.1509293649446839,-0.0555,0.2468,0.1188
GBM,BRD-K41597374,31,-0.1634677419354839,-0.278085389645133,-0.0564,0.2329,0.703
GBM,pazopanib,31,0.0437096774193548,-0.0300649776421803,-0.0527,0.2554,0.3861
GBM,BRD-K28456706,29,0.2270723012666592,0.0634021406316969,-0.0598,0.2599,0.1485
GBM,quizartinib,31,0.2705111416106471,0.1587820014498119,-0.009,0.2419,0.1287
GBM,Buparlisib,21,-0.2384415584415584,-0.3700998891049002,-0.0786,0.2805,0.6931
GBM,16-beta-bromoandrosterone,30,-0.1761512791991101,-0.22406698144234,-0.0478,0.2335,0.703
GBM,foretinib,32,0.1857038123167155,0.0844878856970333,-0.0615,0.2425,0.1782
GBM,ML029,29,0.3875354137043918,0.3292559708501159,-0.0746,0.2626,0.0495
GBM,selumetinib,31,0.1876612903225806,0.0528280887835945,-0.0789,0.2444,0.1188
GBM,GSK-3 inhibitor IX,30,0.1490989988876529,0.0866160580270303,-0.07,0.2487,0.198
GBM,NSC23766,30,-0.2839154616240267,-0.361372474208615,-0.0862,0.2366,0.802
GBM,GDC-0879,30,-0.2501001112347052,-0.3594874636630289,-0.0742,0.2257,0.7921
GBM,triptolide,31,-0.0176612903225806,-0.2110058232504897,-0.0575,0.2208,0.4257
GBM,KHS101,30,0.2721690767519466,0.2237098217777821,-0.0532,0.2367,0.1089
GBM,SB-525334,31,0.0201612903225806,-0.0741282013857645,-0.0884,0.2229,0.3366
GBM,JQ-1,33,0.0652406417112299,-0.0087200322494391,-0.0946,0.2148,0.2178
GBM,Wee1 Inhibitor,21,0.3119480519480519,0.2118453212449643,-0.0989,0.3117,0.1188
GBM,Oxaliplatin,21,-0.1381818181818181,-0.311531944937702,-0.1327,0.2733,0.495
GBM,AZD7545,31,0.3337096774193549,0.2779033888217933,-0.0399,0.2409,0.0891
GBM,AZD6738,21,0.1836363636363636,0.1038632639221333,-0.1077,0.2787,0.1881
GBM,Osimertinib,21,0.2748051948051948,0.1937749361981944,-0.1639,0.2848,0.0792
GBM,NPC-26,30,-0.4676617599006856,-0.5223806580673664,-0.0259,0.2606,0.9208
GBM,PD173074,21,0.5968831168831169,0.5440405595285699,-0.1101,0.2399,0.0099
GBM,triazolothiadiazine,31,0.0731451612903225,-0.089169588684266,-0.0718,0.2185,0.2871
GBM,CAY10594,31,-0.4735483870967742,-0.5757235570951842,-0.0451,0.2051,0.9802
GBM,methotrexate,33,0.1328877005347593,0.0636108075772054,-0.048,0.2205,0.1782
GBM,Compound 1541A,31,-0.4325330153689591,-0.5326609005037083,-0.0803,0.2454,0.901
GBM,dacarbazine,33,-0.0392379679144385,-0.1471558672424338,-0.0697,0.2651,0.4257
GBM,olaparib,33,-0.1045454545454545,-0.2540839827426938,-0.0352,0.2338,0.604
GBM,OSI-930,30,-0.1877196885428253,-0.2700385058747356,-0.0915,0.2541,0.5941
GBM,SB-431542,31,-0.2079032258064516,-0.341583574510188,-0.0646,0.2522,0.7129
GBM,SN-38,31,-0.0630645161290322,-0.1378778893082414,-0.059,0.2468,0.5248
GBM,regorafenib,31,-0.0981451612903225,-0.1962504598188712,-0.0416,0.2462,0.5644
GBM,AGI-5198,21,0.189090909090909,0.1415269947186328,-0.1481,0.2879,0.1386
GBM,Ch-55,29,0.0978325123152709,-0.0153801380789083,-0.0889,0.2588,0.2772
GBM,LBH-589,31,0.3182258064516129,0.2019644389320304,-0.057,0.2341,0.0396
GBM,SU11274,31,0.0079838709677419,-0.1047410109165947,-0.0719,0.2435,0.3663
GBM,BRD-K13999467,31,-0.0432258064516129,-0.1870203033786999,-0.03,0.2461,0.5644
GBM,GW-405833,30,0.1292547274749722,0.0340337246210348,-0.048,0.238,0.2475
GBM,BRD-K85133207,30,-0.2160863290710298,-0.2943936035989125,-0.1241,0.23,0.6634
GBM,EX-527,30,-0.1058980741462587,-0.223255156438359,-0.0402,0.2365,0.5941
GBM,tosedostat,26,0.1176752136752136,0.0206644243165895,-0.1031,0.2464,0.2277
GBM,BRD-K64610608,30,-0.2082100357749893,-0.3444670476316531,-0.0218,0.2264,0.7822
GBM,purmorphamine,28,0.1440262775222886,0.0310472353215413,-0.0708,0.261,0.2574
GBM,Vinorelbine,20,0.1239097744360902,0.0499337627518345,-0.0901,0.2613,0.2277
GBM,cytochalasin B,32,-0.1503436904857068,-0.2207260853525073,-0.0859,0.2452,0.5743
GBM,BRD-K04800985,30,-0.0414729115927099,-0.1308080337454901,-0.0772,0.2576,0.4257
GBM,B02,30,-0.4570030064990684,-0.5772769099753075,-0.0823,0.211,0.9604
GBM,fluorouracil,31,-0.0460483870967741,-0.1681930935019622,-0.0425,0.2487,0.4851
GBM,ML203,31,0.24846114814765,0.1464889511114936,-0.0311,0.2298,0.1386
GBM,MK-8776,21,-0.0846753246753246,-0.2518700337536973,-0.095,0.3034,0.495
GBM,OTX015,21,0.0332467532467532,-0.0637868287393707,-0.0198,0.3055,0.4554
GBM,IC-87114,32,-0.1707478005865102,-0.2851976098227136,-0.0233,0.2227,0.7426
GBM,Lenalidomide,20,0.0517293233082706,-0.1773109782174469,-0.0806,0.2915,0.3267
GBM,PLX-4032,30,-0.0434705228031145,-0.1347945898293199,-0.0773,0.2238,0.4158
GBM,hyperforin,31,0.2886290322580646,0.2298477310342128,-0.0526,0.2521,0.0594
GBM,Ipatasertib,21,0.5623376623376624,0.443824950741322,-0.1299,0.2755,0.0198
GBM,cerulenin,28,0.1944170771756978,0.1172298036607467,-0.0802,0.2619,0.1485
GBM,SRT-1720,27,-0.2825901565750971,-0.3474758716399426,-0.0985,0.261,0.7426
GBM,bortezomib,33,-0.2622326203208556,-0.419631315820959,-0.0045,0.2152,0.9307
GBM,GW441756,21,-0.0987012987012987,-0.2804884596913599,-0.1152,0.2715,0.4851
GBM,LY-2183240,30,0.2757285873192436,0.156748159609274,-0.0414,0.2275,0.0891
GBM,SCH772984,21,0.318961038961039,0.214341308824299,-0.0852,0.2826,0.0693
GBM,BRD8958,30,-0.2889877641824249,-0.3954340613241602,-0.0204,0.2473,0.8317
GBM,PF-573228,32,0.1032258064516128,0.0707561380461222,-0.0783,0.2241,0.2475
GBM,ruxolitinib,33,0.3377673796791444,0.2737654728567951,-0.0835,0.213,0.0495
GBM,ZSTK474,30,-0.0058286985539488,-0.098246395914149,-0.105,0.2332,0.3168
GBM,nilotinib,33,-0.0652126683984864,-0.1599349319471798,-0.0289,0.232,0.5941
GBM,XL765,30,-0.1871620881533672,-0.3542446477358034,-0.0435,0.2494,0.7822
GBM,importazole,30,-0.2015127919911012,-0.3025784089796167,-0.0246,0.2141,0.7624
GBM,staurosporine,26,0.3066666666666666,0.243789936493162,-0.0789,0.2536,0.0792
GBM,YK 4-279,33,-0.0713903743315508,-0.1516879789016375,-0.0659,0.208,0.5149
GBM,Rucaparib,20,0.0093233082706767,-0.1243631633223031,-0.1377,0.2986,0.3267
GBM,ML083,30,0.1817332306272829,0.1161680160735637,-0.0623,0.2483,0.1881
GBM,ABT-737,29,-0.0721182266009851,-0.1523053490188939,-0.0494,0.26,0.495
GBM,RG-108,30,-0.1358112754183419,-0.2462726624358438,-0.0491,0.2366,0.6139
GBM,IPR-456,32,-0.0906891495601173,-0.2559499116236411,-0.081,0.2518,0.505
GBM,BRD1812,30,0.1652057842046718,0.0602305947056486,-0.0437,0.244,0.2277
GBM,BRD-K66532283,25,-0.112,-0.248971667989963,-0.0744,0.2434,0.5446
GBM,KX2-391,31,0.2948387096774194,0.249200471743571,-0.0484,0.2284,0.0693
GBM,PHA-793887,32,0.0568181818181818,-0.0782958266831505,-0.109,0.2326,0.2871
GBM,BRD-K17060750,32,-0.1953624790534824,-0.2580155189374765,-0.0764,0.2304,0.6733
GBM,Talazoparib,21,-0.0503896103896103,-0.2175319943887792,-0.0891,0.2706,0.4554
GBM,NSC 74859,31,-0.0404032258064516,-0.0654620605301716,-0.0416,0.2506,0.5248
GBM,AC55649,30,-0.0906743913560021,-0.1671358787165056,-0.076,0.2451,0.5446
GBM,PRL-3 inhibitor I,31,0.221715551831065,0.1760481947285934,-0.0764,0.2245,0.0891
GBM,AZD7762,33,0.0706550802139037,-0.0420492955334076,-0.0541,0.2311,0.3168
GBM,NVP-BSK805,31,-0.0444802905778986,-0.2480162244981185,-0.1206,0.2559,0.3762
GBM,BRD-K52037352,24,-0.04,-0.2451973912140663,-0.0761,0.2566,0.4554
GBM,BRD-K16147474,26,0.0008919434988841,-0.1563821662135236,-0.0563,0.2563,0.396
GBM,CCT036477,31,0.2308064516129032,0.1303351568217882,-0.0957,0.2246,0.0891
GBM,CAL-101,31,0.0462096774193548,-0.0457886236439973,-0.0186,0.2309,0.396
GBM,LY2109761,21,0.4007792207792208,0.3255628694709299,-0.0767,0.2736,0.0594
GBM,AT13148,21,0.0937662337662337,-0.1038935156237864,-0.0499,0.2604,0.3168
GBM,myricetin,31,0.0277419354838709,-0.0519539364815242,-0.065,0.2254,0.3366
GBM,PFI3,21,0.5542857142857143,0.4202912848961384,-0.0915,0.2742,0.0198
GBM,WAY-362450,31,-0.3500708139506329,-0.4344606597707889,-0.0335,0.2539,0.8911
GBM,entinostat,33,0.1768716577540107,0.0515121012123908,-0.0654,0.2438,0.1683
GBM,SGC0946,21,-0.2218181818181818,-0.3431068873213928,-0.1529,0.2927,0.604
GBM,AZD6482,32,0.1414222873900293,0.0449981142844809,-0.0191,0.2514,0.2871
GBM,BRD-A71883111,30,-0.1064738598442714,-0.2025295922407635,-0.0596,0.2516,0.5743
GBM,VU0155056,31,-0.2032866226683471,-0.2819900522989536,-0.1139,0.2315,0.6436
GBM,nelarabine,33,-0.0014042127163957,-0.0905967743292076,-0.0577,0.2205,0.396
GBM,NU7441,20,0.1254135338345864,-0.0107300045618111,-0.1057,0.2568,0.1881
GBM,serdemetan,30,-0.0170411568409343,-0.0926301291592471,-0.0716,0.2225,0.4455
GBM,chlorambucil,31,0.1621774193548387,0.1269407295555331,-0.0785,0.2369,0.1683
GBM,SB216763,21,-0.1646753246753246,-0.4014729290858115,-0.1,0.265,0.6238
GBM,AZD5363,21,0.0402597402597402,-0.1018783139209786,-0.1175,0.2866,0.3564
GBM,PIK-93,30,-0.0380422691879866,-0.181420298618445,-0.068,0.2218,0.4356
GBM,navitoclax,32,-0.2752199413489736,-0.3370402855729236,-0.0545,0.2497,0.8218
GBM,veliparib,33,-0.2336898395721925,-0.330367650839446,-0.0761,0.2114,0.7426
GBM,NVP-BEZ235,27,0.2654456654456654,0.2101623191774867,-0.0342,0.2476,0.1386
GBM,TG-101348,30,0.114571746384872,-0.0236517097455641,-0.0813,0.2304,0.2277
GBM,BRD6340,31,0.447983870967742,0.3884971980402421,-0.0586,0.2443,0.0396
GBM,ML031,27,0.0327278281938522,-0.0807281952034226,-0.0651,0.223,0.3762
GBM,OSI-027,33,0.3601604278074867,0.309375611488426,-0.0192,0.2238,0.0594
GBM,GW-843682X,31,0.0704032258064516,-0.0091899882525721,-0.0555,0.2394,0.3267
GBM,lomeguatrib,31,-0.2339516129032258,-0.3583031386739152,-0.0434,0.2185,0.7624
GBM,PF-184,30,0.2986874304783092,0.2439326057939242,-0.0802,0.2509,0.0891
GBM,IU1,29,-0.3635467980295566,-0.477935533827828,-0.0958,0.2585,0.8515
GBM,neratinib,31,0.0245967741935483,-0.0878678229645965,-0.0761,0.2447,0.3465
GBM,apicidin,31,-0.2364516129032258,-0.2808517075867783,-0.0659,0.2349,0.6832
GBM,VE-822,21,0.24,0.1917745514868185,-0.1318,0.2998,0.1386
GBM,BRD8899,31,-0.4276086939920449,-0.4704066669968532,-0.0921,0.2175,0.9208
GBM,pandacostat,28,0.268527640941434,0.192041959198044,-0.0949,0.2765,0.099
GBM,Wnt-C59,21,0.4197402597402597,0.308049032475385,-0.113,0.2953,0.0594
GBM,WZ8040,25,0.0536923076923076,-0.0361886652235864,-0.0672,0.2581,0.3168
GBM,fingolimod,31,-0.0466935483870967,-0.1542231437372637,-0.0509,0.2259,0.505
GBM,XAV939,21,0.2514285714285714,0.1502724511927842,-0.0724,0.2959,0.1287
GBM,CR-1-31B,30,0.4881423804226918,0.3700424496948574,-0.122,0.2465,0.0099
GBM,BRD-K71781559,32,-0.0464485383675665,-0.1104104467290566,-0.0041,0.2339,0.604
GBM,daporinad,30,0.3513681868743047,0.2849723591334497,-0.0953,0.2511,0.0396
GBM,CCT007093,20,-0.0460150375939849,-0.127958240679146,-0.0862,0.3154,0.4257
GBM,JNK Inhibitor VIII,21,0.545974025974026,0.5327083242219434,-0.0908,0.257,0.0297
GBM,brefeldin A,31,0.1180645161290322,0.0496140026235257,-0.0525,0.2443,0.2673
GBM,Ulixertinib,21,0.0155844155844155,-0.0380093425324669,-0.1003,0.2807,0.3861
GBM,crizotinib,33,0.0943850267379679,-0.0251281780422836,-0.0832,0.2369,0.2673
GBM,parthenolide,27,0.153531209634339,-0.0106787855930962,-0.0582,0.2443,0.2178
GBM,imatinib,31,0.4228225806451613,0.347612849508504,-0.016,0.1975,0.0099
GBM,Bax channel blocker,22,-0.210163749294184,-0.4087631136181451,-0.0818,0.256,0.7426
GBM,AZD8055,33,0.2829545454545454,0.1754378202629903,-0.0528,0.2178,0.0693
GBM,GANT-61,32,-0.1566556760994061,-0.2203711121779281,-0.0358,0.2091,0.6733
GBM,AMG-319,21,0.0545454545454545,-0.0394883357589262,-0.1001,0.2591,0.3366
GBM,RITA,29,-0.3335878828111412,-0.491512460372743,-0.0415,0.2721,0.8416
GBM,BRD-K37390332,30,0.2881094032440683,0.2132443211399027,-0.0552,0.2557,0.1386
GBM,CD-437,31,0.5930645161290322,0.5561247338745673,-0.0398,0.2245,0.0099
GBM,CAY10576,30,-0.0923659116660306,-0.1471503953203023,-0.0589,0.2398,0.5743
GBM,Ki8751,28,0.4177437647249052,0.3648416909811218,-0.0693,0.2609,0.0198
GBM,GDC-0941,33,0.1772727272727273,0.059586586872337,-0.0537,0.217,0.1485
GBM,WP1130,29,-0.0777339901477832,-0.1528344758244444,-0.0475,0.2532,0.5347
GBM,trametinib,26,0.5632136752136752,0.508436247509897,-0.1036,0.2946,0.0198
GBM,AZD8186,21,0.3612987012987013,0.153942718019576,-0.089,0.2614,0.0495
GBM,valdecoxib,30,0.1821134593993326,0.118259924411669,-0.0966,0.2422,0.1386
GBM,HLI 373,29,-0.0404926108374384,-0.1482905245563054,-0.06,0.2617,0.495
GBM,NSC48300,30,0.0351056729699666,-0.0724627105490369,-0.0957,0.2382,0.3069
GBM,ouabain,31,0.3630645161290323,0.2888155708914965,-0.0763,0.2534,0.0297
GBM,ABT-199,28,-0.2240831964969896,-0.2929460643360539,-0.0387,0.2367,0.7723
GBM,BMS-754807,33,-0.3390374331550802,-0.4595637545000456,-0.0549,0.2306,0.9109
GBM,elocalcitol,28,-0.1375119761064192,-0.2615301431446284,-0.0686,0.23,0.604
GBM,EHT-1864,20,0.0529323308270676,-0.1126992852483884,-0.1212,0.2955,0.2871
GBM,NVP-ADW742,31,0.2525,0.1150998792992728,-0.0352,0.2202,0.1584
GBM,EPZ5676,21,0.0859740259740259,-0.0421268433722541,-0.1159,0.2844,0.2673
GBM,narciclasine,32,0.1827712609970674,0.0846964922609667,-0.117,0.2256,0.0891
GBM,AT7867,29,0.615270935960591,0.5540682610211866,-0.0859,0.2422,0.0198
GBM,NSC95397,29,-0.2418719211822659,-0.3440006455339057,-0.0585,0.2322,0.7723
GBM,BMS-345541,21,0.2145454545454545,0.0758931645511628,-0.1197,0.2712,0.0891
GBM,MST-312,32,0.3004398826979472,0.2535225251919881,-0.0701,0.259,0.0891
GBM,BRD9876,32,0.2488864459174501,0.1433444016531714,-0.0964,0.2255,0.0891
GBM,sorafenib,33,0.3682486631016043,0.2798600611346267,-0.0795,0.2521,0.0495
GBM,SB590885,20,-0.1876691729323308,-0.3580627587036918,-0.061,0.3083,0.6238
GBM,MI-1,26,-0.192068376068376,-0.3385231246736284,-0.0662,0.2536,0.6634
GBM,oligomycin A,30,-0.3287652947719688,-0.4210232075302528,-0.114,0.2174,0.8416
GBM,KRAS (G12C) Inhibitor-12,21,-0.3374025974025974,-0.4140896700252893,-0.0126,0.2905,0.8614
GBM,GSK1904529A,21,-0.2932467532467532,-0.4890142186128547,-0.1448,0.2707,0.6931
GBM,pevonedistat,33,0.3633021390374332,0.2880536933371133,-0.0627,0.2453,0.0594
GBM,linifanib,32,0.4462609970674486,0.3979542465702311,-0.0651,0.2449,0.0198
GBM,SB-225002,31,-0.0305645161290322,-0.0756138737869414,-0.0741,0.2392,0.4455
GBM,BRD-A02303741,28,-0.1595838136350778,-0.2582199748348443,-0.0568,0.2387,0.6337
GBM,silmitasertib,30,-0.1694771968854282,-0.2914981867017345,-0.0585,0.2465,0.6931
GBM,L-685458,32,-0.1840620069562928,-0.2362863370257474,-0.0189,0.2175,0.7723
GBM,NSC30930,31,-0.0058064516129032,-0.0881820285855817,-0.0604,0.2338,0.4158
GBM,BIRB-796,33,0.2683155080213903,0.1935070684895948,-0.0544,0.2113,0.0693
GBM,NVP-231,27,-0.0753357753357753,-0.1894488501741824,-0.1098,0.2615,0.4851
GBM,MLN2238,32,0.0250733137829912,-0.1086500497244006,-0.0491,0.2562,0.3861
GBM,AZD3759,21,0.3311688311688311,0.231886314169018,-0.1146,0.2719,0.0495
GBM,BRD-K61166597,29,-0.4310344827586206,-0.5595074273927834,-0.0498,0.2528,0.9208
GBM,bexarotene,31,-0.082387337851901,-0.2433346955172317,-0.0844,0.2236,0.505
GBM,pluripotin,29,0.2867980295566502,0.2045988792620409,-0.0639,0.2482,0.0891
GBM,SCH-529074,29,-0.0009852216748768,-0.1198470215405226,-0.0979,0.2417,0.396
GBM,HC-067047,27,-0.2258852258852259,-0.3044351081834087,-0.0358,0.2529,0.7723
GBM,Luminespib,21,0.0664935064935065,-0.0200571885349989,-0.0862,0.2949,0.3267
GBM,RVX-208,21,-0.3709090909090909,-0.4548187944427553,-0.0705,0.2733,0.8812
GBM,ML311,32,0.2976539589442815,0.2542423655826329,-0.0937,0.2524,0.0495
GBM,STF-31,31,0.2130645161290322,0.0689523628916387,-0.0606,0.243,0.1485
GBM,tamatinib,30,-0.4483648498331479,-0.5222802098396401,-0.0796,0.2309,0.9406
GBM,tamoxifen,32,-0.3494134897360704,-0.457458238522004,-0.0999,0.2436,0.8317
GBM,KPT185,20,-0.0138345864661654,-0.242749312753832,-0.1519,0.2458,0.3366
GBM,azacitidine,32,0.0462609970674486,-0.08586662751813,-0.051,0.2502,0.3762
GBM,C6-ceramide,32,-0.0866648340180958,-0.1893203822368033,-0.0753,0.2238,0.5248
GBM,PF-543,31,-0.1203225806451612,-0.3051698245510539,-0.0723,0.2373,0.5941
GBM,teniposide,26,0.3605470085470085,0.2683247444525335,-0.0904,0.2379,0.0198
GBM,ML239,32,-0.301466275659824,-0.3395180613028489,-0.0812,0.2446,0.8119
GBM,mitomycin,32,0.2658357771260997,0.1758396685978557,-0.0477,0.232,0.099
GBM,etomoxir,31,-0.1726612903225806,-0.2570259214386513,-0.07,0.2308,0.6733
GBM,BRD-K51490254,30,0.2217130144605116,0.095927621456638,-0.0495,0.2251,0.1287
GBM,Ko-143,32,-0.0644428152492668,-0.1046840903560562,-0.0498,0.2151,0.5149
GBM,Mdivi-1,30,0.1125250278086763,0.0238556227157942,-0.0869,0.2267,0.2475
GBM,cucurbitacin I,28,0.2904214559386973,0.2045296055587816,-0.0702,0.2502,0.0792
GBM,BRD-K70511574,31,0.0881451612903225,-0.0529088444444276,-0.0646,0.2513,0.297
GBM,BRD-K92856060,30,-0.1493101950627885,-0.223868208805641,-0.0521,0.2443,0.6931
GBM,ZM447439,20,-0.032781954887218,-0.1526800907846945,-0.1428,0.2977,0.3564
GBM,vincristine,32,0.3363636363636363,0.304453635462969,-0.1149,0.2307,0.0198
GBM,pifithrin-alpha,29,-0.4139901477832511,-0.563952599841586,-0.0168,0.2359,0.9406
GBM,BRD9647,32,-0.0098240469208211,-0.0337239018184797,-0.079,0.2186,0.3663
GBM,canertinib,29,-0.2263054187192117,-0.3399466749814133,-0.0399,0.2565,0.7426
GBM,cabozantinib,30,-0.1581757508342602,-0.2058722338156785,-0.0952,0.2524,0.6139
GBM,BIX-01294,30,0.0216685205784204,-0.0519576640731766,-0.0723,0.2478,0.3267
GBM,SID 26681509,28,0.3678116908674487,0.3039412492939192,-0.0969,0.2504,0.0297
GBM,birinapant,30,-0.0509454949944382,-0.1757312883518468,-0.0898,0.1873,0.4554
GBM,YM-155,29,0.0464039408866994,-0.1613450826718632,-0.0629,0.232,0.3465
GBM,saracatinib,32,-0.1512463343108504,-0.2051063810234472,-0.1314,0.2439,0.5248
GBM,SNS-032,29,0.3738916256157634,0.3046269503205061,-0.0843,0.2091,0.0297
GBM,rigosertib,31,0.305,0.2684689683321996,-0.0627,0.2219,0.0594
GBM,BRD-K63431240,32,-0.1531524926686217,-0.2295049303190817,-0.0877,0.2132,0.604
GBM,bleomycin A2,29,0.0209852216748768,-0.0910187734976242,-0.0936,0.2449,0.3168
GBM,SR1001,30,0.0835688068359542,-0.1146429451097689,-0.0713,0.2528,0.2871
GBM,Niraparib,21,0.0729870129870129,-0.0864535627460251,-0.1592,0.2872,0.2178
GBM,JW-480,30,-0.2282091212458286,-0.3353407438553508,-0.0598,0.2207,0.7624
GBM,BIBR-1532,33,-0.1965909090909091,-0.3339256910745835,-0.0933,0.2458,0.6733
GBM,SB-743921,31,0.2518548387096774,0.1734631247875127,-0.071,0.248,0.1683
GBM,dinaciclib,26,0.2195555555555555,0.1420656248108447,-0.0955,0.2551,0.099
GBM,linsitinib,33,-0.1440508021390374,-0.2847477891645394,-0.0735,0.2358,0.6436
GBM,NSC632839,32,0.4266862170087976,0.3739866703382696,-0.1479,0.1974,0.0099
GBM,semagacestat,31,-0.2661961904847766,-0.3593127728563414,-0.0554,0.2341,0.8416
GBM,tipifarnib-P1,31,0.075612461317824,0.0262839823471035,-0.0996,0.2401,0.2673
GBM,AA-COCF3,29,-0.1525123152709359,-0.3339886202660316,-0.0501,0.264,0.604
GBM,ciclosporin,29,0.0583323073768115,-0.094789579428795,-0.1179,0.2416,0.2277
GBM,BRD4132,31,0.0216935483870967,-0.0956059788698066,-0.0464,0.2187,0.3861
GBM,TW-37,32,-0.3290322580645161,-0.3972248162007618,-0.0472,0.2431,0.8515
GBM,BMS-345541,30,0.434579450011365,0.3476107192941203,-0.0603,0.2559,0.0297
GBM,BRD-K45681478,31,0.133723158255949,-0.0530387693377157,-0.0409,0.2153,0.2277
GBM,MN-64,21,0.0628571428571428,-0.1041227351803664,-0.0901,0.284,0.3465
GBM,BRD-K02251932,31,-0.0946466382468975,-0.1628600707328156,-0.0644,0.2298,0.5446
GBM,DBeQ,31,-0.1165322580645161,-0.2001220886749296,-0.0209,0.2678,0.6436
GBM,Sepantronium bromide,21,0.4948051948051948,0.4658384141734903,-0.1183,0.2972,0.0396
GBM,gossypol,30,-0.3230700778642936,-0.4528731570978809,-0.0557,0.2553,0.8713
GBM,sirolimus,33,0.3630347593582887,0.2906780730858473,-0.038,0.2451,0.0693
GBM,betulinic acid,30,0.0833237770584989,-0.0235127456625738,-0.0181,0.2187,0.3564
GBM,BRD1835,30,-0.1135670737891357,-0.2165818688386252,-0.0838,0.2459,0.5545
GBM,tacrolimus,28,-0.2042425090975518,-0.2786908906663872,-0.0875,0.206,0.7228
GBM,lovastatin,31,-0.1595967741935484,-0.2733371817775628,-0.0217,0.2349,0.703
GBM,UNC0638,33,-0.3539438502673797,-0.4865708215540778,-0.0689,0.2375,0.8911
GBM,NVP-TAE684,31,-0.3084677419354839,-0.3822294421837643,-0.0691,0.2362,0.8713
GBM,BRD-K19103580,31,-0.1420967741935484,-0.3672756969018027,-0.0796,0.2298,0.6139
GBM,marinopyrrole A,20,0.0718796992481203,-0.0839561174720842,-0.0452,0.2787,0.3465
GBM,barasertib,29,-0.1734975369458127,-0.2741391750005703,-0.064,0.2477,0.7228
GBM,Motesanib,20,0.1542857142857142,-0.0034400844601716,-0.1218,0.3133,0.2277
GBM,Sabutoclax,21,-0.2148051948051948,-0.2821448568376451,-0.0559,0.3039,0.6832
GBM,BRD-K24690302,31,0.1412903225806451,0.114254127528974,-0.0539,0.2261,0.2178
GBM,paclitaxel,32,-0.107991202346041,-0.2393691582656806,-0.016,0.2277,0.6139
GBM,Refametinib,20,0.4721804511278195,0.423911950017406,-0.109,0.3091,0.0297
GBM,PRIMA-1,28,-0.224278091603503,-0.2633627835600607,-0.1353,0.2582,0.604
GBM,KU-0063794,32,0.3624633431085043,0.309404846708654,-0.0687,0.2272,0.0099
GBM,obatoclax,32,0.3042521994134897,0.2092294230456381,-0.0418,0.2482,0.0594
GBM,BRD-K35604418,33,0.0002673796791443,-0.0831818177962979,-0.053,0.2414,0.4455
GBM,Ribociclib,21,0.2153246753246753,0.0570895077276369,-0.1263,0.3091,0.1782
GBM,axitinib,33,0.3551470588235294,0.2679958804584768,-0.0653,0.1969,0.0198
GBM,niclosamide,31,0.1057258064516129,0.0201139875059545,-0.092,0.2485,0.2475
GBM,Dactinomycin,21,-0.0145454545454545,-0.2172464426498848,-0.1281,0.2853,0.3168
GBM,SJ-172550,31,-0.109737597669033,-0.2874545080565676,-0.0522,0.2398,0.604
GBM,P22077,21,-0.0711688311688311,-0.1693039446393304,-0.121,0.2928,0.4257
GBM,WIKI4,21,-0.2441558441558441,-0.3888868171555948,-0.1348,0.2799,0.604
GBM,zebularine,31,0.1572408357057567,0.0960948524041515,-0.0193,0.2444,0.2772
GBM,BRD-K29313308,30,-0.2546628340440295,-0.3901225328540139,-0.0444,0.2192,0.8416
GBM,PL-DI,30,0.3038487208008898,0.2482173928552797,-0.0434,0.2315,0.0693
GBM,CZC24832,21,-0.234025974025974,-0.3657895790286672,-0.0839,0.2703,0.6832
GBM,simvastatin,31,-0.1075806451612903,-0.31654011211444,-0.0821,0.2273,0.5545
GBM,TPCA-1,31,-0.4646774193548387,-0.6113776834902469,-0.0385,0.2287,0.9703
GBM,KU-60019,31,0.1413709677419355,0.1039998226297942,-0.0655,0.2122,0.1584
GBM,ciclopirox,32,0.2116762908716096,0.1850048686229887,-0.0572,0.2313,0.1287
GBM,WZ4003,21,-0.4612987012987012,-0.6397809934036642,-0.0702,0.2798,0.9109
GBM,gemcitabine,33,0.3392379679144385,0.2913207421119043,-0.035,0.2475,0.0891
GBM,indisulam,25,0.3199999999999999,0.2309605887407353,-0.0337,0.2751,0.1089
GBM,SMER-3,26,-0.3424957264957264,-0.4432437844434949,-0.0779,0.2723,0.802
GBM,tretinoin,31,-0.2734146601252515,-0.3832897434384852,-0.0955,0.2125,0.7921
GBM,BRD-K71935468,27,0.4478925698246027,0.3928117756822603,-0.0589,0.2324,0.0198
GBM,Picolinici-acid,21,0.3449350649350649,0.0506111662190892,-0.1078,0.2624,0.0693
GBM,GSK2606414,21,-0.0618181818181818,-0.1211365579934119,-0.1157,0.2852,0.396
GBM,CAY10618,32,0.5485337243401759,0.4883490096870181,-0.0842,0.247,0.0099
GBM,necrostatin-7,31,0.4432301665835751,0.3887694431945717,-0.078,0.2379,0.0297
GBM,tivozanib,30,0.2977085650723025,0.1911135483418641,-0.0613,0.2176,0.0495
GBM,BYL-719,27,-0.0957264957264957,-0.1956330720003321,-0.0254,0.2295,0.6634
GBM,PD0325901,21,0.2922077922077922,0.2155477613535164,-0.0855,0.2853,0.1089
GBM,AZ960,21,0.4116883116883117,0.2923176202122585,-0.0547,0.2989,0.0792
GBM,AGK-2,33,0.211096256684492,0.1475343666751232,-0.0533,0.2172,0.1287
GBM,neuronal differentiation inducer III,32,0.5181818181818181,0.48493838725459,-0.105,0.2306,0.0099
GBM,AM-580,30,-0.2734149054505005,-0.3971227782119995,-0.1,0.2564,0.7228
GBM,PI-103,30,0.0048498331479421,-0.1279449722535604,-0.0695,0.2235,0.4158
GBM,GSK591,21,-0.3464935064935065,-0.4720295854008789,-0.0377,0.2857,0.8614
GBM,isoevodiamine,29,0.1490640394088669,0.0498129996451768,-0.0219,0.2378,0.2673
GBM,PRT062607,21,0.1202597402597402,-0.0096597211241532,-0.0471,0.2869,0.297
GBM,"1S,3R-RSL-3",32,0.3294721407624633,0.282203578869396,-0.0872,0.2183,0.0594
GBM,necrostatin-1,30,-0.0856507230255839,-0.2321713380992339,-0.0321,0.2369,0.5149
GBM,PFI-1,21,0.0062337662337662,-0.1323226924082074,-0.0784,0.2848,0.3069
GBM,SR-II-138A,32,0.245674486803519,0.1936083872711627,-0.1136,0.2015,0.0495
GBM,MG-132,24,-0.3034782608695652,-0.3413401090325088,-0.0841,0.2742,0.7822
GBM,ML258,31,-0.032727339511015,-0.128172689371434,-0.0395,0.2383,0.495
GBM,topotecan,32,0.5633431085043987,0.4742720755782664,-0.0373,0.2301,0.0297
GBM,MGCD-265,31,-0.1374193548387096,-0.2857743765649188,-0.0655,0.2305,0.6832
GBM,LCL161,21,0.0259740259740259,-0.0768100291292393,-0.1201,0.2216,0.2574
GBM,cytarabine hydrochloride,33,0.2052807486631016,0.1595054982291698,-0.0602,0.2415,0.1683
GBM,vandetanib,31,0.0779032258064516,-0.0059247818635816,-0.0997,0.2381,0.2673
GBM,Lestaurtinib,20,0.072781954887218,-0.1360981095747594,-0.1029,0.2969,0.297
GBM,TG-100-115,31,0.0075,-0.1471660684556559,-0.0746,0.2245,0.3366
GBM,MK-2206,32,0.2376832844574779,0.2004800096673291,-0.0204,0.2435,0.1386
GBM,GSK343,21,-0.0015584415584415,-0.0910607643502214,-0.1229,0.292,0.3465
GBM,afatinib,32,0.2793988269794721,0.1527203631065284,-0.0693,0.2475,0.1089
GBM,ML162,32,0.2183284457478005,0.1405598329383162,-0.1016,0.2153,0.0891
GBM,dexamethasone,29,-0.3217265084485904,-0.4615541851098788,-0.0492,0.239,0.7921
GBM,CID-5951923,31,0.079758064516129,-0.0649237326629341,-0.0669,0.2411,0.2673
GBM,fumonisin B1,31,-0.3098689771358249,-0.3970392365841634,-0.0778,0.2188,0.8812
GBM,Irinotecan,21,0.1431168831168831,-0.090519794633171,-0.1023,0.291,0.2079
GBM,tandutinib,29,-0.1194088669950738,-0.2413054091596347,-0.0682,0.2209,0.6337
GBM,PDMP,30,0.0652725250278086,-0.0361029499675195,-0.0806,0.2486,0.2772
GBM,piperlongumine,29,-0.0278817733990147,-0.1789223111456944,-0.0627,0.2559,0.4455
GBM,curcumin,32,-0.006158357771261,-0.1336492036449864,-0.0842,0.2273,0.3762
GBM,phloretin,30,-0.018642936596218,-0.0904562829631078,-0.0667,0.2388,0.4356
GBM,Pyridostatin,21,-0.0727272727272727,-0.2204272590184474,-0.0613,0.2661,0.4752
GBM,Leflunomide,21,-0.2519480519480519,-0.3412351087502374,-0.1162,0.2839,0.6931
GBM,itraconazole,30,-0.5031037966386044,-0.6342084665967633,-0.0243,0.2229,0.9802
GBM,ML210,31,0.0013709677419354,-0.085427034987595,-0.0281,0.2671,0.4752
GBM,etoposide,32,-0.0495601173020527,-0.1375225366723277,-0.0624,0.2721,0.5149
GBM,AZD4547,33,0.2601604278074866,0.1932566907698768,-0.0494,0.2376,0.1188
GBM,Camptothecin,21,0.4955844155844156,0.4375022964599943,-0.102,0.2886,0.0297
GBM,BRD-K50799972,32,0.0226560352889945,-0.0682415643637367,-0.0244,0.2082,0.4257
GBM,ML323,21,0.2519480519480519,0.0964730718982458,-0.0849,0.2748,0.1386
GBM,I-BET151,31,-0.2368548387096774,-0.2685964998840757,-0.0411,0.2094,0.8119
GBM,fulvestrant,25,0.2986153846153846,0.2509537037296661,-0.1178,0.3062,0.1287
GBM,austocystin D,28,0.0136836343732895,-0.0667131736866761,-0.0855,0.2385,0.3069
GBM,BRD-K09587429,25,-0.1234852879161125,-0.2436628232446099,-0.0716,0.2674,0.5842
GBM,erismodegib,31,-0.0268691618500281,-0.1631701776429166,-0.0573,0.2247,0.4257
GBM,vorinostat,31,-0.1276612903225806,-0.2089503380276374,-0.0983,0.2151,0.5248
GBM,CI-976,30,-0.0902436316631071,-0.1412497019472676,-0.047,0.248,0.5743
GBM,BRD-K26531177,27,-0.2076923076923076,-0.3060076015055761,-0.0825,0.2372,0.703
GBM,GSK2578215A,21,0.0459740259740259,-0.0726632725245546,-0.0989,0.2643,0.3267
GBM,AZ6102,21,-0.5511688311688312,-0.6592550777232142,-0.1125,0.2779,0.9307
GBM,brivanib,31,0.3421774193548387,0.2100040070673714,-0.0385,0.2452,0.099
GBM,clofarabine,32,0.4606304985337243,0.3747077884572898,-0.0755,0.2469,0.0297
GBM,BMS-195614,30,0.345761957730812,0.246769304600956,-0.082,0.2257,0.0198
GBM,N9-isopropylolomoucine,28,0.1126436781609195,0.0321721796542962,-0.1077,0.2668,0.2178
GBM,prochlorperazine,32,-0.0424486803519061,-0.1640823724900877,-0.0718,0.253,0.4653
GBM,sunitinib,31,0.2651612903225807,0.1719713657902621,-0.0752,0.256,0.0891
GBM,BRD-K34222889,31,0.3600806451612903,0.2475555274889234,-0.0719,0.2231,0.0396
GBM,masitinib,29,0.0564108884682848,-0.0276503607338233,-0.0607,0.2564,0.3465
GBM,AZD5582,20,-0.076390977443609,-0.2459105318766597,-0.1158,0.2813,0.4752
GBM,epigallocatechin-3-monogallate,26,-0.3717606837606837,-0.4613382547718261,-0.0403,0.264,0.8911
GBM,lenvatinib,31,-0.0412541588950047,-0.0791326153437307,-0.0417,0.2206,0.4851
GBM,bardoxolone methyl,25,0.3993846153846153,0.2877335102909394,-0.0956,0.2318,0.0297
GBM,IWP-2,21,0.1636363636363636,-0.0390064398014193,-0.0923,0.2553,0.1683
GBM,I-BRD9,21,-0.0909090909090909,-0.1647930741206545,-0.0876,0.3029,0.5644
GBM,VX-11e,21,-0.2914285714285714,-0.3873304082934072,-0.1171,0.2624,0.6832
GBM,ISOX,31,0.0087096774193548,-0.1014601564249512,-0.059,0.2454,0.4158
GBM,EPZ004777,21,-0.3651948051948052,-0.4846181358334473,-0.1383,0.2795,0.7525
GBM,BRD-K33199242,31,-0.0855011108329908,-0.1834066187010238,-0.1027,0.2196,0.4554
GBM,GSK4112,31,0.1607823377462209,0.0911786106777454,-0.0561,0.2612,0.2574
GBM,decitabine,31,0.0583929834603782,-0.0026336215215609,-0.0558,0.2494,0.3564
GBM,ML006,30,0.2960952293325025,0.2266747251694819,-0.0297,0.2371,0.099
GBM,MK-0752,30,-0.2697084620648095,-0.3466993344213902,-0.0855,0.2537,0.7327
GBM,Avagacestat,20,-0.4066165413533834,-0.5954175179225278,-0.1024,0.2787,0.8614
GBM,gefitinib,32,-0.0430351906158357,-0.081812615558292,-0.0991,0.2221,0.4554
GBM,BRD-K55116708,31,0.1741935483870968,0.054127706560334,-0.0168,0.2493,0.2178
GBM,manumycin A,32,0.0699972526238984,-0.0242257381589482,-0.0449,0.204,0.2673
GBM,RO-3306,21,0.4997402597402597,0.3312330913908867,-0.1194,0.2972,0.0198
GBM,GNE-317,21,0.0015584415584415,-0.1232685315809424,-0.0325,0.2827,0.495
GBM,BI-2536,33,0.2975267379679144,0.2021430546397892,-0.0572,0.2492,0.0792
GBM,KU-55933,33,0.0639705882352941,0.0164257526352721,-0.0673,0.2233,0.3267
GBM,Entospletinib,21,0.1254545454545454,0.1128397699122113,-0.0939,0.2971,0.2574
GBM,cediranib,26,-0.1046837606837606,-0.1483548301230164,-0.094,0.2526,0.5644
GBM,PD318088,32,0.4239002932551319,0.3835999254464644,-0.0496,0.2249,0.0297
GBM,LGK974,21,0.0942857142857143,-0.085508084962018,-0.1316,0.2688,0.2475
GBM,Savolitinib,21,-0.0085714285714285,-0.1081816706682054,-0.107,0.2739,0.4158
GBM,ibrutinib,27,0.2069597069597069,0.1218433277310112,-0.0766,0.2498,0.1485
GBM,nintedanib,29,-0.1394088669950738,-0.1867477746290801,-0.0397,0.2291,0.703
GBM,RAF265,24,0.0297391304347826,-0.1202932447078054,-0.1248,0.2667,0.2475
GBM,leptomycin B,32,0.3673753665689149,0.2476996743131517,-0.0878,0.2027,0.0198
GBM,Mirin,21,-0.2768831168831168,-0.3974887840059712,-0.0455,0.295,0.7822
GBM,BRD-K11533227,27,0.2856968435056617,0.2141441744179285,-0.0358,0.2249,0.0891
GBM,ceranib-2,31,-0.0705645161290322,-0.1390759574060049,-0.0625,0.2286,0.4752
GBM,ML050,31,0.112016129032258,0.0122915108875898,-0.0853,0.2139,0.2079
GBM,compound 1B,31,0.0421774193548387,-0.0865012227721522,-0.0767,0.222,0.3465
GBM,PAC-1,27,0.1901098901098901,0.1252969284883449,-0.092,0.2355,0.1287
GBM,parbendazole,32,0.4148093841642229,0.3463320379097087,-0.0784,0.2249,0.0198
GBM,CD-1530,28,-0.2303544567897342,-0.3894095125888885,-0.0524,0.2434,0.7723
GBM,bendamustine,30,-0.2416648358722315,-0.3497627867513825,-0.0541,0.2251,0.7921
GBM,AZ-3146,30,-0.0319021134593993,-0.1641119860288765,-0.0795,0.2457,0.4554
GBM,OF-1,21,-0.2075324675324675,-0.3329032748954377,-0.1305,0.29,0.604
GBM,LJI308,21,0.3220779220779221,0.243572208225757,-0.0661,0.3144,0.1188
GBM,ML320,30,-0.274379799228165,-0.3554325090694581,-0.0923,0.2291,0.7822
GBM,NSC19630,28,-0.2035030103995621,-0.2598972422911583,-0.0499,0.2483,0.7327
GBM,KW-2449,31,0.5183064516129032,0.4491116447591696,-0.0538,0.2242,0.0198
GBM,PLX-4720,33,0.1401737967914438,-0.0453711951543004,-0.0722,0.2353,0.1782
GBM,LE-135,31,0.5116129032258065,0.4466306024657476,-0.0563,0.2633,0.0198
GBM,vorapaxar,30,0.2715461624026696,0.1291126556799273,-0.0646,0.2406,0.0693
GBM,dasatinib,33,0.2054812834224599,0.1290883128521385,-0.0689,0.219,0.1287
GBM,docetaxel,24,0.3586086956521739,0.1770123742784084,-0.0731,0.2558,0.0594
GBM,trifluoperazine,31,-0.0786290322580645,-0.1611324262222448,-0.0628,0.2234,0.5545
GBM,SKI-II,29,0.1986206896551723,0.1206588940783641,-0.0455,0.2278,0.1683
GBM,SNX-2112,32,0.3127565982404691,0.2673080662382847,-0.0811,0.2225,0.0693
GBM,GSK461364,29,0.2999999999999999,0.1144751648778881,-0.0671,0.2448,0.0891
GBM,Compound 23 citrate,32,-0.1441481080199461,-0.2294836237410906,-0.063,0.2364,0.604
GBM,alisertib,33,-0.0480614973262032,-0.1475887291188735,-0.0805,0.2157,0.4653
GBM,CHM-1,32,0.2156891495601172,0.1452875372250615,-0.1056,0.234,0.0891
GBM,3-Cl-AHPC,31,0.5937903225806451,0.5631327327409941,-0.0742,0.2362,0.0099
GBM,momelotinib,31,-0.0465772761717795,-0.1885380663425792,-0.0613,0.2352,0.5347
GBM,BMS-536924,33,-0.0641711229946524,-0.123993972062639,-0.063,0.2388,0.505
GBM,VER-155008,32,-0.1225918802692522,-0.2426921000551324,-0.0619,0.2385,0.6436
GBM,nakiterpiosin,30,-0.1345050055617352,-0.2673481385471045,-0.0615,0.2195,0.6238
GBM,pifithrin-mu,31,-0.0461290322580645,-0.1669909330087548,-0.033,0.2454,0.5347
HNSC,GSK525762A,33,0.1538898643293857,0.0762537873939203,-0.0272,0.2024,0.2277
HNSC,erlotinib,33,0.2822860962566845,0.2003121317214719,-0.0482,0.2302,0.099
HNSC,BMS-270394,32,0.1531353238275093,-0.0253950013801083,-0.0525,0.2481,0.2574
HNSC,KU 0060648,32,0.0910557184750733,-0.0903531339526654,-0.0511,0.2367,0.3267
HNSC,Merck60,31,0.3190644234381991,0.2702535478585781,-0.0586,0.2352,0.0693
HNSC,pyrazolanthrone,32,-0.3422287390029325,-0.4080351727447819,-0.1014,0.2545,0.7921
HNSC,BRD-K97651142,32,0.0307184750733137,-0.0711752231248222,-0.0529,0.2306,0.3762
HNSC,Compound 7d-cis,25,0.0967692307692307,-0.0250886883985661,-0.0463,0.2568,0.3168
HNSC,BRD-K88742110,33,-0.3200534759358289,-0.4608657983384158,-0.0397,0.2285,0.8713
HNSC,BRD-K14844214,31,0.1493849596817916,0.035197014323487,-0.0666,0.2551,0.2079
HNSC,bosutinib,31,0.3883870967741936,0.297281926418408,-0.0917,0.2474,0.0396
HNSC,doxorubicin,33,0.2725267379679145,0.2442756869617399,-0.0573,0.2198,0.0693
HNSC,BRD-K80183349,32,0.2109970674486803,0.1212050433200647,-0.0848,0.226,0.0891
HNSC,CHIR-99021,31,-0.3711261234708982,-0.4322665101703091,-0.0664,0.2456,0.8713
HNSC,PYR-41,29,0.4807488643436887,0.43574654087873,-0.0335,0.2349,0.0198
HNSC,palmostatin B,20,-0.0875187969924811,-0.1997179551013208,-0.0763,0.2803,0.5446
HNSC,UNC0321,32,0.173036386025978,0.1006975661195491,-0.0398,0.2459,0.2376
HNSC,SCH-79797,31,-0.0260483870967741,-0.1523810498999737,-0.0453,0.2515,0.4455
HNSC,spautin-1,30,0.1483870967741935,0.0854074555473407,-0.0606,0.2361,0.2079
HNSC,tanespimycin,32,0.3343108504398827,0.2681007313208681,-0.0336,0.2221,0.0396
HNSC,BRD-K02492147,28,-0.2088955815374586,-0.2511038172738775,-0.0485,0.2696,0.7129
HNSC,lapatinib,33,0.5168449197860963,0.4154903129493446,-0.0617,0.2833,0.0297
HNSC,SGX-523,32,0.2736803519061582,0.212373500769421,-0.0738,0.2449,0.099
HNSC,nutlin-3,33,0.2873663101604278,0.1527694987488317,-0.0764,0.2512,0.0891
HNSC,Repligen 136,32,-0.1191348973607037,-0.2126402256827269,-0.0625,0.2335,0.604
HNSC,BRD-K94991378,28,-0.0375684612744212,-0.199158519549339,-0.0335,0.2577,0.5149
HNSC,PRIMA-1-Met,25,-0.1601538461538461,-0.4018959350192195,-0.0619,0.238,0.6535
HNSC,StemRegenin 1,32,0.257991202346041,0.210763064378834,-0.0402,0.2408,0.1188
HNSC,HBX-41108,20,0.3987969924812029,0.2888502735795917,-0.074,0.2854,0.0396
HNSC,PF-750,29,0.260327628529622,0.217135941337772,-0.0794,0.2579,0.099
HNSC,erastin,32,-0.0711143695014662,-0.1904517598766059,-0.0483,0.2342,0.5545
HNSC,MK-1775,33,0.0871657754010695,-0.0373084981242382,-0.0101,0.231,0.3663
HNSC,sildenafil,32,0.1923753665689149,0.1319972075672246,-0.0446,0.2487,0.198
HNSC,GMX-1778,32,0.1539589442815249,-0.0322296810867021,-0.028,0.2176,0.2277
HNSC,PX-12,31,0.3032160515459832,0.2303047737520225,-0.062,0.2551,0.1188
HNSC,temozolomide,33,0.1019804465831789,0.0013302335676358,-0.0804,0.2225,0.2178
HNSC,BRD-K66453893,31,0.257741935483871,0.1745590665586995,-0.079,0.245,0.0891
HNSC,FQI-2,32,0.3019794721407624,0.2111012076434619,-0.0309,0.2494,0.0891
HNSC,temsirolimus,26,-0.1124786324786324,-0.306061674258442,-0.0803,0.2306,0.5347
HNSC,pitstop2,20,-0.5764573555462206,-0.6420047929321282,-0.0822,0.2799,0.9406
HNSC,cyclophosphamide,26,-0.5063247863247863,-0.6321474971257024,-0.0465,0.2578,0.9505
HNSC,TGX-221,31,-0.2449037213776773,-0.4055712624575208,-0.0496,0.2187,0.7822
HNSC,procarbazine,32,-0.2989365804219004,-0.3959163380362366,-0.06,0.2382,0.8119
HNSC,fluvastatin,32,0.0681818181818181,-0.0024070323277024,-0.0638,0.2399,0.3069
HNSC,BRD-K41597374,30,0.1167649356429946,0.0516688180318075,-0.0353,0.2418,0.2574
HNSC,pazopanib,32,0.0922287390029325,0.0063829632055986,-0.0497,0.2261,0.297
HNSC,BRD-K28456706,31,0.1395724195848943,0.0628932413599951,-0.0598,0.2411,0.2178
HNSC,quizartinib,32,0.0286656891495601,-0.0608597070097261,-0.0719,0.214,0.3663
HNSC,16-beta-bromoandrosterone,32,0.1569595007444524,-0.00279370329418,-0.0136,0.234,0.2673
HNSC,KH-CB19,20,0.0932330827067669,-0.041777625804604,-0.0567,0.2663,0.2871
HNSC,foretinib,32,-0.113782991202346,-0.2157448566698561,-0.0685,0.2808,0.5248
HNSC,ML029,32,0.0454545454545454,0.0006024765820192,-0.0362,0.2623,0.4356
HNSC,selumetinib,32,0.0686950146627566,-0.0600074368782721,-0.0482,0.2238,0.3069
HNSC,GSK-3 inhibitor IX,31,0.0930645161290322,-0.0390469279144057,-0.0363,0.2489,0.3069
HNSC,NSC23766,32,-0.2418621700879765,-0.3976280630815239,-0.0384,0.2431,0.7921
HNSC,GDC-0879,31,-0.3697580645161291,-0.49219099620833,-0.0645,0.2412,0.8911
HNSC,triptolide,32,0.1521260997067448,0.0928055499849029,0.0056,0.2379,0.2871
HNSC,KHS101,27,-0.141025641025641,-0.250805037159972,-0.1053,0.2736,0.5545
HNSC,SB-525334,32,0.2815249266862169,0.1792778204030283,-0.0473,0.2405,0.1089
HNSC,JQ-1,32,0.1483870967741935,0.0935573269318968,-0.0855,0.2582,0.1782
HNSC,ETP-46464,20,-0.1858646616541353,-0.2894536556042169,-0.0682,0.2829,0.6733
HNSC,AZD7545,32,0.3250733137829911,0.195922068375266,-0.0576,0.2023,0.0396
HNSC,NPC-26,32,-0.0345624801425825,-0.0911158518090351,-0.0896,0.2249,0.4158
HNSC,triazolothiadiazine,30,-0.0143715239154616,-0.0471916413925511,-0.0738,0.2569,0.4356
HNSC,CAY10594,30,0.2743047830923247,0.155046754778085,-0.0973,0.2337,0.099
HNSC,methotrexate,33,0.0875668449197861,0.0427903033178609,-0.0399,0.2564,0.3465
HNSC,Compound 1541A,31,0.240483870967742,0.1954919510665021,-0.0935,0.2124,0.0495
HNSC,dacarbazine,32,-0.2027859237536657,-0.2943350990794164,-0.04,0.2473,0.7426
HNSC,olaparib,33,0.2225935828877005,0.1326081154832891,-0.0626,0.2453,0.1287
HNSC,OSI-930,27,0.1439560439560439,-0.0276098331048409,-0.1146,0.2401,0.1782
HNSC,SB-431542,32,0.138832371584826,0.030004218717448,-0.0644,0.2492,0.2376
HNSC,SN-38,31,0.337258064516129,0.2407488361747584,-0.0389,0.2237,0.0396
HNSC,regorafenib,31,-0.115527080853217,-0.201502188362434,-0.0083,0.2679,0.6931
HNSC,necrosulfonamide,20,0.3834586466165413,0.2002826039584521,-0.0407,0.3067,0.0693
HNSC,Ch-55,30,0.2318576195773081,0.1532578002272208,-0.0345,0.2096,0.1287
HNSC,LBH-589,32,0.1526392961876833,0.0863047061815032,-0.0218,0.2582,0.2772
HNSC,SU11274,32,0.4605571847507331,0.3307240274505619,-0.0768,0.2406,0.0099
HNSC,BRD-K13999467,29,-0.2687684729064038,-0.3889374019609103,-0.0871,0.2331,0.802
HNSC,GW-405833,32,0.4156891495601173,0.3290540440522979,-0.0716,0.2304,0.0297
HNSC,BRD-K85133207,32,-0.0973607038123167,-0.2088588224041321,-0.014,0.2288,0.6634
HNSC,EX-527,29,0.0880403997317249,0.0130606631980725,-0.0442,0.2485,0.3366
HNSC,tosedostat,32,0.0129032258064516,-0.1853309867633508,-0.0826,0.2206,0.3861
HNSC,BRD-K64610608,32,0.2388781973189138,0.1914558027234282,-0.0019,0.2533,0.2178
HNSC,purmorphamine,31,0.0473387096774193,-0.0639533588689597,-0.0213,0.2406,0.4356
HNSC,cytochalasin B,32,-0.2887626079684143,-0.3336771710396901,-0.0132,0.2188,0.8812
HNSC,BRD-K04800985,32,0.0113280176444972,-0.0653857247255883,-0.0377,0.2485,0.4653
HNSC,B02,32,-0.140848685405044,-0.3823038190474852,-0.0362,0.2235,0.6535
HNSC,fluorouracil,33,0.3373663101604278,0.2322189771073537,-0.0123,0.229,0.099
HNSC,ML203,32,0.133724340175953,0.0247100057876566,-0.0403,0.2341,0.2574
HNSC,IC-87114,32,0.1041055718475073,-0.0342576929433159,-0.0776,0.2115,0.2574
HNSC,PLX-4032,31,0.0939516129032258,0.0176201975909207,-0.0711,0.2629,0.297
HNSC,hyperforin,32,0.3245898648038156,0.1801234011631222,-0.057,0.2589,0.0792
HNSC,cerulenin,32,0.1901759530791788,0.1288864496890676,-0.0226,0.2493,0.2277
HNSC,SRT-1720,30,0.272110358786933,0.1493413225959342,-0.0676,0.2622,0.1089
HNSC,bortezomib,33,-0.1802807486631016,-0.2819701312591111,-0.0476,0.2416,0.703
HNSC,LY-2183240,32,0.4661717552343935,0.4071348175388111,-0.032,0.229,0.0099
HNSC,BRD8958,32,-0.1268003254879883,-0.2113713483035123,-0.0583,0.2423,0.5941
HNSC,PF-573228,32,0.0783724340175953,-0.0215856026022242,-0.0238,0.2188,0.3366
HNSC,ruxolitinib,33,0.0531417112299465,0.037142458225958,-0.0649,0.2424,0.3861
HNSC,ZSTK474,31,-0.1333064516129032,-0.2337727728422224,-0.0347,0.2388,0.6535
HNSC,nilotinib,33,-0.3601236746926156,-0.4345069141004126,-0.0407,0.2297,0.9208
HNSC,XL765,32,0.2488269794721407,0.1503661634900248,-0.0368,0.2217,0.0792
HNSC,importazole,24,-0.020695652173913,-0.1429573971890234,-0.0946,0.2717,0.4158
HNSC,staurosporine,25,-0.2172307692307692,-0.3803423134802661,-0.0671,0.2981,0.6733
HNSC,YK 4-279,33,0.3044706286221492,0.2132490317034828,-0.0301,0.2127,0.0891
HNSC,ML083,32,0.4972963085683035,0.4614323697087324,-0.0331,0.2301,0.0099
HNSC,ABT-737,32,0.2146627565982404,0.1639262058510706,-0.039,0.2378,0.1683
HNSC,RG-108,31,-0.3445688789110999,-0.4004482313055457,-0.0383,0.2262,0.8812
HNSC,IPR-456,32,-0.0591642228739002,-0.1307715737013768,-0.0634,0.2227,0.4158
HNSC,salermide,20,0.2589473684210526,0.2101383778319524,-0.0186,0.3021,0.1881
HNSC,BRD1812,32,0.150733137829912,0.0949791017940165,-0.0467,0.2492,0.2376
HNSC,BRD-K66532283,29,0.3282758620689655,0.2540235057845141,-0.0515,0.2439,0.0396
HNSC,KX2-391,31,0.1678225806451612,0.0659342744688199,-0.0836,0.2323,0.1881
HNSC,PHA-793887,32,0.2779325513196481,0.1639983064794844,-0.0376,0.2223,0.0891
HNSC,BRD-K17060750,31,0.1149223187561443,-0.0683175212132855,-0.0817,0.2182,0.198
HNSC,NSC 74859,32,0.0576979472140762,-0.0264248993494761,-0.05,0.2228,0.3168
HNSC,AC55649,32,-0.0530473835973708,-0.1353315832040197,-0.052,0.2107,0.5347
HNSC,PRL-3 inhibitor I,32,-0.2074920868521657,-0.3048216487391659,-0.0337,0.2433,0.7624
HNSC,AZD7762,33,-0.1503342245989304,-0.260249071556022,-0.0544,0.2406,0.6337
HNSC,NVP-BSK805,31,-0.1275806451612903,-0.3192646829239232,-0.0533,0.2513,0.6139
HNSC,BRD-K52037352,28,0.0443349753694581,-0.0064288415300626,-0.0567,0.2099,0.3366
HNSC,BRD-K16147474,27,0.2499160462638755,0.1161895853851845,-0.0511,0.2825,0.1782
HNSC,CCT036477,32,-0.2496929714455374,-0.362911709562748,-0.0252,0.2483,0.8218
HNSC,CAL-101,31,-0.1281451612903226,-0.3782180626486195,-0.0793,0.2239,0.6139
HNSC,myricetin,32,0.0736378955904067,-0.0183928085179748,-0.0874,0.253,0.3069
HNSC,WAY-362450,32,0.0609460987072127,-0.0286109790980119,-0.0577,0.2192,0.3168
HNSC,entinostat,33,-0.4195187165775401,-0.4788501094398951,0.0046,0.2386,0.9604
HNSC,AZD6482,32,-0.2781524926686217,-0.4667112624193278,-0.0433,0.238,0.8317
HNSC,WZ4002,20,-0.0297856358032754,-0.19117712141284,-0.0955,0.302,0.4257
HNSC,BRD-A71883111,31,0.1737744921835262,0.096954918201703,-0.0567,0.226,0.1782
HNSC,LRRK2-IN-1,20,0.0595488721804511,-0.0848108140299659,-0.0548,0.2699,0.3465
HNSC,VU0155056,32,0.2847507331378299,0.1619660127201559,-0.0675,0.2101,0.0594
HNSC,nelarabine,31,-0.0639177339673338,-0.2558530538062623,-0.0476,0.2343,0.505
HNSC,serdemetan,31,0.2012096774193548,0.0482384596352782,-0.0581,0.2206,0.1485
HNSC,chlorambucil,32,0.1796920821114369,0.0808560750792543,-0.0351,0.2392,0.2376
HNSC,PIK-93,32,-0.2798276979949768,-0.4147264418953648,-0.042,0.2336,0.8317
HNSC,navitoclax,33,-0.1677807486631016,-0.2965000934892672,-0.0693,0.2265,0.6634
HNSC,veliparib,33,-0.0610294117647058,-0.2038045313612288,-0.0289,0.2133,0.5545
HNSC,NVP-BEZ235,24,0.2641739130434782,0.1444825754690357,-0.0557,0.2765,0.1188
HNSC,TG-101348,31,0.0449193548387096,-0.0648082193908609,-0.0403,0.2263,0.3366
HNSC,BRD6340,31,-0.0312934773240701,-0.1511555372457179,-0.0816,0.2467,0.4257
HNSC,ML031,28,0.1980295566502463,0.1638792099522668,-0.0431,0.2265,0.1089
HNSC,OSI-027,33,0.1231283422459893,-0.0507801686687381,-0.0741,0.2496,0.2475
HNSC,GW-843682X,30,0.1426028921023359,0.0112316174567171,-0.0307,0.2439,0.3267
HNSC,lomeguatrib,32,0.0302052785923753,-0.0899035985772017,-0.0524,0.2474,0.3663
HNSC,PF-184,32,0.1439882697947214,0.036187938427095,-0.0589,0.2328,0.2376
HNSC,IU1,32,0.2852062376061827,0.17279976756343,-0.0605,0.2292,0.0891
HNSC,neratinib,32,0.3019794721407624,0.1625935672932701,-0.0385,0.216,0.0792
HNSC,apicidin,32,0.3826979472140762,0.3253080220339395,-0.0323,0.2261,0.0297
HNSC,BRD8899,31,0.1343087337937015,0.054269544581702,-0.061,0.2397,0.2178
HNSC,pandacostat,27,-0.3008547008547008,-0.4193376308062216,-0.1012,0.2581,0.7426
HNSC,WZ8040,28,0.1129720853858784,0.0366377775213563,-0.0173,0.2358,0.3366
HNSC,fingolimod,32,0.0794721407624633,-0.0249053501789928,-0.0319,0.2401,0.3168
HNSC,CR-1-31B,31,0.047016129032258,-0.048339688354356,-0.0992,0.2351,0.297
HNSC,BRD-K71781559,29,-0.0234482758620689,-0.1809370129411935,-0.0446,0.2288,0.4653
HNSC,daporinad,31,0.1607258064516129,0.0889126590664932,-0.0466,0.244,0.2178
HNSC,brefeldin A,31,0.2239516129032258,0.088119875486309,-0.0146,0.2441,0.1881
HNSC,JW-74,20,-0.1759398496240601,-0.3006173660514138,-0.0763,0.2835,0.6238
HNSC,crizotinib,33,0.1722593582887701,0.0524108979605307,-0.0837,0.219,0.1287
HNSC,parthenolide,26,0.0778803418803418,0.0132018539725203,-0.0529,0.2779,0.3366
HNSC,imatinib,32,-0.3413435996372631,-0.3857406787175517,-0.1132,0.2152,0.8218
HNSC,Bax channel blocker,28,0.2712643678160919,0.1637459208481582,-0.0878,0.2494,0.1089
HNSC,AZD8055,33,-0.043114973262032,-0.1285734449288127,-0.0552,0.2289,0.4851
HNSC,GANT-61,32,0.2431674467182865,0.1791654935506416,-0.047,0.2514,0.1584
HNSC,R428,20,-0.349172932330827,-0.4422201910468721,-0.0562,0.2795,0.8317
HNSC,RITA,32,-0.2016862170087976,-0.3016729110049139,-0.0824,0.2408,0.6436
HNSC,BRD-K37390332,31,-0.0642425553364368,-0.1616237017892884,-0.0468,0.2383,0.5446
HNSC,CD-437,32,0.3428152492668621,0.1507474430905016,-0.0432,0.2401,0.0792
HNSC,CAY10576,28,0.1021346469622331,0.0570240779931399,-0.0773,0.2375,0.2277
HNSC,Ki8751,32,-0.1820381231671554,-0.2926649944893738,-0.0717,0.238,0.6634
HNSC,GDC-0941,33,0.0395053475935828,-0.0622883844798848,-0.0659,0.2055,0.297
HNSC,WP1130,32,0.3733137829912022,0.3277466007249095,-0.074,0.2554,0.0396
HNSC,trametinib,23,0.2800395256916996,0.1893739689209381,-0.0432,0.2611,0.1287
HNSC,valdecoxib,31,0.0107258064516129,-0.1996298877183311,-0.0679,0.2449,0.3663
HNSC,HLI 373,32,0.1234604105571847,-0.0108326327692784,-0.0642,0.2321,0.2079
HNSC,NSC48300,31,-0.1112096774193548,-0.2123195219488072,-0.086,0.2102,0.5743
HNSC,ouabain,32,0.0448680351906158,-0.052374480498388,-0.0744,0.2457,0.3366
HNSC,ABT-199,23,-0.366798418972332,-0.4974003195789573,-0.1117,0.2811,0.7921
HNSC,BMS-754807,32,0.2224340175953079,0.1908526450231626,-0.0359,0.2545,0.1881
HNSC,elocalcitol,32,0.2305041285293831,0.0884164381596106,-0.0551,0.2124,0.0792
HNSC,NVP-ADW742,33,-0.094451871657754,-0.1619008341063231,-0.0382,0.228,0.6535
HNSC,PD 153035,20,0.3196992481203007,0.2965178629050334,-0.0961,0.2985,0.0891
HNSC,AT-406,20,-0.3154887218045112,-0.4234783057897617,-0.0827,0.2977,0.7723
HNSC,narciclasine,32,0.2899560117302052,0.2628446425825062,-0.0615,0.2258,0.0693
HNSC,AT7867,32,-0.4355971056696338,-0.5580937193727591,-0.0379,0.2349,0.9505
HNSC,NSC95397,29,0.2651231527093595,0.1967945405545588,-0.0524,0.2404,0.099
HNSC,COL-3,20,0.1263157894736842,-0.0127519096183332,-0.1017,0.3091,0.2772
HNSC,MST-312,33,0.5456550802139037,0.4581532816393491,0.0005,0.2396,0.0099
HNSC,BRD9876,31,0.3263709677419354,0.1723122618044582,0.0035,0.2404,0.1287
HNSC,sorafenib,33,0.2098930481283422,0.0442237930390411,-0.0838,0.2194,0.1089
HNSC,MI-1,28,-0.0575807334428024,-0.1562981060513358,-0.0376,0.284,0.4851
HNSC,oligomycin A,31,0.0916935483870967,-0.0368918626206744,-0.0693,0.2568,0.3366
HNSC,pevonedistat,33,0.4268070542184897,0.3503128306515858,-0.0407,0.2545,0.0297
HNSC,linifanib,32,0.2875366568914955,0.1674387396650148,-0.099,0.2292,0.0693
HNSC,SB-225002,32,0.157624633431085,0.0896556003792969,-0.0149,0.2505,0.2574
HNSC,BRD-A02303741,31,0.1621621753558599,0.0884016414237096,-0.0659,0.2321,0.2277
HNSC,methylstat,20,-0.3431578947368421,-0.5650037137729977,-0.0704,0.2991,0.7921
HNSC,silmitasertib,31,0.0990322580645161,-0.0486933030438671,-0.1016,0.2207,0.2079
HNSC,L-685458,32,0.3718449286994694,0.2317544336628872,-0.0198,0.2565,0.0792
HNSC,NSC30930,31,0.4533870967741936,0.3898889193359295,-0.0584,0.2499,0.0099
HNSC,BIRB-796,31,0.3021774193548387,0.2558510313587315,-0.0478,0.2579,0.0792
HNSC,NVP-231,32,-0.05,-0.1575638052151447,-0.0173,0.2408,0.5743
HNSC,MLN2238,30,0.0998998782463883,-0.0252203805322523,-0.0511,0.233,0.297
HNSC,BRD-K61166597,29,-0.024039408866995,-0.2099042113547306,-0.1027,0.2656,0.3663
HNSC,bexarotene,31,0.3540322580645162,0.3003298532483582,-0.0614,0.2635,0.0693
HNSC,pluripotin,32,0.2968475073313782,0.2056740679561654,-0.0356,0.2573,0.099
HNSC,SCH-529074,30,0.2673637374860956,0.2153738654352918,-0.0797,0.2351,0.0594
HNSC,HC-067047,28,0.172656358534891,0.0797093886452285,-0.0575,0.2387,0.2178
HNSC,ML311,32,0.0623900293255132,0.0158250839167911,-0.0317,0.2307,0.396
HNSC,STF-31,31,0.2684677419354839,0.1944366602806238,-0.0658,0.2476,0.0693
HNSC,tamatinib,31,-0.0853225806451613,-0.1928641413018225,-0.0567,0.2101,0.5545
HNSC,tamoxifen,33,-0.3810160427807487,-0.5006335822140779,-0.0384,0.2293,0.9208
HNSC,KPT185,20,0.1909774436090225,0.0802018650329471,-0.0613,0.271,0.2079
HNSC,azacitidine,33,-0.1980780486568071,-0.3446064695305648,-0.0328,0.2467,0.7327
HNSC,C6-ceramide,31,0.066236158848494,-0.0288528045348297,-0.0512,0.2436,0.3564
HNSC,PF-543,32,0.0868768328445747,-0.0210026240857324,-0.0398,0.2504,0.3168
HNSC,teniposide,23,0.1891304347826087,0.0840488149668531,-0.0806,0.2733,0.1485
HNSC,ML239,32,0.3359545426995896,0.2518259036750204,-0.0607,0.2187,0.0693
HNSC,mitomycin,31,0.1484677419354839,0.0392460190967815,-0.057,0.2337,0.1782
HNSC,etomoxir,31,-0.0411290322580645,-0.149884139186606,-0.0669,0.2365,0.4554
HNSC,BRD-K51490254,28,-0.068527640941434,-0.2273876052145362,-0.014,0.2564,0.5842
HNSC,Ko-143,31,0.2833064516129032,0.1385344114393083,-0.0603,0.2148,0.0792
HNSC,Mdivi-1,32,-0.0631964809384164,-0.2299382156760599,-0.0965,0.2093,0.4653
HNSC,cucurbitacin I,26,0.24608547008547,0.1635494348611153,-0.0348,0.3019,0.2277
HNSC,BRD-K70511574,32,0.1094308500609204,-0.0134018243528844,-0.0188,0.2429,0.2673
HNSC,BRD-K92856060,31,-0.2034479292524917,-0.3536757264532292,-0.0286,0.2304,0.7327
HNSC,vincristine,32,0.23841642228739,0.2009084450196507,-0.0122,0.2507,0.198
HNSC,pifithrin-alpha,32,0.0748968933582782,-0.0488236481474589,-0.0279,0.2151,0.2871
HNSC,BRD9647,31,-0.4315757658791213,-0.5112547827233934,-0.0573,0.2359,0.9406
HNSC,canertinib,31,0.3679032258064517,0.3013138699355877,-0.0714,0.1991,0.0099
HNSC,cabozantinib,32,-0.1209677419354838,-0.2497422483092224,-0.0434,0.2388,0.6139
HNSC,BIX-01294,31,-0.4966129032258064,-0.5567239887380213,-0.0758,0.2245,0.9703
HNSC,SID 26681509,26,0.2793162393162393,0.2242435292321024,-0.0966,0.271,0.0891
HNSC,birinapant,32,-0.1864369501466275,-0.2626188919384653,-0.0608,0.2609,0.6733
HNSC,YM-155,31,-0.052016129032258,-0.2240196303003751,-0.0063,0.2341,0.5842
HNSC,saracatinib,32,-0.3285923753665688,-0.3992212889837193,-0.048,0.2559,0.8614
HNSC,SNS-032,31,0.112016129032258,-0.0192348717963923,-0.0875,0.233,0.1881
HNSC,rigosertib,30,0.011523915461624,-0.145524513017742,-0.0854,0.2237,0.3663
HNSC,BRD-K63431240,31,-0.2716129032258064,-0.315097597867187,-0.0315,0.2301,0.8317
HNSC,bleomycin A2,32,0.4112903225806451,0.35668810776541,-0.0812,0.2251,0.0198
HNSC,SR1001,32,-0.2927956052864089,-0.3888549099650585,-0.0793,0.2369,0.7822
HNSC,JW-480,32,-0.2181151595129371,-0.2954991102239488,0.0165,0.2573,0.802
HNSC,BIBR-1532,33,-0.2575534759358289,-0.4355388544399391,-0.0844,0.2329,0.7624
HNSC,SB-743921,32,0.3367302052785924,0.2999048707037025,0.0034,0.2472,0.0792
HNSC,dinaciclib,23,0.0053359683794466,-0.1223118711697848,-0.1064,0.307,0.3762
HNSC,linsitinib,33,0.1395053475935828,0.0138267787240979,-0.0309,0.2258,0.2772
HNSC,NSC632839,31,-0.2024193548387097,-0.3606988900424372,-0.0973,0.2258,0.6832
HNSC,semagacestat,32,-0.1156264325266811,-0.2178957467291452,-0.0546,0.2618,0.5941
HNSC,tipifarnib-P1,32,0.3931818181818182,0.3106329405048056,-0.0641,0.2694,0.0693
HNSC,AA-COCF3,32,-0.0613861427411998,-0.180105267252723,-0.0748,0.2367,0.4554
HNSC,ciclosporin,31,-0.0912188733338228,-0.2474305179084876,-0.0367,0.2231,0.6535
HNSC,BRD4132,32,0.3182551319648093,0.2679185816852529,-0.0362,0.2541,0.099
HNSC,TW-37,31,0.11,0.0440180507845632,-0.0524,0.2756,0.2772
HNSC,A-804598,20,0.2107559381837826,0.0207979139357953,-0.0295,0.2992,0.2178
HNSC,BMS-345541,32,0.1686950146627565,0.1205082032366205,-0.0067,0.2434,0.2475
HNSC,BRD-K45681478,28,0.178215654077723,0.1233626750131982,-0.0882,0.2538,0.1485
HNSC,BRD-K02251932,30,0.0424916573971079,-0.0110287722948497,-0.0824,0.2273,0.3069
HNSC,DBeQ,32,-0.0465542521994135,-0.2327561850525591,-0.0461,0.2431,0.5248
HNSC,gossypol,31,0.2503225806451613,0.1824751477392283,-0.022,0.2581,0.1584
HNSC,sirolimus,33,-0.135427807486631,-0.2415256068658596,-0.0567,0.2262,0.604
HNSC,betulinic acid,32,-0.393667728470085,-0.511626861141355,-0.0413,0.2219,0.9208
HNSC,BRD1835,32,-0.0006604295568646,-0.1176898382944973,-0.0301,0.2407,0.4554
HNSC,tacrolimus,32,-0.0362170087976539,-0.163159457109107,-0.0151,0.2499,0.5545
HNSC,lovastatin,32,0.0500733137829912,-0.0487520380444992,-0.0605,0.1998,0.2871
HNSC,UNC0638,33,-0.3756016042780749,-0.4139942231887798,-0.0027,0.2437,0.9604
HNSC,NVP-TAE684,31,0.2616129032258065,0.191128977375086,-0.0613,0.2402,0.1089
HNSC,BRD-K19103580,30,-0.0119688542825361,-0.1232995698452492,-0.0338,0.2194,0.4752
HNSC,barasertib,32,-0.1363636363636363,-0.2655669510655339,-0.0129,0.2305,0.7129
HNSC,BRD-K24690302,32,0.3709677419354839,0.2520825853371752,-0.0512,0.2587,0.0594
HNSC,paclitaxel,30,0.143047830923248,-0.0315562367787362,-0.0495,0.2214,0.2376
HNSC,PRIMA-1,31,0.0592741935483871,-0.0715336245503581,-0.0747,0.2434,0.2871
HNSC,KU-0063794,32,-0.4428152492668621,-0.6885099841046578,-0.0412,0.2444,0.9406
HNSC,obatoclax,32,-0.0301319648093841,-0.1190678613126791,-0.0636,0.2117,0.4356
HNSC,BRD-K35604418,33,0.4100267379679145,0.2830076473520539,-0.1095,0.2282,0.0198
HNSC,axitinib,33,-0.1440508021390374,-0.319726046139111,-0.03,0.2297,0.6832
HNSC,niclosamide,31,0.1732258064516129,0.1414487447667494,-0.0709,0.2405,0.1485
HNSC,SJ-172550,32,0.158052765926499,0.1083696443816117,-0.0549,0.2329,0.2079
HNSC,zebularine,32,-0.0208211143695014,-0.0980845487909937,-0.043,0.2607,0.4455
HNSC,BRD-K29313308,32,0.3819648093841642,0.3049383838210232,-0.0841,0.2207,0.0099
HNSC,PL-DI,32,0.1674486803519061,0.1179815802448681,-0.0633,0.2831,0.2376
HNSC,simvastatin,25,-0.2056923076923077,-0.4512909882970554,-0.0429,0.2916,0.6733
HNSC,TPCA-1,32,-0.1452346041055718,-0.2532752917620415,-0.0589,0.2417,0.6139
HNSC,KU-60019,32,-0.2284457478005865,-0.3472910376076785,-0.0544,0.2194,0.7723
HNSC,ciclopirox,32,0.3170745132920941,0.1610031320472835,-0.0539,0.248,0.1089
HNSC,gemcitabine,33,0.2712566844919786,0.1855140663476486,-0.0142,0.2506,0.1683
HNSC,indisulam,30,0.069543937708565,-0.01887629648881,-0.0756,0.2744,0.3069
HNSC,SMER-3,28,0.1530377668308702,0.0514587950020552,-0.1076,0.226,0.1485
HNSC,tretinoin,32,0.3730180567403234,0.2788129157782014,-0.0697,0.2509,0.0495
HNSC,BRD-K71935468,28,-0.0024083196496989,-0.1437647758697641,-0.0898,0.2463,0.4158
HNSC,CAY10618,32,0.371774193548387,0.281167849271398,-0.0815,0.2255,0.0396
HNSC,necrostatin-7,32,-0.0827712609970674,-0.1279480915011672,-0.0343,0.2429,0.6337
HNSC,tivozanib,32,-0.1298387096774193,-0.2346615882680421,-0.0582,0.2219,0.6139
HNSC,BYL-719,24,0.1417391304347826,0.064981010946533,-0.0835,0.2518,0.2178
HNSC,AGK-2,33,0.0128352971117472,-0.0971157608528525,-0.0216,0.2279,0.4554
HNSC,neuronal differentiation inducer III,32,0.3296187683284457,0.2664744960538,-0.0215,0.2336,0.0891
HNSC,AM-580,32,-0.0824780058651026,-0.2531384473365452,-0.0578,0.2561,0.5644
HNSC,PI-103,32,0.1835043988269794,0.1078657944803534,-0.0577,0.2442,0.1683
HNSC,isoevodiamine,31,-0.0723387096774193,-0.1701883693339616,-0.0575,0.2295,0.5149
HNSC,"1S,3R-RSL-3",32,0.0298387096774193,-0.0844159064308709,-0.0695,0.2222,0.3168
HNSC,necrostatin-1,31,0.1230645161290322,0.0191115872102122,-0.0491,0.22,0.2178
HNSC,SR-II-138A,32,0.182991202346041,0.0973414395941155,-0.0739,0.2474,0.1683
HNSC,MG-132,21,-0.4776623376623377,-0.59215234444412,-0.0903,0.2724,0.8911
HNSC,ML258,32,0.178881762859052,0.0624411050728246,-0.031,0.2542,0.2178
HNSC,topotecan,33,0.4836898395721926,0.410392422939713,-0.0446,0.2425,0.0198
HNSC,MGCD-265,31,0.064758064516129,-0.1088386965350223,-0.0233,0.2356,0.3663
HNSC,cytarabine hydrochloride,33,-0.1003342245989304,-0.232074650530225,-0.0733,0.2288,0.5545
HNSC,vandetanib,32,-0.121774193548387,-0.2526969128526012,-0.0158,0.2628,0.6139
HNSC,TG-100-115,31,-0.1463050718192349,-0.3091174627695052,-0.0445,0.2458,0.6238
HNSC,MK-2206,33,-0.2282754010695187,-0.3926342304049697,-0.0716,0.2337,0.7327
HNSC,afatinib,30,0.1240044493882091,0.0277766649058855,-0.03,0.2393,0.297
HNSC,ML162,32,-0.3854838709677419,-0.4396154251405383,-0.0571,0.2391,0.8911
HNSC,dexamethasone,29,0.1101477832512315,-0.0139400027894214,-0.0499,0.2565,0.3069
HNSC,CID-5951923,32,-0.181798186081107,-0.336883988529285,-0.0426,0.2317,0.7327
HNSC,fumonisin B1,32,-0.0947214076246334,-0.2158580095405408,-0.0842,0.2175,0.5347
HNSC,tandutinib,32,0.1111640715287242,0.0012940745493519,-0.0251,0.2268,0.3267
HNSC,PDMP,32,0.0755131964809384,-0.0715163682885241,-0.033,0.2356,0.3267
HNSC,piperlongumine,32,0.3136363636363636,0.2373484516419694,-0.0098,0.2501,0.1089
HNSC,tacedinaline,20,0.0210526315789473,-0.0817044846259555,-0.1463,0.2925,0.3366
HNSC,curcumin,32,0.3894051890610041,0.3017282082545899,-0.069,0.2332,0.0396
HNSC,phloretin,31,0.3326612903225807,0.2958522759649363,-0.0916,0.2182,0.0297
HNSC,itraconazole,31,-0.0496774193548387,-0.1164993688118874,-0.0602,0.2459,0.4653
HNSC,ML210,32,-0.0907624633431085,-0.2250449740235452,-0.0546,0.2251,0.5347
HNSC,etoposide,32,0.1420821114369501,0.0281892850880524,-0.0259,0.2211,0.2376
HNSC,AZD4547,30,-0.111635150166852,-0.1965923133690333,-0.0591,0.2345,0.5941
HNSC,BRD-K50799972,29,0.3461083743842363,0.2348455088106406,-0.0532,0.2794,0.0495
HNSC,I-BET151,32,0.1455278592375366,0.030981434405354,-0.0547,0.2322,0.2178
HNSC,fulvestrant,25,-0.1353846153846153,-0.2036066510757771,-0.1075,0.2617,0.5248
HNSC,austocystin D,28,0.1571975916803503,0.0962825606416615,-0.0644,0.2713,0.2277
HNSC,BRD-K09587429,27,-0.3671681001271937,-0.5413954887825686,-0.0977,0.2803,0.8218
HNSC,erismodegib,32,-0.0243401759530791,-0.077802929162063,-0.0213,0.2473,0.5644
HNSC,vorinostat,32,-0.0061583577712609,-0.0641021140867634,-0.0524,0.2353,0.396
HNSC,CI-976,31,0.2333199060344014,0.1001434938190673,-0.0431,0.2222,0.099
HNSC,BRD-K26531177,27,0.1956043956043956,0.0909280907902733,-0.0664,0.2449,0.1485
HNSC,brivanib,31,0.450206676347833,0.4129904786020558,-0.058,0.2411,0.0198
HNSC,clofarabine,32,0.4123167155425219,0.3379861720250218,-0.0256,0.2565,0.0495
HNSC,BMS-195614,32,0.3560077001479391,0.2915605072083473,-0.0614,0.2487,0.0594
HNSC,N9-isopropylolomoucine,32,0.3010173232329038,0.1977590046569571,0.0028,0.2516,0.1188
HNSC,prochlorperazine,32,0.4672349025214175,0.4073102479001739,-0.0539,0.2562,0.0396
HNSC,sunitinib,31,-0.0920967741935484,-0.1604208812160059,-0.0531,0.2404,0.604
HNSC,BRD-K34222889,32,0.2365102639296187,0.1633860889702142,-0.0543,0.2425,0.1287
HNSC,masitinib,32,0.2161488415273658,0.1261090117729375,-0.0649,0.2332,0.1089
HNSC,epigallocatechin-3-monogallate,32,0.5078178006847136,0.4624843880345827,-0.0383,0.25,0.0297
HNSC,lenvatinib,32,0.0096041055718475,-0.102649525690262,-0.0262,0.2695,0.5149
HNSC,bardoxolone methyl,28,0.2064586754241927,0.0268712509008391,-0.0499,0.2645,0.198
HNSC,ISOX,31,-0.3541129032258064,-0.4358520519485758,-0.0478,0.2205,0.9208
HNSC,BRD-K33199242,32,0.0872147377872461,-0.0278950025937718,-0.0391,0.2372,0.3069
HNSC,GSK4112,32,0.2748443854870103,0.2547305103227668,-0.0564,0.2601,0.1386
HNSC,decitabine,32,0.1153958944281524,0.0204882470848604,-0.0299,0.2107,0.2772
HNSC,ML006,32,0.0809458348189321,-0.0160350724447622,-0.049,0.2297,0.297
HNSC,MK-0752,32,-0.2142791687122546,-0.2536672398819797,-0.0364,0.2052,0.7723
HNSC,gefitinib,33,0.3372994652406417,0.2721970807529429,-0.0436,0.2614,0.0594
HNSC,BRD-K55116708,32,0.1732196872823615,0.0817767084924372,-0.0721,0.2313,0.1485
HNSC,manumycin A,31,-0.3396310129166472,-0.4745949823652636,-0.0793,0.2478,0.8218
HNSC,BI-2536,32,-0.2120234604105571,-0.3843229509446279,-0.0442,0.2409,0.7723
HNSC,KU-55933,33,-0.1413770053475936,-0.2095125908839779,-0.0705,0.2389,0.6436
HNSC,GSK2636771,20,-0.3590823871839322,-0.4964681313183894,-0.0867,0.3038,0.802
HNSC,cediranib,23,-0.2223320158102767,-0.3956692317672661,-0.0858,0.2656,0.6634
HNSC,PD318088,32,0.1782991202346041,0.1388643279098972,-0.0831,0.2376,0.1188
HNSC,ibrutinib,24,0.1949565217391304,0.1351016314028808,-0.0826,0.2802,0.1881
HNSC,nintedanib,31,0.0901703805368823,0.0124061447208125,-0.0498,0.2142,0.2376
HNSC,RAF265,30,-0.0017352614015572,-0.1197630458739061,-0.0554,0.2505,0.3861
HNSC,leptomycin B,31,0.5091935483870969,0.4778321780996567,-0.0686,0.2364,0.0099
HNSC,BRD-K11533227,29,-0.156620274620679,-0.2763705870752173,-0.0819,0.2272,0.604
HNSC,ceranib-2,32,0.1367186090800174,0.0448973341152305,-0.0439,0.277,0.2871
HNSC,ML050,32,-0.1008797653958944,-0.2162987999171179,-0.0144,0.2129,0.6535
HNSC,compound 1B,29,0.103214682393936,0.0510071094592561,-0.0459,0.27,0.3069
HNSC,PAC-1,31,-0.1195967741935484,-0.2258740349554198,-0.0787,0.2371,0.6139
HNSC,parbendazole,32,0.3479472140762463,0.2822307376763167,-0.0113,0.2284,0.0594
HNSC,CD-1530,31,0.1179838709677419,0.0748308106115384,-0.0647,0.2304,0.2376
HNSC,bendamustine,31,0.2749193548387097,0.1173879409290825,-0.0474,0.2208,0.099
HNSC,AZ-3146,32,-0.1310117302052786,-0.2213662481859193,-0.0819,0.2042,0.5545
HNSC,ML320,32,0.2343967887704597,0.1716717016672008,-0.0281,0.2246,0.1188
HNSC,NSC19630,24,-0.1255652173913043,-0.1742439692411979,-0.0673,0.2711,0.604
HNSC,KW-2449,31,0.1648387096774193,0.1120788909178149,-0.0212,0.2511,0.2475
HNSC,PLX-4720,33,-0.3727272727272727,-0.5277125785672427,-0.027,0.2174,0.9505
HNSC,LE-135,30,0.1770411568409343,0.1436089682509939,-0.0474,0.2323,0.2079
HNSC,vorapaxar,32,0.3309384164222874,0.267063436677605,-0.0545,0.2572,0.0594
HNSC,dasatinib,33,0.1127005347593582,0.0430977148495871,-0.0674,0.2226,0.2178
HNSC,docetaxel,23,-0.2300395256916996,-0.3331733461278007,-0.1165,0.2956,0.604
HNSC,trifluoperazine,31,0.0908559335194973,-0.0363024240299449,-0.056,0.2386,0.3267
HNSC,SKI-II,32,0.0437683284457478,-0.0370687704719711,-0.0612,0.2355,0.3069
HNSC,SNX-2112,31,-0.0751612903225806,-0.175298810305995,-0.034,0.2227,0.5446
HNSC,GSK461364,32,-0.0144428152492668,-0.1005155892746675,-0.0323,0.2522,0.4554
HNSC,Compound 23 citrate,28,0.1169129720853858,-0.0470655747260464,-0.0598,0.2441,0.2871
HNSC,alisertib,31,-0.0804838709677419,-0.1628370766361976,-0.0236,0.2257,0.6436
HNSC,CHM-1,31,0.2465322580645161,0.1497438422278754,-0.0765,0.2536,0.1188
HNSC,3-Cl-AHPC,32,0.1125836316707158,-0.1509887812225568,-0.0631,0.2525,0.2574
HNSC,momelotinib,31,-0.2043548387096774,-0.2905599421521149,-0.0555,0.2133,0.7327
HNSC,BMS-536924,32,-0.1422287390029325,-0.2407313833253182,-0.049,0.2172,0.6634
HNSC,VER-155008,31,-0.3383870967741935,-0.4963123362196418,-0.0828,0.2095,0.8911
HNSC,nakiterpiosin,32,0.2074046920821114,0.1317784413471628,-0.0255,0.2432,0.1881
HNSC,pifithrin-mu,31,-0.2514516129032258,-0.3712673833600237,-0.0698,0.2473,0.7426
KIRC,GSK525762A,21,-0.0615584415584415,-0.1452051919016271,-0.0935,0.2676,0.4356
KIRC,erlotinib,21,0.1251948051948052,0.0048925192647365,-0.1201,0.2957,0.2079
KIRC,Merck60,20,0.1756390977443608,0.0955736840445983,-0.0782,0.2784,0.198
KIRC,pyrazolanthrone,20,-0.0514285714285714,-0.1013810319310262,-0.1206,0.2861,0.3762
KIRC,BRD-K88742110,20,-0.1221052631578947,-0.3401216888777393,-0.089,0.3021,0.5743
KIRC,BRD-K14844214,20,0.0174436090225564,-0.1752376569305908,-0.0515,0.2845,0.396
KIRC,doxorubicin,21,-0.3142857142857142,-0.4474862156125447,-0.08,0.2877,0.7723
KIRC,PYR-41,20,-0.5633082706766916,-0.6256546927351411,-0.0741,0.268,0.9703
KIRC,SCH-79797,20,0.1224060150375939,0.0369546930990035,-0.0985,0.2805,0.2178
KIRC,tanespimycin,20,0.1142857142857143,-0.0480257335366214,-0.0843,0.2961,0.2673
KIRC,nutlin-3,21,-0.0005194805194805,-0.2261774356801012,-0.0484,0.2897,0.4257
KIRC,PF-750,20,-0.3473684210526315,-0.4745500152191493,-0.0727,0.2853,0.8119
KIRC,MK-1775,21,-0.3625974025974026,-0.4801946477441988,-0.056,0.2802,0.8416
KIRC,temozolomide,21,-0.2794413518143291,-0.3777014620611195,-0.126,0.2798,0.7129
KIRC,FQI-2,20,0.1822556390977443,0.0871081221974112,-0.0761,0.2726,0.2079
KIRC,TGX-221,20,-0.2294736842105263,-0.3597013493379597,-0.1115,0.2653,0.6139
KIRC,procarbazine,20,0.0147368421052631,-0.0718144771147565,-0.0689,0.3002,0.3762
KIRC,BRD-K41597374,20,-0.478796992481203,-0.564100780071704,-0.1761,0.2732,0.8812
KIRC,foretinib,20,0.0345864661654135,-0.0501266655287957,-0.0916,0.2977,0.3564
KIRC,selumetinib,21,0.1979220779220779,0.1260130996438073,-0.0462,0.2998,0.2376
KIRC,NSC23766,20,-0.444812030075188,-0.5447986530031724,-0.0852,0.3114,0.8515
KIRC,SB-525334,20,-0.3001503759398496,-0.3913598812033664,-0.0817,0.2795,0.7822
KIRC,JQ-1,21,0.1587012987012986,0.0325139998944643,-0.0571,0.2944,0.2475
KIRC,methotrexate,21,0.0787012987012986,-0.1111776675329364,-0.0935,0.2761,0.297
KIRC,dacarbazine,20,-0.2342857142857142,-0.3940901709717882,-0.1331,0.2801,0.6139
KIRC,olaparib,20,0.315187969924812,0.2011526135958436,-0.0985,0.2952,0.099
KIRC,SN-38,21,0.0664935064935065,-0.1004432945336788,-0.0894,0.2732,0.3168
KIRC,SU11274,20,0.1894736842105263,0.0414905452443503,-0.1153,0.3082,0.2277
KIRC,EX-527,20,-0.4559398496240601,-0.5095252447484513,-0.0704,0.3045,0.8911
KIRC,cytochalasin B,20,-0.4774727678767494,-0.6453240029492437,-0.0751,0.2721,0.9307
KIRC,fluorouracil,21,-0.2148051948051947,-0.4827154647227041,-0.0332,0.2834,0.7327
KIRC,bortezomib,21,-0.021038961038961,-0.1840005434913043,-0.0553,0.2786,0.4455
KIRC,LY-2183240,20,-0.303157894736842,-0.5613726015067,-0.075,0.2982,0.7525
KIRC,ruxolitinib,21,-0.0381818181818181,-0.1167147633136186,-0.1188,0.2796,0.4158
KIRC,nilotinib,21,-0.0623376623376623,-0.1903793394368793,-0.0973,0.3056,0.4356
KIRC,YK 4-279,21,-0.2490909090909091,-0.3293046401138961,-0.0557,0.2622,0.7624
KIRC,ABT-737,20,0.0923308270676691,0.0145091372783691,-0.071,0.2894,0.297
KIRC,BRD-K66532283,20,-0.2057142857142856,-0.3449549076725493,-0.078,0.2886,0.6634
KIRC,BRD-K17060750,20,0.1287218045112781,-0.0103665067803258,-0.1182,0.2646,0.2277
KIRC,AZD7762,20,-0.3954887218045112,-0.4591000067142426,-0.1202,0.2924,0.8317
KIRC,entinostat,21,-0.1405194805194805,-0.1800060364489807,-0.056,0.2955,0.6139
KIRC,AZD6482,20,-0.2926315789473684,-0.4315480284578505,-0.0943,0.3026,0.7723
KIRC,nelarabine,21,-0.3592207792207792,-0.4498711310181756,-0.0694,0.2833,0.8119
KIRC,navitoclax,21,-0.007012987012987,-0.1260727969704509,-0.0256,0.2491,0.5149
KIRC,veliparib,21,0.2205194805194805,0.1167117370544297,-0.1059,0.2744,0.1485
KIRC,OSI-027,21,0.2187012987012987,0.0500803525793107,-0.1064,0.28,0.1584
KIRC,neratinib,20,-0.2535338345864661,-0.4023061788427575,-0.094,0.3027,0.6535
KIRC,apicidin,20,-0.1230075187969924,-0.2061285339369361,-0.081,0.2841,0.5446
KIRC,pandacostat,20,-0.3227067669172932,-0.4163227231299908,-0.1056,0.2711,0.7327
KIRC,CR-1-31B,20,-0.4144360902255639,-0.556912013836763,-0.08,0.2662,0.8812
KIRC,BRD-K71781559,20,-0.1621052631578947,-0.276409971353968,-0.133,0.2738,0.5347
KIRC,crizotinib,21,-0.1283116883116883,-0.2718342485217688,-0.106,0.2541,0.5743
KIRC,Bax channel blocker,20,0.312781954887218,0.1724797879013092,-0.0628,0.2758,0.099
KIRC,AZD8055,21,0.5441558441558442,0.4361403570507746,-0.0583,0.2862,0.0099
KIRC,RITA,20,-0.2135338345864661,-0.3047452446711692,-0.1022,0.2819,0.5941
KIRC,CD-437,20,-0.3302255639097744,-0.4523284604385637,-0.0727,0.2731,0.8119
KIRC,GDC-0941,20,-0.2300751879699247,-0.4121261929686685,-0.1043,0.2872,0.6436
KIRC,BMS-754807,20,0.0018045112781954,-0.135222447268001,0.0003,0.2816,0.4554
KIRC,NVP-ADW742,20,0.1473684210526315,0.0666890893087634,-0.0531,0.3067,0.297
KIRC,MST-312,21,-0.302077922077922,-0.5326300699589643,-0.0579,0.3126,0.7822
KIRC,sorafenib,21,-0.0974025974025974,-0.1781260207342436,-0.1056,0.3311,0.5149
KIRC,pevonedistat,20,-0.1338345864661654,-0.3062820878114201,-0.0662,0.3018,0.5941
KIRC,NSC30930,20,-0.3476691729323308,-0.492949025519904,-0.1363,0.2968,0.7327
KIRC,BIRB-796,21,0.3592207792207792,0.3310063933467622,-0.0392,0.2804,0.0891
KIRC,NVP-231,20,-0.3828571428571428,-0.4482435663465133,-0.1298,0.2865,0.8218
KIRC,STF-31,20,-0.1040601503759398,-0.2203875210782609,-0.0626,0.2828,0.5446
KIRC,tamoxifen,21,0.0979220779220779,0.0133164375653895,-0.0735,0.2616,0.2673
KIRC,azacitidine,20,-0.3284210526315789,-0.4966912692986246,-0.1303,0.2695,0.7327
KIRC,C6-ceramide,20,0.3548872180451127,0.3173154953133764,-0.0703,0.2828,0.0792
KIRC,BRD-K51490254,20,-0.1329323308270676,-0.1826686817018347,-0.0562,0.277,0.6238
KIRC,vincristine,20,-0.2914285714285713,-0.4381453623262117,-0.1143,0.2829,0.7129
KIRC,birinapant,20,0.0532330827067669,-0.0199934538149717,-0.0304,0.2966,0.4059
KIRC,saracatinib,20,-0.3969924812030075,-0.5956284948762028,-0.0826,0.2674,0.8614
KIRC,BRD-K63431240,20,-0.2846182976757435,-0.4287771186501332,-0.0443,0.2903,0.7426
KIRC,bleomycin A2,20,0.2174436090225563,0.1171221843175232,-0.0884,0.3116,0.1782
KIRC,BIBR-1532,20,0.0953383458646616,-0.120131420895809,-0.058,0.2695,0.3069
KIRC,linsitinib,21,-0.2594805194805195,-0.3752032773728842,-0.0696,0.2601,0.7525
KIRC,tipifarnib-P1,20,0.144360902255639,0.0492289076434584,-0.1196,0.2673,0.198
KIRC,ciclosporin,20,0.257841311953607,0.1437021119912764,-0.0672,0.3055,0.1881
KIRC,TW-37,20,0.4198496240601503,0.3101995960498517,-0.1109,0.3055,0.0594
KIRC,BRD-K02251932,20,0.4357894736842105,0.379146297411313,-0.052,0.2498,0.0396
KIRC,DBeQ,20,-0.2843174326676296,-0.4270576815893376,-0.1026,0.2729,0.6931
KIRC,sirolimus,21,-0.1187012987012986,-0.2563550936825024,-0.0774,0.2921,0.5644
KIRC,UNC0638,20,-0.0688721804511278,-0.1929399378301206,-0.0994,0.2825,0.4257
KIRC,BRD-K19103580,20,-0.1052631578947368,-0.2807566117742779,-0.0819,0.3102,0.5446
KIRC,paclitaxel,20,0.06796992481203,0.0244485593454277,-0.1113,0.2766,0.2475
KIRC,obatoclax,20,-0.0622556390977443,-0.2031466321077921,-0.0769,0.2495,0.5149
KIRC,BRD-K35604418,21,0.1098701298701299,-0.0318012813613905,-0.0795,0.2306,0.2079
KIRC,axitinib,21,-0.2594805194805195,-0.377465564057371,-0.0893,0.2786,0.6832
KIRC,gemcitabine,21,-0.0046753246753246,-0.1890277503699819,-0.0804,0.2701,0.4554
KIRC,indisulam,20,-0.0502255639097744,-0.2058695016210144,-0.1061,0.2645,0.4356
KIRC,tretinoin,20,0.3284210526315789,0.2578588119777123,-0.1059,0.2939,0.099
KIRC,CAY10618,20,0.1557894736842104,0.0188696965372942,-0.043,0.2743,0.2079
KIRC,AGK-2,20,-0.4204511278195488,-0.612420996184641,-0.0558,0.3013,0.901
KIRC,"1S,3R-RSL-3",20,-0.2944360902255639,-0.5082948356433974,-0.1225,0.3114,0.703
KIRC,SR-II-138A,20,-0.3344360902255638,-0.4544508187769048,-0.0582,0.2512,0.8911
KIRC,topotecan,21,0.2166233766233766,0.0779220279196549,-0.105,0.2892,0.1485
KIRC,MGCD-265,20,-0.2087218045112782,-0.33140245247599,-0.0912,0.3062,0.6139
KIRC,cytarabine hydrochloride,20,-0.0520300751879699,-0.2122774960729158,-0.0978,0.2837,0.4059
KIRC,TG-100-115,20,-0.0288721804511278,-0.2804269240567114,-0.1068,0.2836,0.4158
KIRC,MK-2206,21,0.1192207792207792,-0.0732068300077003,-0.1447,0.3017,0.2178
KIRC,afatinib,20,-0.1497744360902255,-0.2488235573435341,-0.1248,0.2791,0.5743
KIRC,dexamethasone,20,0.0058668676582209,-0.1491956976514929,-0.0747,0.2975,0.396
KIRC,fumonisin B1,20,0.0830075187969924,-0.1583429053949233,-0.084,0.2992,0.297
KIRC,piperlongumine,20,0.238796992481203,0.174930844363861,-0.1187,0.2989,0.1584
KIRC,etoposide,20,-0.38796992481203,-0.4757055134748157,-0.0931,0.2895,0.8416
KIRC,AZD4547,21,0.0233766233766233,-0.0366551037721336,-0.0883,0.2792,0.3465
KIRC,vorinostat,21,0.0275324675324675,-0.1495503248893282,-0.0909,0.287,0.3564
KIRC,sunitinib,20,-0.2803007518796992,-0.4311605312093488,-0.1039,0.2708,0.7426
KIRC,ISOX,20,0.2448120300751879,0.1685303999706029,-0.0473,0.2937,0.2079
KIRC,BRD-K33199242,20,-0.5262128991912003,-0.6380371722486626,-0.0371,0.2569,0.9703
KIRC,gefitinib,21,0.1496103896103895,-0.1101562087425062,-0.0748,0.2768,0.2376
KIRC,manumycin A,20,0.4739849624060149,0.4120663705118135,-0.096,0.29,0.0396
KIRC,BI-2536,20,-0.1302255639097744,-0.2691670247092271,-0.0849,0.258,0.6337
KIRC,KU-55933,21,-0.0737662337662337,-0.1499021366142287,-0.0878,0.2829,0.5149
KIRC,PD318088,20,0.3070676691729322,0.0976169600388099,-0.0599,0.314,0.1584
KIRC,PAC-1,20,-0.1554887218045112,-0.2514643789213175,-0.0686,0.2913,0.5743
KIRC,KW-2449,20,-0.1323308270676691,-0.2136803312349033,-0.1035,0.2995,0.5347
KIRC,PLX-4720,21,-0.2155844155844156,-0.2918758966464885,-0.1116,0.3106,0.5941
KIRC,dasatinib,21,0.2262337662337662,0.1145802525969889,-0.0758,0.3029,0.198
KIRC,GSK461364,20,-0.0033082706766917,-0.1887054757702683,-0.1394,0.2792,0.2772
KIRC,alisertib,21,-0.0493506493506493,-0.1942113918268074,-0.1094,0.2425,0.396
KIRC,3-Cl-AHPC,20,-0.272781954887218,-0.4258028970927299,-0.1234,0.2885,0.6634
KIRC,BMS-536924,21,-0.0046753246753246,-0.0764670712485419,-0.0865,0.2942,0.4158
KIRC,VER-155008,20,0.0478195488721804,-0.0903029532611354,-0.1195,0.2704,0.2475
LAML,erlotinib,20,-0.0306766917293233,-0.1702201912369952,-0.0697,0.2656,0.4554
LAML,Afuresertib,20,0.1389473684210526,0.0644972854953404,-0.089,0.2784,0.2079
LAML,Palbociclib,21,0.3236363636363636,0.2134108337532347,-0.0509,0.2657,0.1089
LAML,doxorubicin,20,0.1242105263157894,-0.1416832737409008,-0.1399,0.2853,0.1881
LAML,Uprosertib,21,0.2418181818181818,0.1447218523814691,-0.1292,0.2697,0.1089
LAML,tanespimycin,21,0.0651948051948052,-0.0115133871764109,-0.053,0.2797,0.3267
LAML,lapatinib,21,0.2641558441558441,0.1420307815802576,-0.047,0.2685,0.1287
LAML,nutlin-3,21,0.3670129870129869,0.3430992577705415,-0.0894,0.308,0.1089
LAML,Taselisib,21,-0.0916883116883116,-0.1404561916473839,-0.0665,0.2878,0.5446
LAML,Dabrafenib,21,-0.2771428571428571,-0.4987299021441312,-0.088,0.2658,0.7822
LAML,MK-1775,21,0.0306493506493506,-0.0994271125597623,-0.0637,0.2664,0.3861
LAML,temozolomide,21,0.2833766233766234,0.2279967511491265,-0.0772,0.3076,0.1287
LAML,Vismodegib,21,0.2641558441558441,0.1498918667660927,-0.1112,0.2749,0.0792
LAML,GDC0810,20,-0.36,-0.4845087873057299,-0.1311,0.2658,0.7723
LAML,temsirolimus,20,0.2556390977443609,0.0844632069315251,-0.084,0.2822,0.1485
LAML,Serdemetan,21,0.0179220779220779,-0.0644673300467535,-0.0846,0.2932,0.3465
LAML,cyclophosphamide,20,-0.1362406015037593,-0.2070915620826989,-0.0862,0.2754,0.5644
LAML,Buparlisib,20,-0.5058646616541352,-0.6285707984651372,-0.1271,0.2424,0.9703
LAML,foretinib,21,-0.1953246753246753,-0.3956644000156516,-0.1096,0.2808,0.5842
LAML,selumetinib,21,0.2716883116883117,0.2093563716912151,-0.0269,0.2738,0.1485
LAML,JQ-1,21,-0.2064935064935064,-0.3200304812114333,-0.0756,0.2691,0.6832
LAML,Wee1 Inhibitor,20,-0.1864661654135338,-0.2972142937157208,-0.132,0.2748,0.5644
LAML,Oxaliplatin,21,0.2153246753246753,0.1528629343074006,-0.0408,0.3056,0.198
LAML,AZD6738,20,0.2072180451127819,0.0190674082266294,-0.1407,0.2421,0.1089
LAML,VE821,20,-0.2297744360902255,-0.3299693574758334,-0.0909,0.2926,0.6535
LAML,Osimertinib,20,-0.0360902255639097,-0.1858501886294638,-0.1094,0.2441,0.3861
LAML,PD173074,21,0.2332467532467532,0.134213849456862,-0.0919,0.2518,0.099
LAML,olaparib,21,-0.1927272727272727,-0.3888670575915669,-0.0516,0.2847,0.7129
LAML,SN-38,21,-0.3496103896103896,-0.5106702922286546,-0.104,0.2689,0.8218
LAML,AGI-5198,20,-0.4234586466165414,-0.5453835515280201,-0.1241,0.2885,0.8218
LAML,Vinorelbine,20,0.1858646616541353,0.0311893054490355,-0.1563,0.2732,0.1188
LAML,fluorouracil,21,0.6283116883116884,0.5946827751319127,-0.088,0.3001,0.0099
LAML,MK-8776,21,-0.1594805194805194,-0.262822212202022,-0.0957,0.2892,0.5842
LAML,Lenalidomide,21,-0.4184415584415585,-0.5085283558892432,-0.0765,0.2681,0.9109
LAML,Ipatasertib,20,0.0721804511278195,0.0307177755918163,-0.0832,0.2979,0.3366
LAML,bortezomib,20,0.2496240601503759,0.1570232040012193,-0.1019,0.276,0.1584
LAML,GW441756,21,-0.3,-0.3819897191700689,-0.0852,0.2522,0.8119
LAML,SCH772984,21,0.327012987012987,0.2554164498604724,-0.0339,0.2656,0.0891
LAML,staurosporine,21,-0.1516883116883117,-0.2562764515908095,-0.0683,0.2548,0.6634
LAML,YK 4-279,20,-0.3948872180451127,-0.4940984585842143,-0.1013,0.2882,0.8218
LAML,Rucaparib,21,-0.0381818181818181,-0.1650787907733365,-0.1114,0.2801,0.4356
LAML,ABT-737,20,-0.0439097744360902,-0.1680580264433347,-0.0407,0.2916,0.4851
LAML,Talazoparib,20,0.1900751879699247,0.1399994071700742,-0.0923,0.2969,0.198
LAML,AZD7762,20,-0.1858646616541353,-0.4762808238380222,-0.0448,0.2864,0.6832
LAML,AT13148,20,-0.1569924812030075,-0.2319194328869153,-0.0848,0.2553,0.5941
LAML,SGC0946,20,0.1124812030075188,-0.0557523557871198,-0.0904,0.3091,0.2871
LAML,NU7441,20,-0.4390977443609022,-0.6514085393860505,-0.0332,0.2772,0.9505
LAML,SB216763,21,0.3872727272727272,0.2915304699632678,-0.0835,0.2937,0.0693
LAML,AZD5363,20,-0.0580451127819548,-0.1192383302287916,-0.0989,0.2967,0.5248
LAML,WEHI-539,21,0.5098701298701298,0.4372260501798372,-0.0789,0.2787,0.0099
LAML,navitoclax,21,0.1366233766233766,0.0589206925806872,-0.1345,0.2728,0.2079
LAML,veliparib,21,-0.0942857142857142,-0.1896047453652968,-0.0674,0.2639,0.5743
LAML,Dactolisib,20,0.2174436090225563,0.0684903623466585,-0.1215,0.264,0.1287
LAML,OSI-027,20,0.0812030075187969,-0.1087411102291237,-0.1014,0.2649,0.2673
LAML,CCT007093,20,-0.2318796992481203,-0.3675560029661303,-0.0954,0.2559,0.7426
LAML,JNK Inhibitor VIII,21,-0.5119480519480519,-0.5769364526931461,-0.1117,0.2647,0.9406
LAML,Ulixertinib,21,0.2327272727272727,0.1346615096685093,-0.0507,0.2738,0.1782
LAML,crizotinib,21,-0.3581818181818182,-0.5567295570964157,-0.0705,0.2655,0.8416
LAML,AMG-319,21,0.0285714285714285,-0.1990582547461755,-0.0977,0.2798,0.3366
LAML,GDC-0941,21,-0.3867532467532467,-0.514197422184059,-0.0706,0.2976,0.8515
LAML,Trametinib,21,0.1893506493506493,0.1240439881283819,-0.0371,0.2888,0.2376
LAML,AZD8186,20,-0.4424060150375939,-0.5635869520755004,-0.0985,0.2883,0.8218
LAML,Venetoclax,20,0.1046616541353383,-0.0123403341518608,-0.0816,0.2944,0.3564
LAML,BMS-754807,21,-0.2433766233766233,-0.3657269617057682,-0.0712,0.2704,0.6733
LAML,NVP-ADW742,20,-0.3786466165413533,-0.5611489448382685,-0.0961,0.2677,0.8515
LAML,EPZ5676,21,-0.3883116883116883,-0.4285829995939981,-0.0845,0.2773,0.8416
LAML,MST-312,20,0.4087218045112782,0.3565408961039299,-0.0997,0.2846,0.0396
LAML,sorafenib,20,0.2153383458646616,0.123631130187801,-0.0718,0.2904,0.1683
LAML,SB590885,20,-0.1729323308270677,-0.4383166306505459,-0.0469,0.2715,0.6634
LAML,GSK1904529A,21,-0.2145454545454545,-0.3491838794268584,-0.0565,0.2483,0.7525
LAML,pevonedistat,20,0.1449624060150375,0.0990780228275236,-0.1377,0.2667,0.1881
LAML,BIRB-796,21,-0.0018181818181818,-0.0631134460845801,-0.1295,0.2341,0.297
LAML,Luminespib,21,-0.1405194805194805,-0.1778379624139666,-0.0682,0.2657,0.604
LAML,tamoxifen,20,-0.4156390977443608,-0.5061890481474701,-0.0865,0.2504,0.8911
LAML,ZM447439,20,-0.391578947368421,-0.5209633855871867,-0.0677,0.3089,0.8614
LAML,BIBR-1532,21,-0.3259740259740259,-0.55373887498783,-0.1219,0.2581,0.7822
LAML,linsitinib,21,-0.1703896103896103,-0.2590774257592614,-0.0237,0.2703,0.6931
LAML,Sepantronium bromide,20,0.5488721804511277,0.4448672370356936,-0.0756,0.2844,0.0198
LAML,Motesanib,21,-0.2244155844155844,-0.3491490907533194,-0.1441,0.2986,0.5446
LAML,paclitaxel,20,0.189172932330827,0.0211021070015338,-0.116,0.2766,0.1584
LAML,Refametinib,20,0.2282706766917293,0.1639910107229044,-0.0612,0.289,0.1881
LAML,Ribociclib,21,0.0394805194805194,-0.1201838143706328,-0.061,0.2979,0.3861
LAML,axitinib,21,-0.4384415584415585,-0.5467284379074606,-0.0817,0.2861,0.8911
LAML,Dactinomycin,21,0.0758441558441558,-0.0045317708178544,-0.0585,0.2906,0.3663
LAML,P22077,20,0.221954887218045,0.0868264824995224,-0.1111,0.2678,0.1089
LAML,WIKI4,20,-0.3578947368421052,-0.4666642127623594,-0.1395,0.2693,0.7723
LAML,gemcitabine,21,0.034025974025974,-0.1715805859877112,-0.1434,0.2859,0.2772
LAML,Alpelisib,21,-0.3602597402597401,-0.581887718324688,-0.0596,0.2836,0.8515
LAML,PD0325901,21,0.2,0.1158304740959705,-0.0327,0.2698,0.2376
LAML,AGK-2,20,-0.2628571428571428,-0.3229531104303466,-0.0759,0.282,0.7525
LAML,GSK591,20,-0.0911278195488721,-0.1637348512512602,-0.1117,0.2652,0.5149
LAML,PFI-1,20,-0.0634586466165413,-0.1579786886073812,-0.08,0.2836,0.4851
LAML,MG-132,21,0.2288311688311688,0.1422505342701324,-0.1136,0.2869,0.1287
LAML,Bosutinib,21,-0.4189610389610389,-0.5818076747164622,-0.1106,0.2846,0.8713
LAML,Lestaurtinib,21,-0.4483116883116883,-0.5157129022203683,-0.0675,0.2596,0.9307
LAML,MK-2206,21,-0.2194805194805194,-0.298590527623799,-0.0884,0.2632,0.6337
LAML,GSK343,21,-0.1987012987012986,-0.3582954119753651,-0.086,0.2787,0.6634
LAML,afatinib,21,-0.3093506493506493,-0.4822831437040986,-0.0917,0.2932,0.7723
LAML,Irinotecan,21,0.0561038961038961,-0.0287380551597026,-0.0516,0.2821,0.3564
LAML,Pyridostatin,21,0.4916883116883117,0.4168259785319116,-0.0944,0.2934,0.0297
LAML,AZD4547,20,0.0905263157894736,0.0052693855425744,-0.0749,0.2676,0.297
LAML,Camptothecin,21,-0.2392207792207792,-0.2983027477751906,-0.0308,0.2849,0.7624
LAML,fulvestrant,21,-0.3306493506493506,-0.4540989100613156,-0.0675,0.2988,0.8218
LAML,vorinostat,20,-0.0634586466165413,-0.2380697668927131,-0.1008,0.2711,0.396
LAML,GSK2578215A,20,0.1936842105263157,0.1195744498972419,-0.0893,0.2994,0.198
LAML,AZ6102,20,-0.346766917293233,-0.4976727561079245,-0.0853,0.3212,0.7525
LAML,I-BRD9,20,-0.1004511278195488,-0.3020291506290267,-0.0777,0.3043,0.5743
LAML,VX-11e,20,0.3639097744360902,0.2676205517555008,-0.0799,0.2669,0.0396
LAML,EPZ004777,21,-0.2836363636363636,-0.4055968449746416,-0.0765,0.3104,0.6931
LAML,Avagacestat,21,-0.1241558441558441,-0.2443045344050309,-0.0945,0.3051,0.5545
LAML,RO-3306,21,-0.285974025974026,-0.4102834559468373,-0.0895,0.2723,0.7426
LAML,GNE-317,20,-0.4724812030075186,-0.5947788808041956,-0.1053,0.2656,0.9208
LAML,KU-55933,21,0.4202597402597402,0.3412620187736113,-0.1031,0.2759,0.0396
LAML,Cediranib,20,-0.0757894736842105,-0.1683837628292299,-0.0795,0.2874,0.5149
LAML,LGK974,21,0.0942857142857142,-0.007553465367289,-0.0819,0.2301,0.2475
LAML,LJI308,20,0.0306766917293233,-0.0643026843670509,-0.1748,0.2896,0.2673
LAML,MIRA-1,21,-0.1483116883116883,-0.3179455614299158,-0.0363,0.2929,0.6832
LAML,PLX-4720,21,-0.0584415584415584,-0.2367996530640211,-0.0738,0.2401,0.4752
LAML,dasatinib,21,-0.5550649350649351,-0.6199545578138452,-0.1125,0.2789,0.9307
LAML,Docetaxel,21,-0.4205194805194804,-0.4825440131225408,-0.0648,0.2731,0.9208
LAML,alisertib,20,0.1702255639097744,0.0471419623863021,-0.0839,0.3043,0.198
LAML,BMS-536924,20,-0.5578947368421052,-0.6323704853721708,-0.0751,0.2695,0.9604
LIHC,GSK525762A,23,-0.0964426877470355,-0.2267300002376564,-0.0565,0.279,0.5248
LIHC,erlotinib,24,0.2725217391304347,0.1761490450551572,-0.0605,0.2754,0.1188
LIHC,BMS-270394,20,-0.2938345864661654,-0.3507470419572765,-0.0905,0.256,0.7822
LIHC,KU 0060648,21,-0.0901298701298701,-0.1916823416055063,-0.0995,0.2585,0.4851
LIHC,Merck60,21,-0.216103896103896,-0.4585878027011746,-0.1261,0.2965,0.6139
LIHC,pyrazolanthrone,21,-0.3875324675324675,-0.5251203489899816,-0.0481,0.2676,0.8812
LIHC,BRD-K97651142,21,0.0288311688311688,-0.1503467740262364,-0.0521,0.3025,0.4158
LIHC,BRD-K88742110,24,-0.1939130434782608,-0.4383518184444972,-0.0503,0.261,0.7228
LIHC,bosutinib,21,-0.2285714285714285,-0.472340401980052,-0.1166,0.2907,0.6535
LIHC,doxorubicin,24,-0.2377391304347826,-0.3268026795314459,-0.0913,0.2687,0.7327
LIHC,PYR-41,20,-0.0129323308270676,-0.1616170626379843,-0.0862,0.2897,0.3861
LIHC,UNC0321,20,-0.0893233082706766,-0.2522160177215412,-0.0947,0.3308,0.4455
LIHC,SCH-79797,21,0.2984415584415585,0.1872765719805507,-0.1108,0.2675,0.0792
LIHC,spautin-1,20,-0.2333834586466165,-0.3943847906897632,-0.122,0.2719,0.6634
LIHC,tanespimycin,24,0.2589565217391304,0.2020241608231215,-0.0901,0.298,0.1287
LIHC,lapatinib,21,0.1574025974025973,0.1249303384219569,-0.0677,0.3101,0.2673
LIHC,SGX-523,21,0.2625974025974026,0.0534322742679152,-0.1145,0.2868,0.1188
LIHC,nutlin-3,23,-0.2545454545454545,-0.3734403682294708,-0.0897,0.2846,0.6931
LIHC,erastin,21,-0.3724675324675324,-0.6720983488327763,-0.0566,0.297,0.8515
LIHC,MK-1775,22,-0.1832862789384529,-0.3112192082956381,-0.0933,0.2689,0.604
LIHC,GMX-1778,21,0.5885714285714285,0.5260578426100387,-0.0746,0.2748,0.0198
LIHC,PX-12,20,-0.423157894736842,-0.4729029778747652,-0.0534,0.2682,0.9208
LIHC,temozolomide,23,0.0048430937974687,-0.1891989269383348,-0.0764,0.2802,0.3762
LIHC,BRD-K66453893,21,0.0044155844155844,-0.2250096665598127,-0.1313,0.2559,0.3069
LIHC,FQI-2,21,-0.1864935064935065,-0.3280368018585993,-0.0812,0.287,0.6139
LIHC,temsirolimus,20,-0.1356390977443609,-0.2760755586681064,-0.1102,0.2925,0.505
LIHC,cyclophosphamide,20,-0.1801503759398496,-0.3275582864384463,-0.0665,0.2926,0.6238
LIHC,fluvastatin,21,0.5851948051948053,0.4854415625332877,-0.0853,0.2589,0.0099
LIHC,BRD-K41597374,20,0.0736842105263157,-0.0833250680957044,-0.0894,0.2886,0.297
LIHC,pazopanib,20,0.0745864661654135,0.013067607493465,-0.1024,0.2717,0.3267
LIHC,BRD-K28456706,20,-0.2977443609022556,-0.3437554158186041,-0.0313,0.2558,0.8614
LIHC,quizartinib,21,-0.0879064462371405,-0.2627759961013092,-0.0449,0.2485,0.604
LIHC,16-beta-bromoandrosterone,21,-0.3393309695044134,-0.4664109480699301,-0.0648,0.2624,0.8218
LIHC,foretinib,24,0.0210434782608695,-0.1526306523838481,-0.0523,0.2937,0.4851
LIHC,selumetinib,23,0.2387351778656126,0.1370846682624664,-0.1087,0.2567,0.099
LIHC,GDC-0879,21,0.0633766233766233,-0.2085494142096206,-0.0731,0.2854,0.3465
LIHC,SB-525334,21,-0.3768831168831169,-0.5118819892383706,-0.0461,0.2692,0.8911
LIHC,JQ-1,24,0.024695652173913,-0.1134717801199957,-0.0903,0.283,0.3465
LIHC,AZD7545,20,0.2150375939849623,0.1288302166245685,-0.1224,0.3086,0.1782
LIHC,NPC-26,20,0.0108270676691729,-0.0791106614807991,-0.1086,0.3176,0.3366
LIHC,triazolothiadiazine,20,0.0108270676691729,-0.0346369858919096,-0.1065,0.2626,0.3465
LIHC,CAY10594,21,-0.3501298701298701,-0.513641596400799,-0.123,0.275,0.7624
LIHC,methotrexate,22,0.0554488989271598,-0.0922035585514475,-0.1095,0.2703,0.2772
LIHC,dacarbazine,23,0.200395256916996,0.0894164373362394,-0.0599,0.2626,0.1881
LIHC,olaparib,24,-0.0474782608695652,-0.280833666545187,-0.134,0.2432,0.3663
LIHC,SB-431542,21,-0.4412987012987013,-0.4998463692410507,-0.0772,0.2593,0.9109
LIHC,SN-38,20,0.1097744360902255,-0.0520760814489556,-0.0728,0.3165,0.2871
LIHC,regorafenib,20,-0.3094736842105263,-0.54740756454862,-0.0766,0.2654,0.802
LIHC,LBH-589,21,0.014025974025974,-0.1763297816500975,-0.1294,0.2561,0.3069
LIHC,SU11274,21,0.021038961038961,-0.0656986865204017,-0.068,0.2944,0.4554
LIHC,GW-405833,20,-0.2490225563909774,-0.3663174514630661,-0.0956,0.3127,0.6337
LIHC,BRD-K85133207,20,0.1350375939849623,0.05745739260968,-0.1154,0.2788,0.1881
LIHC,EX-527,21,0.0807792207792208,-0.0063385659255077,-0.0813,0.2714,0.3069
LIHC,tosedostat,20,-0.1196992481203007,-0.2896952213494552,-0.0619,0.2962,0.5545
LIHC,cytochalasin B,20,-0.0045112781954887,-0.2570321311233902,-0.0471,0.2714,0.4653
LIHC,BRD-K04800985,20,-0.1373448762039925,-0.2432231239717109,-0.1373,0.2964,0.505
LIHC,B02,21,-0.2597402597402597,-0.4148731326733128,-0.0803,0.2738,0.6931
LIHC,fluorouracil,24,-0.1751304347826086,-0.3237351010113403,-0.0828,0.2348,0.6733
LIHC,IC-87114,21,-0.3941539668745751,-0.6431086139558954,-0.0912,0.2775,0.8416
LIHC,PLX-4032,21,-0.2901298701298701,-0.5241173784494101,-0.0956,0.282,0.7525
LIHC,hyperforin,20,0.1275187969924811,0.0126606399783318,-0.0658,0.2927,0.2772
LIHC,cerulenin,20,-0.3338345864661654,-0.3935506273611058,-0.0698,0.3049,0.8416
LIHC,bortezomib,24,-0.1055652173913043,-0.2190914154154044,-0.117,0.2782,0.4752
LIHC,LY-2183240,20,-0.0917293233082706,-0.2008536240821614,-0.0752,0.2738,0.5644
LIHC,PF-573228,20,0.1422556390977443,-0.0118598854383875,-0.0637,0.2906,0.297
LIHC,ruxolitinib,24,-0.1641739130434782,-0.1862805592483466,-0.0845,0.281,0.6139
LIHC,ZSTK474,20,0.1666165413533834,0.1139468120222805,-0.1121,0.2823,0.1881
LIHC,nilotinib,24,0.0979130434782608,0.0009738502675668,-0.0849,0.2667,0.2475
LIHC,XL765,21,0.2166233766233765,0.0704083374312661,-0.058,0.2625,0.198
LIHC,importazole,20,-0.2348872180451127,-0.3377685314783092,-0.073,0.3175,0.6436
LIHC,YK 4-279,23,0.2025691699604743,0.1154752953271752,-0.0456,0.313,0.2574
LIHC,ML083,20,0.0670676691729323,-0.0677356959839424,-0.0386,0.2571,0.3465
LIHC,ABT-737,22,-0.1830604178430265,-0.4602105257031281,-0.0713,0.2863,0.6436
LIHC,RG-108,21,-0.0618181818181818,-0.1847417635352337,-0.066,0.2861,0.505
LIHC,IPR-456,20,0.1948872180451127,0.0533380276680608,-0.0679,0.3168,0.2277
LIHC,KX2-391,20,-0.1037593984962406,-0.2323808814319313,-0.0468,0.2973,0.5842
LIHC,PHA-793887,21,0.4571428571428572,0.2646603710875889,-0.0839,0.2725,0.0396
LIHC,BRD-K17060750,20,0.0756675495406443,-0.0869614764755199,-0.1168,0.2906,0.2475
LIHC,AC55649,20,0.4369924812030074,0.3523429518157465,-0.073,0.3031,0.0495
LIHC,PRL-3 inhibitor I,20,-0.0108270676691729,-0.1601670582871715,-0.0868,0.2983,0.4257
LIHC,AZD7762,24,-0.2140869565217391,-0.4446300997787779,-0.0589,0.2704,0.6832
LIHC,BRD-K16147474,21,0.0659740259740259,-0.0423840336750332,-0.0773,0.28,0.3267
LIHC,CCT036477,21,0.1836363636363636,0.1297917264040664,-0.1076,0.2869,0.198
LIHC,CAL-101,21,0.4859740259740259,0.449383172219127,-0.0917,0.3076,0.0297
LIHC,entinostat,24,-0.1069565217391304,-0.1922914320112641,-0.0696,0.2528,0.5545
LIHC,AZD6482,20,0.5894736842105263,0.5023341997577679,-0.0244,0.2992,0.0198
LIHC,BRD-A71883111,21,-0.3202338590460868,-0.4694256336138452,-0.0627,0.3004,0.8119
LIHC,nelarabine,23,0.2735177865612648,0.2176148590098749,-0.1033,0.2872,0.0792
LIHC,serdemetan,20,0.2725836973511878,0.2078033677646341,-0.1088,0.2968,0.1089
LIHC,chlorambucil,20,-0.1299248120300752,-0.3305745886389356,-0.0653,0.2657,0.604
LIHC,PIK-93,21,0.354025974025974,0.2290843400490388,-0.0826,0.2686,0.0594
LIHC,navitoclax,24,-0.0546086956521739,-0.2136375911350002,-0.0905,0.2541,0.4554
LIHC,veliparib,24,0.0001739130434782,-0.133436956147518,-0.0917,0.2458,0.3465
LIHC,NVP-BEZ235,20,0.3314285714285714,0.2962868417694481,-0.1233,0.234,0.0495
LIHC,TG-101348,21,0.0335064935064935,-0.0279724258127427,-0.1023,0.2804,0.3861
LIHC,BRD6340,21,0.3615584415584416,0.2483998882722751,-0.0994,0.2789,0.0693
LIHC,OSI-027,24,0.313391304347826,0.1607359607130071,-0.072,0.2699,0.0891
LIHC,GW-843682X,21,-0.2191620771646038,-0.4179019906605452,-0.1407,0.3003,0.5743
LIHC,IU1,21,-0.2137662337662337,-0.4131869618184086,-0.0949,0.2912,0.6436
LIHC,neratinib,21,-0.2838961038961039,-0.4186143909231594,-0.0663,0.2556,0.8119
LIHC,apicidin,21,0.0062337662337662,-0.1274944446275374,-0.1435,0.2871,0.3366
LIHC,BRD8899,20,0.251974444295386,0.1934024443208032,-0.0468,0.2899,0.1386
LIHC,pandacostat,21,0.0368831168831168,-0.0980106043683107,-0.0994,0.3131,0.396
LIHC,WZ8040,20,-0.1651127819548871,-0.2549587048534575,-0.1107,0.2971,0.5842
LIHC,fingolimod,21,0.0794805194805194,0.0172005756385515,-0.0925,0.3122,0.2871
LIHC,BRD-K71781559,20,0.2622038545712585,0.1550746818444853,-0.1202,0.2804,0.099
LIHC,brefeldin A,21,-0.1264935064935065,-0.270528001902657,-0.0545,0.2516,0.6733
LIHC,crizotinib,24,-0.0711304347826086,-0.1284340456771247,-0.0643,0.2738,0.5743
LIHC,parthenolide,20,-0.0490225563909774,-0.2186860473553124,-0.07,0.2754,0.4257
LIHC,imatinib,20,0.3620910372650712,0.3062261493695759,-0.0677,0.2567,0.0495
LIHC,AZD8055,22,0.1756070016939582,0.1003533398252721,-0.1124,0.2852,0.1782
LIHC,RITA,21,0.4981818181818182,0.4350022210985563,-0.1156,0.2781,0.0099
LIHC,CD-437,20,0.0306766917293232,-0.1166758126742891,-0.1215,0.269,0.297
LIHC,Ki8751,21,0.311948051948052,0.2011567225143551,-0.0803,0.2895,0.099
LIHC,GDC-0941,24,0.1199999999999999,0.0200025564031863,-0.077,0.2621,0.2772
LIHC,WP1130,21,-0.2745454545454545,-0.421611500314632,-0.1242,0.2892,0.6931
LIHC,NSC48300,21,-0.2664935064935065,-0.4125001224423272,-0.1024,0.2881,0.6931
LIHC,ABT-199,20,0.3437593984962406,0.2636657801435215,-0.0953,0.2824,0.0693
LIHC,BMS-754807,23,0.0160079051383399,-0.1011914551141274,-0.0501,0.2492,0.4059
LIHC,NVP-ADW742,22,0.0423489553924336,-0.1135249143924857,-0.0483,0.2522,0.4257
LIHC,narciclasine,21,0.0049350649350649,-0.1696567698119546,-0.0652,0.2665,0.3564
LIHC,MST-312,23,0.2,0.1219541435278084,-0.0807,0.2595,0.1881
LIHC,BRD9876,21,0.4409224006500684,0.3650669299789286,-0.0675,0.271,0.0396
LIHC,sorafenib,23,-0.2948616600790513,-0.4194490107065687,-0.1409,0.2428,0.7228
LIHC,MI-1,21,-0.2158441558441558,-0.3916471861210695,-0.0623,0.3068,0.6832
LIHC,pevonedistat,24,-0.4591304347826087,-0.5528261717743992,-0.0946,0.2684,0.9406
LIHC,linifanib,21,0.3963636363636363,0.3376171041994114,-0.086,0.2736,0.0693
LIHC,SB-225002,21,0.0046753246753246,-0.1657724628270738,-0.0747,0.2692,0.4257
LIHC,silmitasertib,20,0.0790977443609022,-0.0926117003624506,-0.1173,0.3097,0.2871
LIHC,L-685458,21,-0.505488821723458,-0.5948134109998411,-0.1275,0.2684,0.9307
LIHC,NSC30930,21,-0.0339071144872327,-0.1560107991153057,-0.0566,0.2803,0.5248
LIHC,BIRB-796,23,-0.3766798418972332,-0.5028004746433491,-0.057,0.2678,0.8713
LIHC,MLN2238,21,-0.1376623376623376,-0.2884018261463767,-0.0593,0.2496,0.604
LIHC,BRD-K61166597,21,-0.301038961038961,-0.4629134599213661,-0.1147,0.2982,0.7426
LIHC,pluripotin,20,0.2412030075187969,0.1785022902613497,-0.0645,0.2677,0.1485
LIHC,SCH-529074,20,-0.0370063959980089,-0.1587595791125006,-0.1152,0.278,0.3861
LIHC,HC-067047,21,-0.0643065964413034,-0.1321436139809032,-0.1137,0.2841,0.4851
LIHC,ML311,20,-0.3386466165413533,-0.5357843669383257,-0.0506,0.2818,0.8119
LIHC,tamoxifen,23,-0.0116600790513834,-0.1317600581023864,-0.0772,0.3012,0.4455
LIHC,azacitidine,23,-0.2059288537549407,-0.3528031275578929,-0.0758,0.2668,0.6238
LIHC,C6-ceramide,21,-0.4736024810586776,-0.592773069572231,-0.0741,0.2862,0.9109
LIHC,PF-543,20,0.2424060150375939,0.1531664352320048,-0.0723,0.2495,0.099
LIHC,teniposide,20,-0.2378947368421052,-0.3443286139391358,-0.0503,0.2801,0.7426
LIHC,ML239,21,-0.1625974025974025,-0.2947023245845229,-0.1278,0.3116,0.5545
LIHC,mitomycin,20,-0.2667669172932331,-0.4246716131195096,-0.1337,0.2693,0.6535
LIHC,BRD-K51490254,21,-0.2768831168831168,-0.4465971826886104,-0.0779,0.3068,0.7129
LIHC,Mdivi-1,21,-0.0737662337662337,-0.2944226429391624,-0.095,0.2728,0.4653
LIHC,cucurbitacin I,21,-0.0812987012987013,-0.2363346459445523,-0.0759,0.298,0.4851
LIHC,BRD-K70511574,21,-0.2716883116883116,-0.342190510235591,-0.0791,0.2963,0.6931
LIHC,BRD-K92856060,20,0.0809022556390977,-0.0433823681115135,-0.0572,0.267,0.3069
LIHC,vincristine,21,-0.0199999999999999,-0.2297995075981584,-0.1149,0.2905,0.3366
LIHC,pifithrin-alpha,21,-0.2446753246753246,-0.5362366707285982,-0.0957,0.2702,0.7228
LIHC,BRD9647,21,0.2446753246753246,0.0738497203080694,-0.0663,0.2607,0.1584
LIHC,canertinib,21,0.0355844155844156,-0.1992268333893678,-0.1235,0.2847,0.2772
LIHC,cabozantinib,20,0.1906766917293232,-0.0786398940568131,-0.0771,0.2903,0.2178
LIHC,saracatinib,20,-0.1281203007518797,-0.3901451660370292,-0.1271,0.2717,0.495
LIHC,SNS-032,20,0.3302255639097744,0.1587236683919552,-0.088,0.3037,0.099
LIHC,rigosertib,21,-0.3862337662337662,-0.5159136212359539,-0.0913,0.2898,0.8614
LIHC,BRD-K63431240,21,-0.3511688311688311,-0.4799235483254566,-0.1048,0.3135,0.7525
LIHC,bleomycin A2,22,0.2600790513833992,0.1355361881747699,-0.1063,0.2574,0.1089
LIHC,SR1001,21,-0.0387012987012987,-0.2401968180001671,-0.0847,0.3122,0.4653
LIHC,JW-480,21,0.3329870129870129,0.2587766441496651,-0.0522,0.2909,0.1287
LIHC,BIBR-1532,24,0.3319999999999999,0.1943572663183787,-0.1035,0.2689,0.0792
LIHC,linsitinib,23,-0.0806324110671936,-0.1805447698251561,-0.0524,0.2754,0.5248
LIHC,NSC632839,20,-0.1545864661654135,-0.2741472208971488,-0.0794,0.2726,0.5743
LIHC,semagacestat,20,-0.401203007518797,-0.536031502661675,-0.135,0.2538,0.8218
LIHC,tipifarnib-P2,21,-0.2672727272727273,-0.3297344682900019,-0.0928,0.2696,0.7129
LIHC,ciclosporin,20,-0.0661903017850566,-0.1992095961299491,-0.0398,0.3154,0.505
LIHC,TW-37,21,0.5368831168831167,0.4887908639374662,-0.0689,0.2605,0.0099
LIHC,BMS-345541,20,-0.2261654135338345,-0.4014250702082036,-0.1461,0.2596,0.6238
LIHC,BRD-K45681478,20,-0.229172932330827,-0.4312442189485607,-0.0571,0.2898,0.7228
LIHC,BRD-K02251932,20,-0.1846616541353383,-0.3782263586856396,-0.0648,0.2826,0.6634
LIHC,gossypol,20,-0.1407518796992481,-0.2176019326407985,-0.0776,0.3177,0.5446
LIHC,sirolimus,24,0.0930434782608695,0.0435263806427565,-0.0474,0.2791,0.3465
LIHC,betulinic acid,20,-0.1325832142698624,-0.3040087925137308,-0.054,0.3313,0.5842
LIHC,BRD1835,20,-0.1013915077343822,-0.3337608722629768,-0.0687,0.2972,0.5149
LIHC,tacrolimus,20,-0.3792481203007518,-0.5509570591117235,-0.0697,0.2821,0.8713
LIHC,UNC0638,24,0.1730434782608695,0.0474329278509174,-0.1178,0.2607,0.1485
LIHC,barasertib,20,0.1329323308270676,0.0669375992317505,-0.05,0.2935,0.3168
LIHC,BRD-K24690302,20,-0.0586466165413533,-0.158774756049334,-0.0937,0.2736,0.4752
LIHC,paclitaxel,24,0.2029565217391304,0.15269241761574,-0.1111,0.2732,0.1584
LIHC,obatoclax,20,-0.5401503759398495,-0.5970231318086379,-0.083,0.3077,0.9307
LIHC,BRD-K35604418,24,-0.2702608695652173,-0.3509008401596249,-0.0666,0.2585,0.7822
LIHC,axitinib,24,0.4723478260869565,0.3622010595058181,-0.0956,0.2482,0.0198
LIHC,niclosamide,21,0.3534914119531044,0.2509254084292331,-0.0935,0.2382,0.0198
LIHC,SJ-172550,21,-0.223189358961938,-0.295250247098508,-0.0999,0.2875,0.6634
LIHC,zebularine,20,-0.3431578947368421,-0.4800865540033808,-0.0167,0.2865,0.8713
LIHC,PL-DI,21,-0.548051948051948,-0.6135003316002902,-0.0854,0.3138,0.9505
LIHC,simvastatin,20,0.3822556390977443,0.332494841747736,-0.0663,0.2744,0.0693
LIHC,TPCA-1,21,0.2828571428571428,0.1913821333989749,-0.0666,0.2617,0.0891
LIHC,KU-60019,20,0.0670676691729323,0.0062875295386634,-0.089,0.3007,0.3564
LIHC,ciclopirox,20,0.6715306981102109,0.6336528075579455,-0.0518,0.2879,0.0099
LIHC,gemcitabine,21,-0.1257142857142857,-0.1999150497833285,-0.0905,0.293,0.5644
LIHC,tretinoin,21,-0.3179220779220779,-0.4550968099518436,-0.0965,0.2835,0.7426
LIHC,CAY10618,20,0.3798496240601504,0.1838693480442778,-0.0903,0.3027,0.0891
LIHC,necrostatin-7,21,-0.2150649350649351,-0.3189575305901152,-0.1607,0.2595,0.604
LIHC,tivozanib,20,-0.0463157894736842,-0.1671485490609487,-0.114,0.3001,0.4356
LIHC,AGK-2,23,-0.2160079051383399,-0.334411212993724,-0.0385,0.2304,0.7723
LIHC,neuronal differentiation inducer III,20,0.2833082706766917,0.1921511635936718,-0.1033,0.2673,0.0594
LIHC,AM-580,20,0.1578947368421052,0.0322282653795011,-0.0681,0.2747,0.2277
LIHC,PI-103,20,0.2180451127819548,0.0285955704603315,-0.1096,0.2811,0.1287
LIHC,isoevodiamine,21,0.1485714285714285,0.0692749017020018,-0.1555,0.256,0.1485
LIHC,"1S,3R-RSL-3",20,0.2375939849624059,0.1840604916797227,-0.1023,0.2854,0.1089
LIHC,necrostatin-1,21,-0.2896103896103896,-0.4301208639118798,-0.1145,0.2836,0.6931
LIHC,SR-II-138A,21,-0.154025974025974,-0.3715731540518022,-0.0547,0.2778,0.604
LIHC,ML258,20,-0.395187969924812,-0.4882258920772803,-0.1166,0.3033,0.802
LIHC,topotecan,22,0.0077922077922077,-0.2160045097909173,-0.0724,0.3177,0.396
LIHC,MGCD-265,21,0.3064935064935065,0.1931250076548713,-0.0924,0.2681,0.099
LIHC,cytarabine hydrochloride,24,-0.052,-0.1094200827978035,-0.0889,0.2577,0.5149
LIHC,TG-100-115,20,0.2403007518796992,0.0947490871986907,-0.067,0.2557,0.1386
LIHC,MK-2206,23,0.3142292490118577,0.1796907064147987,-0.1029,0.2707,0.0693
LIHC,afatinib,21,-0.267012987012987,-0.3521339917917457,-0.1036,0.2525,0.7228
LIHC,ML162,21,0.3311688311688311,0.2636063103834428,-0.1115,0.321,0.0693
LIHC,dexamethasone,21,-0.2591750705058593,-0.4551858209937108,-0.1282,0.2828,0.6436
LIHC,piperlongumine,20,-0.527218045112782,-0.7257985099053439,-0.0472,0.2854,0.9703
LIHC,curcumin,21,0.4963636363636364,0.3678663276482106,-0.1263,0.2557,0.0099
LIHC,phloretin,20,-0.149172932330827,-0.4278736964135201,-0.1416,0.3003,0.4851
LIHC,ML210,20,-0.2255639097744361,-0.4093979671871471,-0.0635,0.2937,0.6931
LIHC,etoposide,21,0.0309090909090909,-0.1029208295246663,-0.0359,0.2929,0.4455
LIHC,AZD4547,24,0.0959999999999999,0.0061070017466786,-0.1059,0.2768,0.2475
LIHC,BRD-K09587429,20,0.212260263224352,0.1028330269673301,-0.0421,0.282,0.2079
LIHC,vorinostat,22,0.0877470355731225,0.0120636126672985,-0.1176,0.2627,0.2475
LIHC,CI-976,21,0.0116883116883116,-0.1829599194474926,-0.1066,0.2819,0.3267
LIHC,clofarabine,20,0.5109774436090224,0.40944755308234,-0.0681,0.3034,0.0396
LIHC,BMS-195614,20,-0.2517293233082706,-0.3149680645461526,-0.1113,0.2481,0.703
LIHC,prochlorperazine,21,0.0849350649350649,-0.0057617344653968,-0.0628,0.2648,0.3069
LIHC,BRD-K34222889,21,-0.4018181818181817,-0.5516903433205382,-0.0828,0.3042,0.8416
LIHC,masitinib,21,0.4446753246753246,0.3962407355732418,-0.0744,0.276,0.0495
LIHC,epigallocatechin-3-monogallate,20,0.1215037593984962,-0.0444082140581776,-0.075,0.3206,0.3069
LIHC,lenvatinib,20,-0.0285714285714285,-0.2465153233568485,-0.0511,0.3261,0.5149
LIHC,ISOX,21,-0.1057142857142857,-0.2089122996614767,-0.1662,0.2732,0.4158
LIHC,BRD-K33199242,20,0.0914629624666237,-0.0323463953017093,-0.0854,0.2547,0.2772
LIHC,GSK4112,21,-0.2483747223564179,-0.4320150936935737,-0.087,0.2622,0.6535
LIHC,decitabine,20,-0.2628055845874862,-0.4318748443289342,-0.0984,0.2993,0.6931
LIHC,MK-0752,21,0.3550503597456209,0.2389621264839105,-0.0814,0.2517,0.0495
LIHC,gefitinib,23,-0.2069169960474308,-0.3544779430904117,-0.0563,0.2752,0.703
LIHC,BI-2536,24,-0.0288695652173913,-0.1368375450117246,-0.0952,0.2744,0.4158
LIHC,KU-55933,24,-0.1899130434782608,-0.3191781355457682,-0.0623,0.2622,0.6931
LIHC,PD318088,21,-0.0841558441558441,-0.276281856522986,-0.1179,0.301,0.4554
LIHC,leptomycin B,21,-0.0194805194805194,-0.1229650653782979,-0.0921,0.2978,0.4158
LIHC,BRD-K11533227,20,-0.5061654135338346,-0.6811075579868427,-0.0543,0.2759,0.9109
LIHC,ceranib-2,21,-0.1336797732082853,-0.2439086153376963,-0.092,0.2931,0.5545
LIHC,ML050,20,-0.0736842105263157,-0.1787693652851708,-0.1432,0.2759,0.4356
LIHC,parbendazole,21,-0.1345454545454545,-0.2854151273820394,-0.0835,0.2866,0.5743
LIHC,bendamustine,20,0.0427228311521729,-0.0417632572921863,-0.0846,0.2833,0.3465
LIHC,AZ-3146,20,0.2842105263157894,0.1728405531896033,-0.103,0.2888,0.1089
LIHC,KW-2449,20,0.3239097744360902,0.2544393566500396,-0.0583,0.2887,0.1188
LIHC,PLX-4720,23,-0.58399209486166,-0.6879655669631632,-0.0478,0.2512,0.9604
LIHC,LE-135,21,-0.4675324675324675,-0.5945605961282453,-0.06,0.2791,0.901
LIHC,vorapaxar,20,-0.0075187969924812,-0.2571384567054842,-0.0702,0.2775,0.4356
LIHC,dasatinib,23,0.3709486166007905,0.2946034578693502,-0.0843,0.2579,0.0396
LIHC,SKI-II,20,0.5717293233082705,0.540268322519403,-0.105,0.2711,0.0198
LIHC,SNX-2112,21,0.3205194805194805,0.2050489533507346,-0.053,0.2768,0.1386
LIHC,Compound 23 citrate,20,0.1783458646616541,0.0994598365618513,-0.0778,0.2577,0.1881
LIHC,alisertib,24,0.0212173913043478,-0.1415960939130015,-0.0554,0.2738,0.4059
LIHC,CHM-1,20,-0.077593984962406,-0.1745198434825217,-0.0747,0.2859,0.4851
LIHC,3-Cl-AHPC,20,-0.3365413533834586,-0.5343060407746796,-0.1096,0.2895,0.7228
LIHC,BMS-536924,23,0.1282608695652174,-0.0057712419403939,-0.0903,0.2419,0.2079
LIHC,nakiterpiosin,20,-0.2748872180451128,-0.4098058848344027,-0.1092,0.269,0.7426
LUAD,GSK525762A,67,0.1838374970069439,0.1484880798495702,-0.0506,0.1518,0.0594
LUAD,erlotinib,69,0.1736040701942186,0.1297897905313013,-0.0303,0.1591,0.1089
LUAD,BMS-270394,61,0.2125756895425695,0.1546641053939057,-0.0144,0.1745,0.099
LUAD,KU 0060648,59,-0.2141940765095503,-0.3956902297730915,-0.0318,0.1809,0.8119
LUAD,Merck60,57,0.3122504537205082,0.2895068734444557,-0.0264,0.1782,0.0396
LUAD,pyrazolanthrone,60,-0.0072909141428174,-0.160482875118083,-0.0236,0.1677,0.4455
LUAD,Afuresertib,56,0.2416404647983595,0.1341634756885328,-0.0189,0.1789,0.099
LUAD,alpha-lipoic acid,46,-0.0459944495837187,-0.1451178743935239,-0.0538,0.1796,0.4653
LUAD,BRD-K97651142,56,-0.0606151742993848,-0.0991687137887291,-0.0124,0.1889,0.6238
LUAD,Palbociclib,56,0.3124948735475051,0.2276372055814241,-0.0325,0.2159,0.0693
LUAD,Compound 7d-cis,54,0.1699855151040556,0.1424537926238998,-0.0544,0.2076,0.1584
LUAD,BRD-K90370028,21,-0.2582656842935581,-0.3713737566006618,-0.0867,0.2842,0.7426
LUAD,BRD-K88742110,66,0.0520404968166162,-0.0140468918519952,-0.0304,0.1559,0.2871
LUAD,BRD-K14844214,60,-0.3354820783550987,-0.4035998098459554,-0.0222,0.169,0.9802
LUAD,bosutinib,58,-0.123098218954751,-0.2341147899566342,-0.0243,0.187,0.703
LUAD,avrainvillamide,41,0.0920209059233449,0.0189422783632448,-0.0249,0.2032,0.2673
LUAD,doxorubicin,69,-0.1430544391669711,-0.2370441710680718,-0.0319,0.1557,0.7822
LUAD,BRD-K80183349,59,-0.0842572840010271,-0.1529887239130337,-0.0461,0.187,0.5743
LUAD,CHIR-99021,60,0.2323312031119756,0.1586663876679247,-0.0278,0.1786,0.0693
LUAD,PYR-41,59,0.0963530099357101,0.0557250277360593,-0.0317,0.183,0.2772
LUAD,palmostatin B,40,0.292214596163532,0.2377297183700797,-0.0776,0.1921,0.0396
LUAD,UNC0321,60,0.2470240102967257,0.2048571642625066,-0.0322,0.1531,0.0297
LUAD,PF-4800567 hydrochloride,21,0.234025974025974,-0.0971858874616282,-0.0708,0.275,0.1188
LUAD,SCH-79797,61,0.1507350608143839,0.1051677316125082,-0.0071,0.1672,0.1683
LUAD,spautin-1,61,0.2991684184346382,0.2779190044902721,-0.0581,0.1612,0.0198
LUAD,Uprosertib,56,0.14946001367054,0.094505051801117,-0.0369,0.1948,0.1881
LUAD,PF-3758309,21,0.1568831168831169,-0.0495662717879194,-0.128,0.2642,0.1584
LUAD,tanespimycin,69,0.2675337961271465,0.1575971233514815,0.0064,0.1646,0.0594
LUAD,BRD-K02492147,55,-0.0567634864009174,-0.1063872293775048,-0.0249,0.1709,0.5446
LUAD,GSK-LSD1,43,-0.1362126245847175,-0.2056871123516206,-0.0419,0.1861,0.6436
LUAD,lapatinib,69,0.3150529777128242,0.2675991714174151,-0.0436,0.1757,0.0198
LUAD,SGX-523,60,-0.2867463184217839,-0.3506807798592854,-0.0345,0.1492,0.9406
LUAD,nutlin-3,69,0.1883977749235965,0.1397939744394607,-0.0199,0.1593,0.1089
LUAD,Repligen 136,57,-0.0941096401089352,-0.2169058653731083,-0.0122,0.161,0.6733
LUAD,Taselisib,56,0.1812303485987696,0.1139736430532822,-0.0338,0.1965,0.1683
LUAD,BRD-K94991378,54,0.2745163811510794,0.1862045890407323,-0.0381,0.2163,0.0792
LUAD,CPI-637,46,-0.1956583410422448,-0.2841782205641196,-0.0239,0.2213,0.7525
LUAD,PRIMA-1-Met,60,-0.2564045568213393,-0.346027064855044,-0.0044,0.1623,0.9406
LUAD,StemRegenin 1,60,0.1260701037924358,0.0285521332074167,-0.0209,0.1627,0.2079
LUAD,HBX-41108,41,-0.1650871080139373,-0.2602302743785762,-0.0792,0.213,0.6139
LUAD,alvocidib,20,0.1593984962406014,0.0384665655690221,-0.0617,0.2731,0.2178
LUAD,PF-750,59,0.1181957655848786,0.0421364403081458,-0.0342,0.1845,0.2475
LUAD,A-366,46,0.1653407338883749,0.1210051366362656,-0.0369,0.2015,0.1584
LUAD,erastin,60,0.2689211538270777,0.2011179085755041,-0.0534,0.1718,0.0297
LUAD,MK-1775,68,0.1978089094171087,0.1115884626069568,-0.0253,0.1664,0.1089
LUAD,sildenafil,60,-0.1724256737982773,-0.2868601325671459,-0.034,0.1469,0.8218
LUAD,GMX-1778,59,0.176293179329713,0.1179661527816385,-0.0153,0.1881,0.1782
LUAD,PX-12,59,0.5398947983635302,0.5207820128985885,-0.0325,0.1845,0.0099
LUAD,temozolomide,69,-0.1592545909631764,-0.2351360676670727,-0.0053,0.1629,0.8416
LUAD,Vismodegib,55,-0.0487878787878788,-0.1022997522742369,-0.0169,0.1851,0.5347
LUAD,BRD-K66453893,60,-0.1351468504786911,-0.2030043168699777,-0.022,0.1613,0.7525
LUAD,GDC0810,56,0.1477375256322624,0.0277895736710509,-0.0384,0.1918,0.1782
LUAD,FQI-2,60,-0.1501861628230064,-0.2827488588601116,-0.0331,0.1664,0.802
LUAD,temsirolimus,64,0.1411263736263736,0.1158852268002754,-0.0152,0.1608,0.198
LUAD,AGI-6780,50,0.2156158463385354,0.1783249855417941,-0.0324,0.1964,0.0693
LUAD,Serdemetan,55,0.2122943722943723,0.1460946742865652,-0.0342,0.1755,0.099
LUAD,pitstop2,39,-0.1213016854633094,-0.2191643674982754,-0.0248,0.2176,0.6733
LUAD,tigecycline,40,-0.1721575984990619,-0.2759690780348419,-0.0568,0.2172,0.6634
LUAD,ascorbate (vitamin C),45,0.1980764163372859,0.1112742101231572,-0.0736,0.193,0.0792
LUAD,cyclophosphamide,64,-0.0928296703296703,-0.2039131988965517,-0.0243,0.1679,0.6634
LUAD,TGX-221,61,0.41153902091144,0.3629785978695816,-0.0138,0.1781,0.0198
LUAD,procarbazine,55,0.1088637884044738,0.0119014275915443,-0.0776,0.1848,0.1683
LUAD,fluvastatin,59,-0.0032905214866383,-0.0698726020316046,-0.0667,0.1702,0.3564
LUAD,BRD-K41597374,60,-0.2495672349120384,-0.3045946026872594,-0.0115,0.1724,0.9208
LUAD,pazopanib,59,0.0303218924914379,-0.0208914066023335,-0.0655,0.1719,0.3267
LUAD,BRD-K28456706,60,-0.045924505763056,-0.1418687993803751,-0.0352,0.1572,0.5644
LUAD,quizartinib,59,-0.2205610753945061,-0.3037280646385855,-0.0626,0.1659,0.802
LUAD,Buparlisib,56,0.3505536568694464,0.3207676595345646,-0.0071,0.1875,0.0297
LUAD,16-beta-bromoandrosterone,58,-0.2075799062593101,-0.2874616731291926,-0.01,0.1631,0.901
LUAD,KH-CB19,41,-0.0148457921751895,-0.1155213035225018,-0.0659,0.2026,0.4158
LUAD,foretinib,69,-0.0004603580562659,-0.0773740130891566,-0.0194,0.1694,0.4257
LUAD,ML029,58,-0.0140949920086376,-0.08648295001534,-0.0648,0.1921,0.396
LUAD,selumetinib,69,0.2363098282791377,0.1799393556074264,-0.0307,0.1797,0.0792
LUAD,GSK-3 inhibitor IX,61,-0.1472554204124801,-0.2158766713237364,-0.0106,0.1805,0.7228
LUAD,NSC23766,60,0.0549708252292303,0.0003019380993479,-0.0244,0.1834,0.3366
LUAD,GDC-0879,56,0.2405743730337865,0.1673393963370788,-0.0296,0.1688,0.0594
LUAD,triptolide,61,-0.4474775251189847,-0.4886745699967702,-0.0619,0.1578,1.0
LUAD,Sapitinib,55,0.2380952380952381,0.2017138013745218,0.0185,0.1904,0.1287
LUAD,KHS101,58,0.1686240733335384,0.128458347322176,-0.0792,0.1962,0.1188
LUAD,SB-525334,56,0.183208872358813,0.1442950493046511,-0.0493,0.16,0.0792
LUAD,BRD-K09344309,22,-0.2789148192969162,-0.4413109120508657,-0.0742,0.29,0.7129
LUAD,JQ-1,69,-0.0368286445012787,-0.086782465079068,-0.005,0.1743,0.5545
LUAD,Wee1 Inhibitor,56,0.3226657552973342,0.2624190783530597,-0.0433,0.169,0.0495
LUAD,ETP-46464,42,0.1172514382951138,0.0254027671390697,-0.0326,0.2069,0.2277
LUAD,Oxaliplatin,56,0.2759535201640465,0.241637135291284,-0.0339,0.204,0.0693
LUAD,AZD7545,61,0.0858638744656221,0.0011934843980061,-0.0364,0.174,0.2475
LUAD,Dihydrorotenone,43,0.1765629719118091,0.1197995117986732,-0.0546,0.2273,0.1881
LUAD,AZD6738,56,0.1943677375256322,0.1177891259919946,-0.0169,0.1917,0.1287
LUAD,VE821,55,0.3795526695526696,0.334634885527833,-0.0502,0.1966,0.0198
LUAD,Osimertinib,56,0.0698974709501025,-0.0338500272209579,-0.037,0.182,0.3168
LUAD,NPC-26,58,-0.1537448478698834,-0.2371892109849329,-0.0406,0.1852,0.7327
LUAD,PD173074,56,0.3392207792207792,0.2622934951670035,-0.0398,0.1752,0.0297
LUAD,triazolothiadiazine,61,-0.1661554732945531,-0.2379121358721666,-0.0084,0.1687,0.8218
LUAD,CAY10594,61,-0.2497726070861977,-0.293262210113429,-0.0097,0.1777,0.8713
LUAD,methotrexate,69,0.1232078918523931,0.058957249851852,-0.0406,0.1509,0.1287
LUAD,Compound 1541A,56,0.4128732404745063,0.3866808131482026,-0.0142,0.1732,0.0099
LUAD,dacarbazine,66,0.0881128077785994,0.0403807880359928,-0.0168,0.1599,0.2574
LUAD,olaparib,69,0.2154914139568871,0.1661270236053524,-0.0539,0.1533,0.0297
LUAD,BRD-K48477130,20,-0.1133834586466165,-0.1693958672441541,-0.1285,0.2839,0.4851
LUAD,OSI-930,52,-0.0093402488762178,-0.1060151339598754,-0.0607,0.1839,0.4059
LUAD,SB-431542,58,0.0462553644485485,0.0025544653630128,-0.0592,0.1977,0.2871
LUAD,SN-38,68,-0.2557850135511699,-0.3145810441916322,0.021,0.1832,0.9307
LUAD,regorafenib,58,-0.2597865206558184,-0.33338255623431,-0.0268,0.1848,0.9109
LUAD,necrosulfonamide,39,0.3870843671134744,0.357439977198674,-0.0131,0.2006,0.0198
LUAD,AGI-5198,56,-0.1780041011619959,-0.2177241921036511,-0.0321,0.1925,0.7624
LUAD,Ch-55,60,0.0289858293970547,-0.0126920864707286,-0.0553,0.1548,0.2871
LUAD,LBH-589,59,0.1571478667445938,0.0418297878208666,-0.0691,0.1689,0.0891
LUAD,SU11274,59,0.1243209281390473,0.077224027833357,-0.0236,0.1602,0.2079
LUAD,BRD-K13999467,60,0.1770849831371666,0.132662482511447,-0.0413,0.1795,0.1287
LUAD,GW-405833,60,0.3356247743661363,0.291694849913691,-0.0482,0.1549,0.0099
LUAD,BRD-K85133207,58,-0.0531360546310252,-0.1326765235923672,-0.0233,0.1784,0.5842
LUAD,EX-527,57,0.2131967850661135,0.1418861558958744,-0.0449,0.166,0.0792
LUAD,tosedostat,56,0.2423513328776486,0.1695091000396578,-0.0412,0.1541,0.0495
LUAD,BRD-K64610608,57,0.3153350013861887,0.2892019395511097,-0.0375,0.173,0.0099
LUAD,purmorphamine,58,-0.0933522012410715,-0.1986692689606419,-0.0561,0.1739,0.5545
LUAD,L-Oxonoreleagnine,43,0.0556629417094533,-0.0390912532332908,-0.0582,0.2103,0.2772
LUAD,Vinorelbine,56,0.3313602187286398,0.2482168384260074,-0.0499,0.2098,0.0198
LUAD,cytochalasin B,59,0.2717358270017534,0.1824782547814943,-0.0408,0.1684,0.0396
LUAD,BRD-K04800985,59,-0.0480836949743755,-0.1502917671551675,-0.0248,0.1825,0.5743
LUAD,B02,59,0.0255643711945932,-0.1025005008159783,-0.0256,0.1664,0.396
LUAD,SGC-CBP30,43,-0.0822712171549381,-0.2185268759960982,-0.0736,0.1693,0.5644
LUAD,fluorouracil,69,0.4718377785896968,0.4309145418898333,-0.0166,0.1883,0.0099
LUAD,ML203,60,0.2944384361741287,0.2544917088327706,-0.0144,0.1557,0.0198
LUAD,MK-8776,56,-0.0588653451811346,-0.1314964623257477,-0.0414,0.1723,0.5743
LUAD,OTX015,50,0.3064873949579832,0.2634699918007206,-0.016,0.2173,0.0693
LUAD,IC-87114,59,0.066179607848476,-0.012371664895381,-0.0076,0.18,0.396
LUAD,Lenalidomide,55,0.0644444444444444,-0.0603724818078614,-0.0628,0.182,0.2871
LUAD,tubastatin A,38,0.3088959404748878,0.2622403572208164,-0.0105,0.2331,0.1089
LUAD,PLX-4032,61,-0.1147176313808131,-0.1802340423941211,-0.0195,0.1645,0.6832
LUAD,hyperforin,59,0.2578876619052316,0.2152367193153402,-0.0258,0.1737,0.0495
LUAD,Ipatasertib,56,0.1444565960355434,0.0525620393805281,-0.0379,0.186,0.1881
LUAD,cerulenin,60,0.4301092001993821,0.3966800366366123,-0.0279,0.1743,0.0099
LUAD,SRT-1720,56,0.3588981170283715,0.3110452442494357,-0.0321,0.1715,0.0198
LUAD,bortezomib,69,0.0865327000365363,0.039616492545835,0.0095,0.1562,0.3663
LUAD,GW441756,56,0.0747368421052631,0.0047864598369177,-0.0634,0.1817,0.2475
LUAD,LY-2183240,57,0.140156536130278,0.0979535367609393,-0.0716,0.1726,0.1386
LUAD,Fludarabine,43,0.2042283298097251,0.1248311992031058,-0.0651,0.1969,0.0594
LUAD,SCH772984,56,0.2854272043745728,0.2326761651403565,-0.0324,0.1778,0.0594
LUAD,BRD8958,55,0.0659883355160068,-0.0002584688778555,-0.0297,0.1792,0.3366
LUAD,PF-573228,59,0.0266573152763008,-0.0367796237971289,-0.0255,0.1647,0.3861
LUAD,ruxolitinib,67,0.2231622635485673,0.1682788488111138,-0.0318,0.1658,0.0693
LUAD,ZSTK474,59,-0.3068264172998247,-0.4560724944528166,-0.0303,0.1687,0.9505
LUAD,nilotinib,69,-0.1748702959444647,-0.2116160347689878,-0.0175,0.1672,0.8119
LUAD,XL765,59,0.0692384126496843,0.0323281451716683,-0.0646,0.2012,0.2772
LUAD,avicin D,21,0.3015584415584416,0.1726407806046951,-0.1249,0.2861,0.1089
LUAD,importazole,55,-0.0663492063492063,-0.1129692816524868,-0.051,0.1799,0.5149
LUAD,staurosporine,61,0.2391940665738726,0.164361475805199,-0.0144,0.1632,0.1089
LUAD,YK 4-279,69,0.145144318597004,0.0798398631646188,-0.0164,0.1745,0.2079
LUAD,Rucaparib,55,-0.2894660894660895,-0.445348309372697,-0.0401,0.1789,0.9208
LUAD,ML083,58,-0.1090042146831915,-0.1255310980491335,-0.0207,0.1954,0.6733
LUAD,ifosfamide,38,-0.2449600584020316,-0.3241637402964162,-0.0384,0.2255,0.7921
LUAD,ABT-737,68,0.102721685689201,0.0180249517972234,-0.0131,0.1496,0.2376
LUAD,Mycophenolic acid,46,0.1490841813135985,0.0409753589813185,-0.0459,0.2078,0.198
LUAD,RG-108,60,0.0573540878183084,0.0005304378121713,-0.0408,0.1628,0.297
LUAD,IPR-456,60,-0.0016671297582661,-0.0709251214462059,-0.05,0.1784,0.4059
LUAD,salermide,38,-0.0895283947915527,-0.2092596594959162,-0.0348,0.2033,0.5842
LUAD,BRD1812,57,-0.1069484054964999,-0.1793566598139196,-0.039,0.1742,0.6535
LUAD,Schweinfurthin A,43,0.2976252503348181,0.2269327728557551,-0.0159,0.2123,0.0693
LUAD,Elephantin,43,-0.2205376019329507,-0.3110583856881548,-0.018,0.1937,0.8713
LUAD,BRD-K66532283,57,0.12005444646098,0.0817343649354015,-0.042,0.1734,0.2277
LUAD,KX2-391,58,0.0197732900649378,-0.0250161731327406,-0.0149,0.1658,0.4356
LUAD,PHA-793887,59,0.3692811221507891,0.3520633002533236,-0.0308,0.1812,0.0198
LUAD,BRD-K17060750,61,0.0837890738849311,0.0153134778303765,-0.0355,0.1844,0.2772
LUAD,Talazoparib,56,0.0471770334928229,0.0097369013070465,-0.0251,0.1683,0.2871
LUAD,NSC 74859,60,0.1978743800466042,0.1336116892339652,-0.0349,0.17,0.0792
LUAD,AC55649,60,-0.0116513530187163,-0.1033868778211387,-0.0232,0.1599,0.4653
LUAD,skepinone-L,21,0.0503896103896103,-0.0631028424850373,-0.1269,0.2706,0.3168
LUAD,PRL-3 inhibitor I,60,-0.1625230986901788,-0.2606924884946744,-0.0345,0.1893,0.7426
LUAD,omacetaxine mepesuccinate,42,-0.1082732355562758,-0.1750601462437157,-0.0201,0.2275,0.6535
LUAD,isonicotinohydroxamic acid,38,0.1445313784512728,0.1028576558564659,-0.0375,0.2029,0.198
LUAD,AZD7762,69,0.138100109609061,0.0662911371393542,0.0004,0.1749,0.2673
LUAD,NVP-BSK805,59,-0.0127880302180544,-0.0775537611900705,-0.0474,0.2008,0.4851
LUAD,CBB-1007,21,-0.0002597402597402,-0.1025965105109776,-0.0994,0.2691,0.4059
LUAD,BRD-K52037352,54,0.0349685534591194,-0.0667747457156911,-0.0418,0.2067,0.4356
LUAD,BRD-K16147474,55,0.3390127812724915,0.2973690644226171,-0.059,0.1612,0.0099
LUAD,CCT036477,59,0.1975715600964861,0.1600177696053075,-0.0192,0.1909,0.1287
LUAD,AT13387,21,0.1992207792207792,-0.0186641824652572,-0.079,0.2788,0.1485
LUAD,CAL-101,61,-0.0843914434838501,-0.1499423980644965,-0.0222,0.1722,0.6535
LUAD,LY2109761,50,0.1334645858343337,0.0853931317521255,-0.0401,0.213,0.2277
LUAD,AT13148,56,0.1023513328776486,0.0200944150406721,-0.0273,0.1887,0.2772
LUAD,myricetin,61,0.2857898359277052,0.2130590973518364,-0.0354,0.1774,0.0297
LUAD,BRD-A05715709,20,0.0138345864661654,-0.0225197424358635,-0.1222,0.2572,0.3168
LUAD,PFI3,50,-0.0654309723889555,-0.1398569653927582,-0.0482,0.1917,0.5545
LUAD,WAY-362450,61,0.2696916815871439,0.2055592332695366,-0.0503,0.1874,0.0396
LUAD,entinostat,65,0.3733304195804195,0.3370126266674406,-0.0465,0.1664,0.0099
LUAD,BRD-M00053801,36,0.0564221364221364,-0.0544458019173291,-0.0447,0.2261,0.3564
LUAD,SGC0946,54,-0.1305965313512483,-0.189669983469101,-0.0281,0.1826,0.7129
LUAD,istradefylline,20,0.0505263157894737,-0.1702758440618598,-0.0855,0.3063,0.3465
LUAD,BRD-A94377914,39,-0.0155465587044534,-0.0790250419183714,-0.0465,0.2226,0.4059
LUAD,AZD6482,61,0.0141195134849286,-0.078047168810413,-0.0081,0.1817,0.4851
LUAD,CIL55,31,0.4539516129032258,0.3810538757418665,-0.046,0.2402,0.0099
LUAD,WZ4002,41,0.1045296167247386,0.0075579146392645,-0.0634,0.1968,0.2574
LUAD,BRD-A71883111,60,-0.2654922338405768,-0.352514851105371,-0.0275,0.1822,0.8911
LUAD,GSK2830371,45,-0.2456126482213438,-0.2849516409060133,-0.0082,0.1911,0.8614
LUAD,LRRK2-IN-1,39,-0.0035627530364372,-0.0657318930303164,-0.028,0.2216,0.4653
LUAD,VU0155056,60,-0.4406563025752096,-0.5350307584656853,-0.0419,0.178,1.0
LUAD,nelarabine,65,-0.0014991422547032,-0.0406577527614568,-0.0406,0.1471,0.396
LUAD,NU7441,54,-0.054606441776253,-0.1154690407902215,-0.0439,0.1823,0.5644
LUAD,serdemetan,56,0.0756527682843472,0.0196237796563469,-0.0311,0.176,0.3069
LUAD,chlorambucil,59,-0.0801168907071887,-0.2239605228974499,-0.0315,0.171,0.604
LUAD,SB216763,56,-0.2357758031442242,-0.3339480662941892,-0.0136,0.1697,0.9109
LUAD,AZD5363,56,0.1882433356117566,0.1342948912299086,-0.0412,0.1829,0.099
LUAD,PIK-93,57,-0.1804994247615896,-0.2427438397911097,-0.0105,0.1822,0.8119
LUAD,darinaparsin,39,0.0374702574706632,-0.0351331341599278,-0.0388,0.2166,0.4059
LUAD,WEHI-539,56,0.0314012303485987,-0.0187660653868815,-0.0246,0.1634,0.3564
LUAD,navitoclax,69,0.0181951041286079,-0.02010207587351,-0.0143,0.1552,0.4752
LUAD,veliparib,69,0.1482731848178844,0.0907399476235817,-0.0314,0.1627,0.1584
LUAD,NVP-BEZ235,64,0.2312454212454212,0.1559015187777812,-0.0176,0.173,0.0792
LUAD,TG-101348,61,-0.1779317275007909,-0.2461973130759846,-0.0258,0.1748,0.8218
LUAD,BRD6340,60,-0.0664249294997349,-0.1511101935906233,-0.0373,0.1684,0.5644
LUAD,ML031,55,0.0710631697132598,0.0150969960107934,-0.0302,0.1845,0.3069
LUAD,OSI-027,69,-0.0553964194373401,-0.1305296119297302,-0.0329,0.1422,0.6238
LUAD,GW-843682X,55,-0.1537573506538295,-0.2350278196052005,-0.0375,0.1749,0.703
LUAD,lomeguatrib,61,0.1563194077207826,0.0919036197934482,0.0112,0.1846,0.2277
LUAD,PF-184,55,-0.4520057720057721,-0.502037075990685,-0.0307,0.1999,0.9604
LUAD,AZD2014,43,0.3402597402597402,0.2886442953737312,-0.0505,0.2126,0.0396
LUAD,IU1,59,0.111471864741729,0.0493044877960217,-0.0488,0.192,0.2079
LUAD,neratinib,60,0.0434231731036399,-0.0694753768940255,-0.0385,0.1727,0.3267
LUAD,apicidin,61,0.0160126916975145,-0.0555829613269031,-0.0385,0.1763,0.396
LUAD,Vinblastine,46,0.2198828245451742,0.1649915374214961,-0.0288,0.1908,0.0891
LUAD,VE-822,50,0.1436062424969987,0.0799156853918842,-0.0701,0.1682,0.099
LUAD,BRD8899,60,0.1231107241378384,-0.0256891285687092,-0.0236,0.1642,0.1782
LUAD,AZD5991,43,0.0634853518574448,-0.0369718746107489,-0.0264,0.2022,0.3663
LUAD,pandacostat,58,-0.154920540144502,-0.2282140986029693,-0.0499,0.1807,0.703
LUAD,GSK2801,43,-0.1257626094835397,-0.2149660096286351,-0.0755,0.1984,0.604
LUAD,Wnt-C59,50,0.4957983193277311,0.4584133492707795,-0.038,0.185,0.0099
LUAD,WZ8040,53,0.1455894210611191,0.0199958001675632,-0.0461,0.1789,0.1584
LUAD,BRD-A86708339,21,0.0293506493506493,-0.0712402264658016,-0.105,0.2948,0.3267
LUAD,fingolimod,60,0.1421434327704248,0.0020564522513194,0.0026,0.1541,0.1782
LUAD,Mitoxantrone,43,-0.0171851404409544,-0.0772399847334668,-0.0441,0.2056,0.4455
LUAD,XAV939,50,0.2130036014405762,0.1385008995458168,-0.0201,0.2009,0.1386
LUAD,CR-1-31B,60,0.1050402889691581,0.0150034235743207,-0.0436,0.1854,0.2277
LUAD,BRD-K71781559,54,0.1375059559227421,0.0783588800908435,-0.0438,0.1947,0.1683
LUAD,daporinad,60,0.0056738771035915,-0.064318560663616,-0.0266,0.1731,0.4752
LUAD,CCT007093,55,-0.0036652236652236,-0.0503760377999272,0.0006,0.1624,0.5545
LUAD,JNK Inhibitor VIII,56,-0.0673000683526999,-0.1716180911957517,-0.0629,0.1849,0.5446
LUAD,brefeldin A,59,0.0378842781998831,-0.0275387173345501,-0.0281,0.175,0.3465
LUAD,BRD-K99006945,21,0.0519480519480519,-0.0984794820183287,-0.1596,0.2853,0.2079
LUAD,JW-74,41,-0.121764885345694,-0.184329737287816,-0.0363,0.2065,0.6337
LUAD,O-6-benzylguanine,21,-0.2628571428571428,-0.3461351418963064,-0.0826,0.2584,0.7327
LUAD,Ulixertinib,56,0.2001777170198223,0.1451485363597992,-0.0247,0.1844,0.099
LUAD,crizotinib,69,0.2009280233832663,0.1459338604109243,-0.0212,0.1561,0.099
LUAD,parthenolide,56,0.2022592682471085,0.1482860124553442,-0.0432,0.1738,0.0891
LUAD,imatinib,58,0.1977205961751623,0.1456874553436117,-0.0563,0.1943,0.099
LUAD,Bax channel blocker,55,-0.1358297258297259,-0.3082906959702598,-0.0233,0.1905,0.6634
LUAD,AZD8055,67,0.3339931359246548,0.2794770326005958,-0.022,0.1703,0.0198
LUAD,GANT-61,59,0.210260231761658,0.1289518344094994,-0.0567,0.1798,0.0594
LUAD,AMG-319,56,0.0983595352016404,0.0043206392413244,-0.0097,0.1663,0.2871
LUAD,R428,41,-0.4086759581881534,-0.4517203166979986,-0.0436,0.1905,0.9901
LUAD,RITA,58,0.0810815799571521,0.0206097878423881,-0.0513,0.168,0.2079
LUAD,AZD1332,43,0.2591362126245847,0.1949574142917475,-0.0416,0.2042,0.0891
LUAD,BRD-K37390332,56,0.0241429469580845,-0.0304758963813005,-0.0404,0.1927,0.4356
LUAD,HKMTI-1-005,46,0.2345605920444033,0.141726285734336,-0.0387,0.1957,0.1287
LUAD,CD-437,57,-0.1463572724915738,-0.2539371095085739,-0.0535,0.1734,0.7228
LUAD,CAY10576,59,0.2338047925189947,0.1812053321684457,-0.0224,0.1834,0.0891
LUAD,Ki8751,58,-0.155804122168099,-0.2511402170490463,-0.0139,0.1732,0.7921
LUAD,GDC-0941,69,0.4444062842528316,0.405344005658722,-0.0293,0.1432,0.0099
LUAD,WP1130,57,0.098262898625875,0.0230648856402976,-0.039,0.1901,0.2376
LUAD,trametinib,61,0.4382971972501321,0.3921967113465275,-0.0116,0.1755,0.0099
LUAD,AZD8186,56,0.1655365686944634,0.1043378813445815,-0.0453,0.1678,0.1287
LUAD,ML334 diastereomer,41,-0.3438361656890233,-0.4291860400423471,-0.0505,0.2203,0.9406
LUAD,valdecoxib,58,-0.0066381617398258,-0.0583628135109076,-0.027,0.1717,0.5248
LUAD,HLI 373,58,-0.2920897611739431,-0.4335053267984438,-0.0236,0.1839,0.9505
LUAD,NSC48300,59,0.2749152542372882,0.1587344620311122,-0.0398,0.1816,0.0297
LUAD,ouabain,59,0.0852717708942139,0.0127508141277361,-0.0412,0.1796,0.2673
LUAD,ABT-199,62,-0.0968547757548286,-0.1855692247367222,-0.0412,0.1506,0.6337
LUAD,BMS-754807,69,-0.0925758129338692,-0.1397955011351569,-0.0335,0.1587,0.6535
LUAD,elocalcitol,59,-0.1827819988310929,-0.2481862096139175,-0.0319,0.1659,0.8218
LUAD,EHT-1864,54,0.0650962454736039,0.0207575262786501,-0.0052,0.1876,0.3861
LUAD,NVP-ADW742,68,0.2115891132572431,0.1362448201147482,-0.0451,0.1682,0.0891
LUAD,PD 153035,41,-0.1126181454964324,-0.1983410888054897,-0.0734,0.2389,0.5545
LUAD,AT-406,36,-0.1539253539253539,-0.2534294514942509,-0.0318,0.2213,0.6634
LUAD,EPZ5676,56,0.2904853041695147,0.2567732340246734,-0.0343,0.1643,0.0396
LUAD,Cisplatin,46,0.2088559975331483,0.1369631845935937,-0.0656,0.1849,0.0792
LUAD,narciclasine,53,0.0772294791162715,-0.0275365615981459,-0.02,0.178,0.3663
LUAD,Gallibiscoquinazole,43,-0.1216852914527333,-0.2183524522401565,-0.0357,0.1975,0.6238
LUAD,AT7867,57,0.1281436349494425,0.1004841938785624,-0.037,0.174,0.2178
LUAD,NSC95397,52,-0.0425339366515837,-0.1141846465142273,-0.0754,0.1785,0.4356
LUAD,AZD1208,43,-0.0524312896405919,-0.096826325515052,-0.0433,0.2133,0.5149
LUAD,COL-3,43,-0.4068257324071277,-0.5489692485265949,-0.0919,0.1948,0.9505
LUAD,BMS-345541,50,0.2257959183673469,0.1804320091724875,-0.0418,0.1785,0.0693
LUAD,MST-312,69,0.1598027036901717,0.0770046238254142,-0.0246,0.1564,0.1386
LUAD,BRD9876,58,0.0718150637610514,0.0286545159103365,-0.0531,0.1901,0.3168
LUAD,sorafenib,69,0.3185750822067958,0.2844744936884678,-0.0365,0.1531,0.0297
LUAD,MI-1,55,0.1726892276665141,0.0886573687556196,-0.0554,0.1923,0.1386
LUAD,oligomycin A,59,0.3676500241483068,0.3299049966537105,-0.0635,0.1813,0.0198
LUAD,KRAS (G12C) Inhibitor-12,50,0.2022088835534213,0.161980090132922,-0.0818,0.1771,0.0594
LUAD,GSK1904529A,56,-0.0166507177033492,-0.1072489026346205,-0.0598,0.1877,0.396
LUAD,pevonedistat,69,0.2049031786627694,0.1577469079793212,-0.0189,0.1639,0.1089
LUAD,linifanib,60,0.1463517643789941,0.0611510519611557,-0.0197,0.1811,0.2079
LUAD,SB-225002,61,-0.1633315705975674,-0.2170627613079127,-0.01,0.1833,0.802
LUAD,BRD-A02303741,54,0.0736525120608279,-0.0399001317875584,-0.0418,0.1756,0.2871
LUAD,methylstat,41,0.3727177700348433,0.3281167656792232,-0.0894,0.1888,0.0198
LUAD,silmitasertib,59,-0.3825362732184095,-0.4990634785301669,-0.0341,0.1805,0.9703
LUAD,L-685458,61,0.323690159866467,0.2989425655973974,-0.0516,0.1687,0.0297
LUAD,NSC30930,59,-0.0356999868835193,-0.1111894948265108,-0.0665,0.1592,0.4257
LUAD,BIRB-796,67,-0.1386144145582249,-0.1788770927240497,-0.034,0.1625,0.7525
LUAD,NVP-231,60,0.0760433453737149,-0.0005826357946689,-0.0095,0.1599,0.2673
LUAD,MLN2238,60,-0.036776882467352,-0.1134807753045769,-0.0412,0.1921,0.5149
LUAD,AZD3759,56,0.2124812030075188,0.1570309627347233,-0.0098,0.167,0.1089
LUAD,BRD-K61166597,55,-0.0169119769119769,-0.0612246481397842,-0.021,0.1923,0.5545
LUAD,bexarotene,56,-0.0369539955747514,-0.1155599796806921,-0.0398,0.1575,0.505
LUAD,pluripotin,60,0.2218616282300639,0.1576810319794916,-0.0169,0.1731,0.0891
LUAD,SCH-529074,54,-0.0951324566418905,-0.1434319864995084,-0.0651,0.1693,0.5545
LUAD,belinostat,21,0.0425974025974025,-0.1199820365995228,-0.1395,0.2527,0.2376
LUAD,HC-067047,57,-0.2478755470431626,-0.3225912414551899,0.0068,0.1961,0.9208
LUAD,Luminespib,56,0.3501298701298701,0.3156105711473656,-0.0489,0.1803,0.0198
LUAD,RVX-208,50,-0.0974309723889555,-0.2029699376591884,-0.0187,0.1952,0.6535
LUAD,ML311,61,0.0234796404019037,-0.0777609272287979,-0.0359,0.1646,0.3663
LUAD,STF-31,59,-0.0216949152542372,-0.0501704788451467,-0.0776,0.1857,0.4059
LUAD,tamatinib,59,-0.1216481589713617,-0.2051781114693748,-0.0057,0.167,0.7426
LUAD,tamoxifen,69,-0.2227109974424552,-0.3140271213307518,-0.0416,0.1573,0.8614
LUAD,KPT185,43,-0.0707943219571126,-0.1873805306574011,-0.0123,0.2123,0.604
LUAD,azacitidine,66,0.264377413631145,0.2180187384410781,-0.0115,0.15,0.0297
LUAD,C6-ceramide,60,-0.0724241414923003,-0.1700419250412093,-0.012,0.1936,0.604
LUAD,PF-543,60,-0.2086023895526535,-0.2862168404010304,-0.0628,0.1672,0.8119
LUAD,teniposide,56,0.0852631578947368,0.0109494308317631,-0.0418,0.1862,0.2376
LUAD,ML239,60,0.2241876102968548,0.1819664678215305,-0.0549,0.1758,0.0495
LUAD,mitomycin,58,-0.3851792608542711,-0.437040762177122,-0.0004,0.1647,0.9901
LUAD,etomoxir,61,-0.2344535816150527,-0.27049731986074,-0.0366,0.1693,0.8614
LUAD,BRD-K51490254,58,0.2397920575840536,0.2066432058812404,-0.009,0.1548,0.099
LUAD,Ko-143,61,-0.174095374094724,-0.3050389535556078,-0.0028,0.1808,0.8317
LUAD,Mdivi-1,60,0.0320982508818262,-0.0559810726478977,-0.0597,0.1771,0.3267
LUAD,cucurbitacin I,55,-0.3034326016475159,-0.4022477999563562,-0.0561,0.1792,0.9307
LUAD,sotrastaurin,40,-0.2807448757720522,-0.4594430037561315,-0.0451,0.2053,0.8515
LUAD,BRD-K70511574,56,-0.157371110260678,-0.2219289588982192,-0.0589,0.1966,0.7129
LUAD,BRD-K92856060,55,-0.0573160173160173,-0.1222503606796529,-0.0677,0.1833,0.4653
LUAD,ZM447439,54,0.0478673527730131,-0.0120433216740989,-0.0573,0.1957,0.3366
LUAD,vincristine,60,-0.0639844401222562,-0.1061254329639458,-0.0317,0.1912,0.5941
LUAD,Romidepsin,43,0.3487163998791905,0.2859350869509151,-0.0541,0.1838,0.0198
LUAD,RO4929097,21,-0.0335064935064935,-0.2080055252118748,-0.0851,0.2439,0.4059
LUAD,pifithrin-alpha,61,-0.3517114642426981,-0.4505651845104314,-0.0157,0.1716,0.9802
LUAD,BRD9647,58,0.0900981266726137,0.0158871248785028,-0.0208,0.1917,0.3465
LUAD,canertinib,60,0.1179772158933037,0.0364359768335836,-0.0325,0.1706,0.198
LUAD,cabozantinib,57,0.0726742396102611,0.0239955351408026,-0.033,0.18,0.297
LUAD,cyanoquinoline 11,39,-0.2276923076923077,-0.3285510949429028,-0.0575,0.2144,0.7426
LUAD,BIX-01294,59,-0.0239742840444184,-0.079794292649298,-0.0174,0.1613,0.5743
LUAD,SID 26681509,53,0.3219964521851314,0.2779669213672635,-0.0383,0.1735,0.0198
LUAD,birinapant,59,-0.0714010171305541,-0.1173188468703759,-0.0307,0.1949,0.6139
LUAD,YM-155,55,0.0215007215007215,-0.067504905470198,-0.0348,0.172,0.396
LUAD,saracatinib,59,0.1390531852717709,0.0729966153343982,-0.0466,0.188,0.1683
LUAD,SNS-032,57,0.0533130236170529,-0.0485633461108292,-0.0758,0.1769,0.2673
LUAD,rigosertib,57,0.188851438942183,0.0957723958206614,-0.0112,0.1769,0.1386
LUAD,BRD-K63431240,61,0.0165309360126916,-0.0398228717056232,-0.0314,0.1576,0.3861
LUAD,bleomycin A2,67,-0.0491340090988905,-0.115281385343047,-0.0272,0.174,0.5446
LUAD,SR1001,59,-0.0027060989520307,-0.0963570564352775,-0.0423,0.1819,0.4158
LUAD,Niraparib,50,0.2373205282112845,0.1578680494456291,-0.036,0.2031,0.099
LUAD,JW-480,58,-0.1921744747608355,-0.2871688691031676,-0.0133,0.1738,0.8119
LUAD,CIL70,39,-0.3883597353017569,-0.4696964824546581,-0.0887,0.1926,0.9505
LUAD,AZD1480,20,-0.6499248120300752,-0.7600254942332598,-0.0517,0.2749,1.0
LUAD,BIBR-1532,69,-0.1147168432590427,-0.1555658027998737,-0.03,0.167,0.7129
LUAD,SB-743921,59,0.1540035067212157,0.0781855687036071,-0.0328,0.1863,0.1584
LUAD,Acetalax,43,0.5715493808517065,0.5138571672577499,-0.0731,0.2236,0.0099
LUAD,dinaciclib,56,0.0481066302118933,-0.0413561183662958,-0.0197,0.1779,0.3564
LUAD,GSK-LSD1-2HCl ,46,-1.2334258402710297e-05,-0.1230646039594301,-0.0149,0.1909,0.4653
LUAD,linsitinib,69,-0.1623909608303113,-0.210519281935196,-0.0694,0.161,0.7129
LUAD,NSC632839,61,-0.189476467477525,-0.2328063660916182,-0.0327,0.1554,0.8119
LUAD,semagacestat,60,0.1812614615170881,0.1265285847377436,-0.0462,0.1825,0.0891
LUAD,tipifarnib-P2,61,-0.0189106292966684,-0.1296009504289111,-0.043,0.1858,0.4158
LUAD,AA-COCF3,60,-0.2086579605445958,-0.283752701923103,-0.028,0.1895,0.8218
LUAD,ciclosporin,58,-0.2777432558245366,-0.3408221051644461,-0.0092,0.1765,0.9307
LUAD,BRD4132,61,0.0191221575885774,-0.05614643497974,-0.0318,0.1769,0.396
LUAD,TW-37,62,0.2526201808063257,0.2213652891872359,-0.0296,0.1665,0.0396
LUAD,A-804598,40,-0.3547091932457786,-0.4866404176315378,-0.0636,0.2032,0.9307
LUAD,ELCPK,36,-0.3948519948519948,-0.5020082052983381,-0.0523,0.2079,0.9307
LUAD,BMS-345541,61,0.1449286092014806,0.0637512153703637,-0.0502,0.1849,0.1287
LUAD,N-acetyl cysteine,46,-0.1033240826395313,-0.1848572290747875,-0.0322,0.1976,0.6139
LUAD,BEN,43,0.3498338870431894,0.2860805730029692,-0.0642,0.2201,0.0198
LUAD,BRD-K45681478,57,-0.0037593984962406,-0.0656068625556265,-0.0508,0.1992,0.4158
LUAD,MN-64,50,0.1602593037214886,0.1068709358996014,-0.0304,0.1946,0.1782
LUAD,BRD-K02251932,57,-0.1022572961194684,-0.1451035144210826,-0.0507,0.1596,0.5941
LUAD,DBeQ,58,-0.1629604565152685,-0.2155202901442147,-0.0145,0.1612,0.8218
LUAD,Sepantronium bromide,56,0.3713465481886535,0.3232648618596198,-0.0279,0.1691,0.0099
LUAD,gossypol,55,-0.1160482692878051,-0.2142520500839957,-0.051,0.1672,0.6436
LUAD,LMP744,43,0.0451525218967079,-0.0394220231842574,-0.0393,0.1937,0.3663
LUAD,GSK1059615,39,-0.0955870445344129,-0.1956565736878164,-0.0565,0.2024,0.5743
LUAD,sirolimus,69,0.0934015345268542,0.0394176840055113,-0.0151,0.1462,0.2178
LUAD,betulinic acid,57,0.092136621700422,0.0389390224860535,-0.0174,0.1871,0.3267
LUAD,BRD1835,59,-0.0866581919758194,-0.1448969766712308,-0.0171,0.1761,0.6535
LUAD,tacrolimus,58,0.1146917682344055,0.0728635942577131,-0.0281,0.1618,0.2079
LUAD,lovastatin,61,0.1954204124801692,0.1091487272909993,-0.0539,0.1617,0.0594
LUAD,UNC0638,65,0.1143181818181818,0.0508923134773117,-0.0446,0.1649,0.198
LUAD,NVP-TAE684,58,-0.0631886554492602,-0.1169056473592388,-0.0142,0.1584,0.6436
LUAD,BRD-K19103580,60,-0.452870241733815,-0.4912664353812833,-0.0511,0.1636,1.0
LUAD,marinopyrrole A,38,0.0816500711237553,0.0115950484253832,-0.0558,0.1986,0.297
LUAD,barasertib,58,-0.0213605672387878,-0.0621972382790242,-0.0471,0.1791,0.4455
LUAD,Sabutoclax,50,0.1469675870348139,0.0573903798498451,-0.0004,0.179,0.1782
LUAD,BRD-K24690302,61,0.3181964856586531,0.2856191087422049,-0.0287,0.1989,0.0297
LUAD,paclitaxel,69,0.0888637194008038,0.0343535580331946,-0.0156,0.1683,0.3168
LUAD,Refametinib,54,0.4487974080426909,0.3917091216203235,-0.0027,0.1606,0.0099
LUAD,PRIMA-1,54,0.2848484848484848,0.2312063335898354,-0.039,0.1838,0.0495
LUAD,KU-0063794,58,0.2289308950237714,0.2004176758671833,-0.0425,0.1711,0.0396
LUAD,obatoclax,60,0.1889858293970547,0.127037570369821,-0.0383,0.1699,0.0693
LUAD,BRD-K35604418,67,0.2005906297390055,0.1396145015334785,-0.0452,0.1598,0.0891
LUAD,Ribociclib,56,-0.0358851674641148,-0.1694169018763673,-0.0539,0.1806,0.4455
LUAD,axitinib,69,0.1819729630982828,0.1302542937399253,-0.0223,0.159,0.1089
LUAD,niclosamide,59,0.1648299946113212,0.0967686767780446,-0.0469,0.1918,0.1386
LUAD,Dactinomycin,56,0.0394258373205741,-0.0722750794785435,-0.0668,0.1672,0.3168
LUAD,SJ-172550,59,0.1126791849284931,0.0385867610474812,-0.0231,0.1823,0.2376
LUAD,P22077,56,0.044442925495557,0.0069585480777649,-0.0316,0.1968,0.3663
LUAD,BRD-K51831558,21,-0.2144852337870545,-0.3579967117551352,-0.0995,0.2698,0.6238
LUAD,WIKI4,56,-0.0965686944634313,-0.1300282063192918,-0.0542,0.2025,0.6238
LUAD,zebularine,61,0.094545069971442,0.0759903500950399,-0.0248,0.1629,0.2376
LUAD,BRD-K29313308,59,-0.2020310057346833,-0.2716095476018786,-0.0549,0.1599,0.802
LUAD,AZD5153,43,0.320024161884627,0.2408198731991443,-0.0648,0.1969,0.0297
LUAD,PL-DI,60,0.54025006946374,0.5063718486245052,-0.0635,0.1812,0.0099
LUAD,glutathione,45,0.0254281949934123,-0.0424303631709833,-0.0454,0.193,0.396
LUAD,CZC24832,50,-0.0514669867947178,-0.1128492318522628,-0.0331,0.2003,0.5644
LUAD,simvastatin,55,0.2292063492063492,0.1787924676140909,-0.0059,0.1677,0.1089
LUAD,TPCA-1,60,-0.2148930258405113,-0.2881802090812602,-0.0276,0.2149,0.7723
LUAD,KU-60019,58,-0.2891982097332086,-0.3790291994609684,-0.0308,0.1484,0.9505
LUAD,ciclopirox,59,-0.0552191700759789,-0.1435612620005293,-0.0586,0.1869,0.505
LUAD,WZ4003,50,0.2009987995198079,0.1245576633271652,-0.0444,0.1905,0.1287
LUAD,gemcitabine,67,0.0974219810040705,0.0508254512844172,-0.0159,0.1737,0.297
LUAD,indisulam,57,0.2005088234127559,0.1362568798308188,-0.0478,0.1675,0.0792
LUAD,SMER-3,54,0.3205717552887364,0.2558253896488272,-0.0543,0.1882,0.0396
LUAD,tretinoin,60,-0.1775604334537371,-0.2336641380274389,-0.0385,0.1709,0.802
LUAD,BRD-K71935468,57,0.149520352605652,0.1111573769718471,-0.0095,0.1991,0.2376
LUAD,Picolinici-acid,50,-0.236187274909964,-0.2943395949313994,-0.0432,0.1758,0.8911
LUAD,GSK2606414,50,-0.1833085234093637,-0.2396242137131721,-0.0351,0.1803,0.7822
LUAD,CAY10618,59,-0.0087434248977206,-0.0875646943267511,-0.0265,0.1732,0.4851
LUAD,necrostatin-7,60,0.0979226605941031,0.0534538472227063,-0.0309,0.1628,0.2475
LUAD,tivozanib,59,-0.025739709817327,-0.1141790950534076,-0.0561,0.1854,0.4356
LUAD,BCL-LZH-4,21,0.2283116883116883,0.1916942828852345,-0.0424,0.2936,0.1881
LUAD,MI-2,21,-0.376103896103896,-0.6290029717829875,-0.0654,0.2821,0.8713
LUAD,BYL-719,64,-0.0984065934065934,-0.1302621472135792,0.014,0.1809,0.7228
LUAD,PD0325901,56,0.4237867395762132,0.3841782228622847,-0.0332,0.1824,0.0099
LUAD,AZ960,50,0.2524945978391356,0.2138418380125135,-0.0436,0.2113,0.1089
LUAD,AGK-2,69,-0.2562857414548052,-0.3688242367539874,-0.0607,0.1528,0.8812
LUAD,neuronal differentiation inducer III,60,0.1343150875243123,0.0603267449829693,-0.0471,0.1783,0.2079
LUAD,AM-580,56,-0.0482603049866343,-0.1068145443131182,-0.0651,0.1865,0.4653
LUAD,PI-103,61,-0.0331046153468294,-0.076922700928762,-0.0221,0.1742,0.5347
LUAD,POMHEX,46,0.1776749922910884,0.1407073277317461,-0.0242,0.2072,0.1782
LUAD,GSK591,56,0.1196445659603554,0.0621755412666206,-0.0262,0.1934,0.2277
LUAD,isoevodiamine,59,0.0135008766803039,-0.0608715690853376,-0.0236,0.2089,0.4356
LUAD,PRT062607,50,0.2038223289315726,0.1726443244410052,-0.0421,0.1781,0.0891
LUAD,"1S,3R-RSL-3",61,0.2608143839238497,0.2307063070446966,-0.0249,0.1754,0.0891
LUAD,necrostatin-1,60,-0.1255348707974437,-0.2088803451077301,-0.0443,0.1701,0.7228
LUAD,PFI-1,54,-0.1389212883552505,-0.1772292398577542,0.0069,0.2061,0.7624
LUAD,SR-II-138A,60,0.1575737367995468,0.0859488942888722,-0.0595,0.184,0.1485
LUAD,SZ4TA2,21,0.0781818181818181,-0.0555657718945628,-0.1448,0.2506,0.2178
LUAD,MG-132,61,0.3571549444738234,0.3224541719767575,-0.0194,0.1732,0.0099
LUAD,Bosutinib,55,0.0785137085137085,0.0174947698936427,-0.0235,0.1842,0.3168
LUAD,ML258,61,0.0441053583591996,-0.056566686671361,-0.0152,0.1754,0.3762
LUAD,tivantinib,21,-0.0023376623376623,-0.0811703526244414,-0.1381,0.2641,0.2772
LUAD,topotecan,65,-0.0026835664335664,-0.0319562695070297,-0.0351,0.1472,0.4455
LUAD,ICL-SIRT078,46,0.2130249768732655,0.1601341651211761,-0.0307,0.1813,0.0891
LUAD,thalidomide,21,0.1833766233766234,0.1136413885580138,-0.113,0.2371,0.1386
LUAD,MGCD-265,61,0.0810893707033315,0.005208685794765,-0.0672,0.1807,0.2178
LUAD,LCL161,50,0.0198319327731092,-0.0519863076256866,-0.0356,0.1835,0.3861
LUAD,cytarabine hydrochloride,67,0.1314151169287253,0.0559301556001461,-0.0168,0.1529,0.2079
LUAD,vandetanib,61,-0.0293129205858587,-0.081153713544638,-0.0509,0.1709,0.5545
LUAD,Lestaurtinib,54,0.4722927387078329,0.4224670208272084,-0.0319,0.1874,0.0099
LUAD,TG-100-115,60,0.0870753969991923,-0.0048682913025751,-0.0393,0.1764,0.2475
LUAD,MK-2206,68,0.1166164064587548,0.0470044273983324,-0.033,0.1667,0.2475
LUAD,GSK343,56,0.0266712235133287,-0.0587921434450973,0.0074,0.1872,0.4653
LUAD,afatinib,68,0.2202160552735045,0.1392053183429888,-0.0378,0.1684,0.0495
LUAD,ML162,59,0.5641379310344828,0.519841487057226,-0.0128,0.1802,0.0099
LUAD,dexamethasone,56,0.2692529970810483,0.186649830952297,-0.023,0.1549,0.0693
LUAD,CID-5951923,60,-0.0748992502833826,-0.170922285846096,-0.0432,0.1951,0.5347
LUAD,fumonisin B1,60,-0.0920986455852018,-0.1359212084006744,-0.0471,0.1878,0.5545
LUAD,Irinotecan,56,0.0713738892686261,0.0022018062163936,-0.0119,0.1874,0.3366
LUAD,tandutinib,60,0.085659507104673,-0.0007877685311278,-0.0434,0.1858,0.2574
LUAD,Bromosporine,43,-0.055572334642102,-0.1282510403392167,-0.0605,0.1916,0.4851
LUAD,PDMP,58,-0.1253745116736903,-0.1945503273871387,-0.0454,0.1926,0.6733
LUAD,piperlongumine,63,0.4071332565284178,0.3712952672427772,-0.0202,0.1509,0.0099
LUAD,tacedinaline,41,0.329665926529006,0.2785548679399976,-0.0246,0.2126,0.0792
LUAD,curcumin,60,-0.1666198926103765,-0.2268611122036807,-0.0257,0.1638,0.8119
LUAD,phloretin,61,0.0404019037546271,0.0183972721020646,-0.0193,0.1685,0.3861
LUAD,Pyridostatin,55,-0.0241269841269841,-0.0848476970263115,-0.0143,0.1719,0.5545
LUAD,Leflunomide,50,0.1368643457382952,0.0899661502307012,-0.0416,0.1796,0.1584
LUAD,itraconazole,60,-0.0523263729749438,-0.0925424787209355,-0.0426,0.1884,0.5149
LUAD,ML210,59,0.5244886031560492,0.4522613098910173,-0.0074,0.191,0.0099
LUAD,etoposide,58,-0.2865237318896306,-0.3703812335535325,-0.0087,0.1875,0.8911
LUAD,Podophyllotoxin bromide,43,0.0066445182724252,-0.0837293504024177,-0.0807,0.2016,0.3465
LUAD,AZD4547,67,0.2158432436746748,0.1636957355440204,-0.0292,0.1573,0.0594
LUAD,Camptothecin,56,0.2101708817498291,0.1451913607046412,-0.0103,0.2018,0.1782
LUAD,BRD-K50799972,59,0.1576271186440678,0.125471160511716,-0.0219,0.198,0.1386
LUAD,ML323,50,0.4577478991596638,0.3929585960996412,-0.0564,0.1822,0.0099
LUAD,I-BET151,61,-0.1147646747752511,-0.2109482697422719,-0.0265,0.1748,0.6634
LUAD,MLN2480,21,-0.0124675324675324,-0.14021435853475,-0.1309,0.2497,0.3168
LUAD,fulvestrant,61,-0.041099947117927,-0.1203066043428041,-0.0129,0.1585,0.5842
LUAD,austocystin D,53,0.4540074181583616,0.4198701617820082,-0.019,0.1788,0.0099
LUAD,BRD-K42260513,21,0.1851948051948052,-0.0036027784849278,-0.0271,0.3116,0.2277
LUAD,BRD-K09587429,56,0.0265486423251736,-0.1067477854165129,-0.0418,0.195,0.3564
LUAD,erismodegib,59,0.1088326831308918,0.0700108249185647,-0.0081,0.1712,0.2673
LUAD,vorinostat,69,0.1549945195469492,0.1113854688338315,-0.0638,0.1615,0.0891
LUAD,CI-976,55,0.0499639140284197,-0.0017293451828911,-0.0524,0.1709,0.3168
LUAD,BRD-K26531177,57,0.0098392533056779,-0.0653698165051128,-0.0654,0.173,0.3465
LUAD,GSK2578215A,56,-0.059958988380041,-0.1202021319648896,-0.0505,0.1785,0.4752
LUAD,AZ6102,56,0.1247026657552973,0.0134874841208055,-0.0048,0.1778,0.2574
LUAD,brivanib,59,0.334902614042384,0.2515341312168289,-0.006,0.159,0.0297
LUAD,clofarabine,60,-0.1000166712975827,-0.2012700800190122,0.0079,0.1709,0.7228
LUAD,UNC0379,46,0.4697008942337342,0.4051329474206909,-0.0436,0.1835,0.0099
LUAD,CIL41,39,-0.1681141824586156,-0.2464556475780127,-0.0535,0.2116,0.6733
LUAD,BMS-195614,60,0.0757099194220617,0.0160766969211393,-0.0531,0.1913,0.2673
LUAD,N9-isopropylolomoucine,60,0.0964892538194509,0.0181614456496412,-0.0427,0.1801,0.198
LUAD,prochlorperazine,59,-0.2697409372137329,-0.3289624480850651,-0.0236,0.1721,0.9109
LUAD,sunitinib,60,0.1147540983606557,0.0144184412949554,-0.0704,0.194,0.2079
LUAD,BRD-K34222889,58,0.2871389461379926,0.2637936868922702,-0.0336,0.1611,0.0495
LUAD,masitinib,60,-0.3310678264080572,-0.3792908538093546,-0.0545,0.1821,0.9307
LUAD,AZD5438,43,0.1306251887647236,0.0348995727055971,-0.0602,0.2208,0.2277
LUAD,AZD5582,50,0.0896518607442977,-0.006982885096969,-0.0393,0.1839,0.2574
LUAD,epigallocatechin-3-monogallate,56,0.1530511458040586,0.0829233999823676,-0.0184,0.1817,0.2277
LUAD,lenvatinib,58,0.0678038051666707,-0.023977410947152,-0.0451,0.175,0.2277
LUAD,bardoxolone methyl,53,0.0840509595226576,0.0260951892443129,-0.0508,0.2019,0.2772
LUAD,IWP-2,50,0.0905738295318127,0.0306570067241627,-0.0809,0.2133,0.2376
LUAD,I-BRD9,56,0.0376896787423103,-0.0393152274575922,-0.0218,0.1937,0.4059
LUAD,UMI-77,46,0.4680974406413815,0.4322853574960123,-0.048,0.2063,0.0099
LUAD,VX-11e,56,0.4194668489405332,0.3478107232633683,-0.0519,0.1811,0.0099
LUAD,ISOX,60,0.0584892816016656,-0.0216621047103443,-0.0426,0.1548,0.297
LUAD,EPZ004777,56,-0.0899658236500341,-0.1511728835506765,-0.0413,0.1844,0.6238
LUAD,BRD-K33199242,59,-0.1481944808637113,-0.2019135473718153,-0.0559,0.1749,0.7228
LUAD,GSK4112,60,-0.2534013498541396,-0.3767687295951546,-0.0242,0.1793,0.8515
LUAD,Remodelin,26,-0.0762393162393162,-0.2968654024617642,-0.0513,0.2265,0.505
LUAD,decitabine,59,0.0734541203974284,0.0125043119040381,-0.0215,0.1762,0.297
LUAD,ML006,59,-0.0695230306364008,-0.1544728737796109,-0.0224,0.1667,0.604
LUAD,MK-0752,59,-0.2874453850580681,-0.3742029482972317,-0.0379,0.1924,0.8812
LUAD,Avagacestat,55,-0.1724819624819625,-0.2671427508076691,-0.0319,0.1701,0.802
LUAD,gefitinib,69,0.2613737668980637,0.2183360030729838,-0.0402,0.1755,0.0693
LUAD,BRD-K55116708,57,0.3505890360363723,0.320373552862658,-0.0257,0.2041,0.0297
LUAD,CIL55A,37,-0.213655761024182,-0.3148148586877551,-0.0609,0.209,0.7525
LUAD,manumycin A,61,0.2156453681490433,0.1929044171903761,-0.0215,0.1581,0.0792
LUAD,RO-3306,56,0.4773889268626111,0.4244588141172439,-0.0675,0.2167,0.0099
LUAD,GNE-317,55,0.4679942279942281,0.4318615284221015,-0.0405,0.1928,0.0099
LUAD,BI-2536,69,0.4369967117281696,0.3620572011871913,-0.0397,0.1623,0.0099
LUAD,Zoledronate,43,-0.3471156750226517,-0.463988658671362,-0.0677,0.2074,0.901
LUAD,KU-55933,69,-0.0300694190719766,-0.1121826991671167,-0.0267,0.1594,0.505
LUAD,Entospletinib,50,0.0504105642256902,-0.0403167113166494,-0.0502,0.2019,0.3267
LUAD,GSK2636771,43,0.1520688613711869,0.0929121412008534,-0.0362,0.2037,0.2178
LUAD,VAF-347,39,-0.1415603563449425,-0.2696763187800184,-0.0645,0.2168,0.6139
LUAD,cediranib,61,-0.051041776837652,-0.1480091044711474,-0.0194,0.1629,0.5743
LUAD,PD318088,60,0.1989997221450403,0.1413918214846656,-0.0434,0.1909,0.1188
LUAD,LGK974,56,0.3463841421736159,0.2845111055252715,-0.0431,0.1669,0.0198
LUAD,Savolitinib,56,-0.2416678058783322,-0.295942296248469,-0.0399,0.1826,0.8713
LUAD,ibrutinib,59,0.2650847457627119,0.1706977733163002,-0.0157,0.1628,0.0594
LUAD,CIL56,38,0.0045083985404243,-0.0607375082534006,-0.0261,0.2176,0.505
LUAD,nintedanib,61,-0.2267280134325052,-0.3462971634706644,-0.0119,0.1563,0.8911
LUAD,RAF265,43,0.0716097855632739,0.045363845215351,-0.0165,0.1964,0.3663
LUAD,leptomycin B,61,0.0076361713379164,-0.0547130834980617,-0.0364,0.179,0.4455
LUAD,Mirin,50,0.383798319327731,0.3253534763272028,-0.0271,0.2192,0.0099
LUAD,BRD-K11533227,57,-0.055561317085818,-0.1356809591116637,-0.0463,0.1724,0.5941
LUAD,GSK2110183B,43,0.2952280277861673,0.241270302966243,-0.0324,0.1887,0.0495
LUAD,ceranib-2,59,-0.1176755943374349,-0.2077770493967298,-0.0262,0.1836,0.703
LUAD,Sinularin,43,0.182633645424343,0.1216633854032641,-0.0127,0.2015,0.1782
LUAD,FQI-1,40,-0.1060037523452157,-0.2071190920836361,-0.0673,0.2146,0.5446
LUAD,ML050,60,-0.2618966907565802,-0.3478694241127894,-0.0287,0.1823,0.901
LUAD,compound 1B,57,0.0382233313397886,-0.0292868605091925,-0.0299,0.1907,0.396
LUAD,PAC-1,56,0.0374852612026911,-0.0521212872954751,0.0061,0.1713,0.4851
LUAD,parbendazole,60,0.0739094192831342,0.0394300667913426,-0.0158,0.1756,0.3267
LUAD,CD-1530,57,-0.0621208192896033,-0.1094549528773497,-0.0732,0.1461,0.4356
LUAD,bendamustine,55,0.0464502164502164,-0.0287393301338588,-0.0561,0.1757,0.2574
LUAD,AZ-3146,59,-0.0846885547804426,-0.1324503089537211,-0.0258,0.1681,0.6337
LUAD,OF-1,50,-0.231001200480192,-0.3381007706446505,-0.0521,0.1953,0.8119
LUAD,LJI308,56,-0.357634996582365,-0.4084537777242461,-0.0381,0.2038,0.9406
LUAD,ML320,56,0.3486495930250334,0.2761310705284121,-0.0117,0.172,0.0198
LUAD,NSC19630,64,0.0223809523809523,-0.017275778304089,-0.0549,0.1681,0.3069
LUAD,KW-2449,59,0.1491525423728814,0.0997108979768802,-0.0303,0.1767,0.1782
LUAD,PLX-4720,69,0.1994154183412495,0.1707359741811813,-0.0609,0.1716,0.0792
LUAD,LE-135,59,-0.0569499846639498,-0.1427018435135682,-0.0474,0.1735,0.5248
LUAD,vorapaxar,60,0.2786107252014448,0.2620857633335004,-0.0407,0.1835,0.0297
LUAD,dasatinib,69,0.5169601753744977,0.465616512867111,-0.0164,0.1681,0.0099
LUAD,docetaxel,61,0.1734849286092014,0.0986923112290828,-0.0427,0.1915,0.1782
LUAD,trifluoperazine,59,-0.3026403074593583,-0.3596531912503508,-0.0441,0.1656,0.9505
LUAD,SKI-II,59,-0.0718197492927734,-0.1522568692188105,-0.0421,0.1642,0.5644
LUAD,SNX-2112,60,0.2266740761322589,0.1813128027147919,-0.0206,0.1894,0.1188
LUAD,GSK461364,57,0.3678506611355976,0.3152310143249543,-0.0187,0.1791,0.0099
LUAD,Compound 23 citrate,59,0.1917358270017533,0.1079213602173349,-0.0377,0.1704,0.1188
LUAD,JW-55,21,0.2384415584415584,0.0865553287271451,-0.1288,0.2821,0.0792
LUAD,alisertib,69,0.0955425648520277,-0.0034944520393291,0.0028,0.1501,0.2673
LUAD,CHM-1,60,0.0370385807007222,-0.013341235599835,-0.045,0.1775,0.3267
LUAD,3-Cl-AHPC,61,-0.1024431517715494,-0.2196893116603671,-0.0339,0.1821,0.6337
LUAD,Obatoclax Mesylate,49,0.1361020408163265,0.089878998943252,-0.0562,0.1956,0.1881
LUAD,momelotinib,56,0.144483937115516,0.0710213634464116,-0.0678,0.167,0.099
LUAD,BMS-536924,69,0.4871392035074899,0.4602787111453931,-0.0311,0.1702,0.0099
LUAD,VER-155008,61,0.2120571126388153,0.1605667714229404,-0.0617,0.1513,0.0495
LUAD,nakiterpiosin,60,-0.2494026118366213,-0.3653792695766926,-0.0038,0.1588,0.9406
LUAD,pifithrin-mu,61,0.4271715276883994,0.4006375603290592,-0.0448,0.1743,0.0099
LUAD,123138,43,-0.2037450921171851,-0.2753661740347846,-0.0717,0.2069,0.7129
LUAD,123829,43,-0.0276955602536997,-0.063297859721102,-0.0308,0.2115,0.5149
LUAD,150412,43,0.3160978556327393,0.2764779572144666,-0.0439,0.2122,0.0594
LUAD,50869,43,0.3770160072485654,0.3167156293497867,-0.0748,0.2116,0.0198
LUAD,615590,43,0.1551192993053458,0.1214188724994279,-0.0312,0.2089,0.2178
LUAD,630600,43,-0.2173361522198731,-0.3798380748332958,-0.0467,0.1977,0.7723
LUAD,667880,43,-0.3088492902446391,-0.3332041124466194,-0.0058,0.1833,0.9703
LUAD,720427,43,-0.1378133494412564,-0.2081303971364184,-0.0173,0.2167,0.7129
LUAD,729189,43,0.0517366354575656,-0.0508758215958516,-0.0484,0.202,0.3564
LUAD,741909,43,0.2513685960941266,0.1768921371555175,-0.047,0.2018,0.1089
LUAD,743380,43,0.1508607671398369,0.1040124317844227,-0.0195,0.2264,0.2376
LUAD,765771,43,0.073784355179704,-0.0082111123170629,-0.0863,0.2,0.2475
LUAD,776928,43,-0.1403201449713078,-0.18925854740415,-0.0463,0.2244,0.6436
LUAD,BDF00022089a,43,-0.0230141951072183,-0.170821125201705,-0.0485,0.2061,0.4653
LUAD,BDILV000379a,43,-0.4016007248565388,-0.4686065890709332,-0.031,0.2096,0.9505
LUAD,BDOCA000347a,43,-0.0553911205073995,-0.1183336063014177,-0.0129,0.1988,0.5743
LUAD,BDP-00009066,46,0.0355843354918285,-0.0061309988159867,-0.0301,0.1802,0.3663
LUAD,BPD-00008900,46,0.1514030218933086,0.0730266154067034,-0.0457,0.1731,0.1386
LUAD,CDK9_5038,43,0.1547870733917245,0.0808754679820947,-0.0729,0.2113,0.1782
LUAD,CDK9_5576,43,0.2161582603443068,0.1625109196736861,-0.083,0.2102,0.0891
LUAD,CT7033-2,46,0.3142892383595436,0.1976790316890623,-0.0271,0.1899,0.0198
LUAD,Eg5_9814,43,-0.0691331923890063,-0.1341285038211352,-0.0644,0.1935,0.5941
LUAD,ERK_2440,43,0.30024161884627,0.2585761353480422,-0.0832,0.2056,0.0594
LUAD,ERK_6604,43,0.4414678344910903,0.4027572974982303,-0.0598,0.1971,0.0198
LUAD,GSK2256098C,43,-0.1067351253397765,-0.1646963226666766,-0.0171,0.2101,0.6238
LUAD,GSK2276186C,43,-0.0628511023859861,-0.1419655820618685,-0.0421,0.1934,0.495
LUAD,GSK2830371A,43,-0.0656297191180912,-0.1683811588807526,-0.0136,0.191,0.6139
LUAD,GSK3337463A,43,0.048172757475083,-0.0424035319315479,-0.0319,0.2044,0.3762
LUAD,GSK626616AC,43,-0.3627302929628511,-0.4182254247198512,-0.0338,0.1918,0.9604
LUAD,IAP_5620,43,-0.0794623980670492,-0.1829173321013847,-0.0289,0.2066,0.6436
LUAD,IGF1R_3801,43,0.3017517366354575,0.2391443939184457,-0.0408,0.1994,0.0396
LUAD,IRAK4_4710,43,-0.1902820252800237,-0.2737836668886575,-0.0267,0.1997,0.7921
LUAD,JAK1_8709,43,0.0130172153427967,-0.0396444394654244,-0.0328,0.2148,0.4059
LUAD,JAK_8517,43,0.1292660827544548,0.0720837896750309,-0.0353,0.2141,0.2376
LUAD,LMB_AB1,43,-0.227061310782241,-0.3442797164765154,-0.0005,0.1858,0.9208
LUAD,LMB_AB2,43,-0.028148595590456,-0.1292266506824186,-0.0203,0.1962,0.5446
LUAD,LMB_AB3,43,0.042102083962549,-0.0715120715742408,-0.0035,0.1929,0.4554
LUAD,N25720-51-A1,46,0.1074190564292321,-0.0188898860924484,-0.0355,0.1984,0.2574
LUAD,N27922-53-1,46,0.0648165279062596,-0.0139107932893535,-0.0137,0.1905,0.3366
LUAD,N29087-69-1,46,-0.1440764724020968,-0.2947650414506166,-0.0434,0.1826,0.6733
LUAD,N30652-18-1,46,0.0677027443724946,-0.0759029693213741,-0.0421,0.2026,0.3366
LUAD,PAK_5339,42,0.1096345514950166,0.0630077991277835,-0.0468,0.2,0.2277
LUAD,PBD-288,46,0.2967252543940796,0.2517636153213241,-0.038,0.195,0.0594
LUAD,TAF1_5496,43,0.1636061612805798,0.1371961425898643,-0.0639,0.1907,0.1881
LUAD,THR-101,45,-0.1515151515151515,-0.2177963620315593,-0.0099,0.2135,0.7327
LUAD,THR-102,45,-0.2893017127799736,-0.3721035311519741,0.0211,0.2029,0.9604
LUAD,THR-103,45,0.0114097496706192,-0.0710417703449183,-0.0161,0.1982,0.4356
LUAD,ULK1_4989,43,0.0581395348837209,0.0142194943647084,-0.0415,0.1912,0.297
LUAD,VSP34_8731,43,-0.041498036846874,-0.1902336580492593,-0.0344,0.2055,0.5149
LUAD,VTP-A,46,0.1529495205636381,0.0565994686996827,-0.0328,0.1833,0.1683
LUAD,VTP-B,46,0.239050262102991,0.1769913567833328,-0.0347,0.1892,0.0495
OV,GSK525762A,35,-0.06890756302521,-0.1680830582560725,-0.0659,0.2053,0.5347
OV,erlotinib,38,0.2923514607725134,0.224763782410101,-0.0626,0.2163,0.0495
OV,BMS-270394,34,-0.0831843535165133,-0.2121447381147782,-0.0645,0.2032,0.5149
OV,KU 0060648,35,0.025266106442577,-0.0708010929008839,-0.0597,0.235,0.4059
OV,Merck60,35,0.0155742296918767,-0.1150891612705238,-0.0656,0.2324,0.4455
OV,pyrazolanthrone,35,-0.2192870654582713,-0.3761690950933474,-0.0312,0.2376,0.7624
OV,Afuresertib,25,0.1629230769230769,0.0943912054277581,-0.0857,0.24,0.1683
OV,BRD-K97651142,34,0.2886783804430863,0.260474286840625,-0.0951,0.2041,0.0297
OV,Palbociclib,25,-0.0252307692307692,-0.1924075376403122,-0.091,0.2489,0.3861
OV,Compound 7d-cis,31,0.4424193548387097,0.3876177921354999,-0.0648,0.2536,0.0396
OV,BRD-K88742110,36,0.1834234234234234,0.0471150635310671,-0.0574,0.2053,0.1386
OV,BRD-K14844214,32,0.0166422287390029,-0.0185253463794433,-0.0849,0.218,0.3267
OV,bosutinib,35,0.1047412286341947,-0.0101777969614524,-0.0936,0.2168,0.1881
OV,avrainvillamide,27,-0.0245421245421245,-0.084094613497292,-0.0341,0.2386,0.505
OV,doxorubicin,38,0.3684648210964,0.2843621464472659,-0.051,0.2214,0.0198
OV,BRD-K80183349,35,-0.1383193277310924,-0.2570598943812342,-0.0704,0.2035,0.6832
OV,CHIR-99021,36,-0.155984555984556,-0.268105617088855,-0.0205,0.2215,0.7525
OV,PYR-41,33,0.0982450289504176,-0.0103977639590602,-0.0793,0.2454,0.2574
OV,palmostatin B,27,-0.1997556878513981,-0.32716232772505,-0.111,0.2475,0.6436
OV,UNC0321,35,-0.0691413369999311,-0.1632360629638331,-0.066,0.2184,0.495
OV,SCH-79797,35,0.2354226492221911,0.1725861747232272,-0.0701,0.224,0.0891
OV,spautin-1,35,0.4199439775910364,0.3060093258499672,-0.0101,0.224,0.0099
OV,Uprosertib,25,-0.019076923076923,-0.1863094307177352,-0.0742,0.2636,0.396
OV,tanespimycin,38,0.1440201334938177,0.0914657456295489,-0.0232,0.2206,0.2574
OV,BRD-K02492147,32,-0.2925466678572136,-0.4154584915847319,-0.0507,0.2552,0.8218
OV,lapatinib,38,0.216807090491301,0.1510623983687081,-0.0485,0.2619,0.1782
OV,SGX-523,35,-0.1900280112044818,-0.3424375354083541,-0.0434,0.2276,0.703
OV,nutlin-3,38,0.1987744829850093,0.1594535609142163,-0.0259,0.2369,0.2178
OV,Repligen 136,34,-0.0565054627670952,-0.1837206488627147,-0.06,0.2235,0.495
OV,Taselisib,25,0.0567692307692307,-0.0062793537842798,-0.0431,0.2709,0.4257
OV,BRD-K94991378,34,0.4027807486631015,0.317299372700727,-0.064,0.2126,0.0396
OV,dabrafenib,30,0.1653837597330367,0.0649337606572513,-0.0779,0.2163,0.1386
OV,PRIMA-1-Met,30,-0.2223359288097886,-0.3551031841998352,-0.0638,0.2625,0.7228
OV,StemRegenin 1,35,-0.2216401714238429,-0.2814793515408274,-0.0492,0.2205,0.8317
OV,HBX-41108,27,0.3335775335775335,0.2663102978729014,-0.1078,0.2274,0.0594
OV,PF-750,33,0.2566176470588235,0.1332530844927433,-0.0607,0.2265,0.099
OV,erastin,35,-0.1307002801120448,-0.2225935348024367,-0.0606,0.2544,0.5842
OV,MK-1775,37,-0.2510194404931246,-0.3547840661639386,-0.0651,0.2252,0.7921
OV,sildenafil,35,0.2122689075630252,0.0647434057437009,-0.0413,0.2246,0.1485
OV,GMX-1778,35,0.2382072829131652,0.1406215224856516,-0.0102,0.2071,0.1485
OV,PX-12,35,0.0989355742296918,0.0363513363112481,-0.033,0.2363,0.3069
OV,temozolomide,38,0.1912443955194844,0.1454932848282761,-0.0226,0.2047,0.1683
OV,Vismodegib,24,0.2066086956521739,0.1404137042311838,-0.0808,0.2395,0.1089
OV,BRD-K66453893,34,0.174331550802139,0.0500474867753296,-0.0349,0.2047,0.198
OV,GDC0810,25,0.1098461538461538,0.000768600891479,-0.0979,0.2749,0.2673
OV,FQI-2,35,0.110736046213151,0.0220090623861668,-0.0329,0.2471,0.2871
OV,temsirolimus,32,-0.0516862170087976,-0.0926254285312968,-0.0475,0.2277,0.5347
OV,AGI-6780,20,0.1627067669172932,-0.0167862760269221,-0.1143,0.2978,0.1881
OV,Serdemetan,24,-0.2436521739130434,-0.3409753596560913,-0.0883,0.2729,0.6832
OV,pitstop2,26,-0.282059978762529,-0.3926694482653375,-0.0705,0.2505,0.7327
OV,tigecycline,20,0.2568421052631578,0.1931393885088179,-0.116,0.2959,0.099
OV,cyclophosphamide,33,0.4818181818181818,0.3817306713511201,-0.0482,0.2483,0.0297
OV,TGX-221,34,-0.2562261268143621,-0.3787660445291844,-0.0045,0.2124,0.8614
OV,procarbazine,35,0.0912123559631982,-0.0706135747461827,-0.0762,0.2566,0.2574
OV,fluvastatin,35,-0.1907563025210084,-0.3120845430316398,-0.0556,0.2242,0.7327
OV,BRD-K41597374,35,-0.0341736694677871,-0.1044063469680109,-0.0853,0.2203,0.4356
OV,pazopanib,34,-0.2725953098336882,-0.4849382799147579,-0.0331,0.2276,0.802
OV,BRD-K28456706,35,0.3128607575876468,0.230467240194394,-0.0458,0.2192,0.0792
OV,quizartinib,35,-0.0156313467712973,-0.2568929901123252,-0.0609,0.2155,0.396
OV,Buparlisib,25,0.0924615384615384,0.0107571340840842,-0.0406,0.2539,0.3465
OV,16-beta-bromoandrosterone,34,-0.4305294534682735,-0.544964275867718,-0.0285,0.2511,0.9406
OV,KH-CB19,27,-0.3930208257400229,-0.5214254250024368,-0.1063,0.2709,0.8614
OV,foretinib,38,0.0780172885436043,-0.0706631370117876,-0.0498,0.1939,0.2673
OV,ML029,35,-0.0779661024598089,-0.1284976473837246,-0.0482,0.2248,0.5446
OV,selumetinib,38,0.0395885764306816,-0.0514592911578982,-0.0478,0.199,0.3465
OV,GSK-3 inhibitor IX,34,-0.44183346065699,-0.5040039448073335,-0.0661,0.2014,0.9505
OV,NSC23766,35,0.5646498599439777,0.5317675727131104,-0.0757,0.2276,0.0198
OV,GDC-0879,35,0.3384701729946958,0.2948919526833896,-0.0481,0.2227,0.0297
OV,triptolide,34,-0.1598472116119174,-0.2794099381081657,-0.1301,0.2149,0.5347
OV,Sapitinib,25,0.3352307692307693,0.2403378562326001,-0.1076,0.2561,0.0891
OV,KHS101,32,0.0563468062122729,-0.104061384197381,-0.0755,0.2535,0.2871
OV,SB-525334,34,0.1891825821237585,0.1264889493006644,-0.0606,0.2318,0.1683
OV,JQ-1,38,-0.0530254951307582,-0.149408714597857,-0.0653,0.2082,0.4851
OV,Wee1 Inhibitor,25,-0.4472307692307692,-0.5204316762643064,-0.0556,0.2627,0.9307
OV,ETP-46464,27,0.0293040293040293,-0.154095998410872,-0.0609,0.2448,0.3465
OV,Oxaliplatin,25,0.1289230769230769,-0.0198156406859448,-0.0693,0.2748,0.2673
OV,AZD7545,35,0.2030114158630675,0.1460866052327525,-0.0434,0.2423,0.198
OV,AZD6738,25,-0.314,-0.5188367437452706,-0.0819,0.2656,0.802
OV,VE821,25,-0.0913846153846153,-0.2608209256405227,-0.0779,0.2697,0.5248
OV,Osimertinib,25,0.0698461538461538,-0.0228253039557187,-0.0937,0.2522,0.2772
OV,NPC-26,34,-0.1230722290844447,-0.3309039738800698,-0.0729,0.2206,0.6139
OV,PD173074,25,0.2349230769230769,0.1504672729423231,-0.0986,0.2494,0.1188
OV,triazolothiadiazine,35,0.1264425770308123,0.0419308918690933,-0.018,0.2083,0.2673
OV,CAY10594,33,0.0316844919786096,-0.0918326846355277,-0.0514,0.238,0.396
OV,methotrexate,37,0.1744902797534376,0.0583499209781223,-0.0592,0.22,0.1782
OV,Compound 1541A,34,-0.0094452090611521,-0.1102567471903994,-0.0489,0.232,0.4356
OV,dacarbazine,35,-0.1688633661960219,-0.2373025557212157,-0.0653,0.2076,0.6931
OV,olaparib,38,0.0904913010176168,-0.0446980466794523,-0.0237,0.2101,0.297
OV,OSI-930,32,-0.239794703600831,-0.4174945522226267,-0.05,0.248,0.7822
OV,SB-431542,35,-0.1851540616246498,-0.272256675589313,-0.0653,0.2295,0.7228
OV,SN-38,37,0.0977240398293029,-0.0451789143187502,-0.0104,0.2282,0.3861
OV,regorafenib,35,0.1259471954905963,0.033815016025109,-0.0891,0.255,0.2376
OV,necrosulfonamide,25,0.4957876606426351,0.4442942039407503,-0.0928,0.2757,0.0396
OV,AGI-5198,25,-0.0823076923076923,-0.1615325835011511,-0.0776,0.2508,0.5446
OV,Ch-55,34,-0.1057376426036503,-0.280574821411977,-0.0312,0.236,0.6139
OV,LBH-589,35,0.3431372549019608,0.2964199121747082,-0.0551,0.203,0.0297
OV,SU11274,35,0.1817366946778711,0.1280802019859618,-0.0572,0.2167,0.1287
OV,BRD-K13999467,35,-0.24296918767507,-0.3737241290220761,-0.0442,0.2304,0.8119
OV,GW-405833,34,-0.2103284950343774,-0.304671244221136,-0.017,0.2174,0.8218
OV,BRD-K85133207,35,-0.1505147422978145,-0.2735143665894963,-0.0324,0.2479,0.6832
OV,EX-527,34,0.2689586683684181,0.1517951643655058,-0.0507,0.2322,0.1188
OV,tosedostat,34,0.1913827349121466,0.0923461071102445,-0.0723,0.2286,0.1584
OV,BRD-K64610608,34,-0.2010392880103495,-0.3030198596270226,-0.0068,0.2249,0.7624
OV,purmorphamine,34,-0.2077469637050911,-0.3311156996396048,-0.0636,0.2255,0.703
OV,Vinorelbine,25,0.1443076923076923,0.0614112098589968,-0.0862,0.2569,0.2277
OV,cytochalasin B,35,0.1591596638655462,0.0581113559219961,-0.0784,0.1979,0.1188
OV,BRD-K04800985,34,-0.1581480637207776,-0.3126859944042379,-0.044,0.1893,0.7129
OV,B02,34,-0.2348357524828113,-0.2973068144100126,-0.0532,0.2296,0.7723
OV,fluorouracil,38,0.054732465258781,-0.0440254384471711,-0.0725,0.2313,0.3069
OV,ML203,35,0.2643697478991597,0.1928606236692033,-0.0541,0.2283,0.0891
OV,MK-8776,25,-0.382923076923077,-0.5350591671680598,-0.0939,0.2599,0.8812
OV,OTX015,20,-0.4908270676691729,-0.6787610408686678,-0.0697,0.2703,0.9307
OV,IC-87114,34,0.050637940402962,0.0113358323674249,-0.0332,0.2264,0.3762
OV,Lenalidomide,24,0.3506086956521739,0.2638786564032001,-0.0566,0.2391,0.0594
OV,tubastatin A,20,-0.0396992481203007,-0.260379411513469,-0.0933,0.3019,0.4356
OV,PLX-4032,34,-0.2172564163197091,-0.2713514676928947,-0.0592,0.2355,0.7129
OV,hyperforin,35,-0.4859943977591037,-0.5492129983828222,-0.0742,0.2186,0.9703
OV,Ipatasertib,25,0.0396923076923076,-0.1353965394344173,-0.0524,0.2634,0.3663
OV,cerulenin,34,0.364522536287242,0.2585696181063008,-0.0722,0.2534,0.0594
OV,SRT-1720,34,-0.4126814362108478,-0.5374481580539126,-0.0406,0.211,0.9703
OV,bortezomib,38,-0.0903162271583324,-0.1642385170127473,-0.0673,0.2135,0.5347
OV,GW441756,25,0.0475384615384615,-0.0891739026539439,-0.0643,0.2473,0.297
OV,LY-2183240,34,0.3266921313980137,0.2854334280950237,-0.0684,0.2242,0.0297
OV,SCH772984,25,-0.2069230769230769,-0.324656374159273,-0.0882,0.2531,0.6535
OV,BRD8958,35,0.1310161498991975,-0.0547982891603137,-0.0805,0.2516,0.2277
OV,PF-573228,35,0.2185434173669468,0.151952431026861,-0.0744,0.2298,0.1089
OV,ruxolitinib,36,-0.0946718146718147,-0.2165882692660151,0.0054,0.2422,0.6238
OV,ZSTK474,35,0.1084033613445378,0.0712980020368818,-0.0641,0.2152,0.2079
OV,nilotinib,38,-0.3234270707954918,-0.4850124040583503,-0.0457,0.2196,0.8614
OV,XL765,35,-0.1399537786189989,-0.2294252868713774,-0.0574,0.2166,0.6535
OV,importazole,34,0.1422568573179168,0.0409326741634702,-0.0524,0.2474,0.2376
OV,staurosporine,30,0.0575305895439377,-0.0247742760801914,-0.0841,0.2435,0.3069
OV,YK 4-279,37,-0.2043622569938359,-0.2875609211949197,-0.0476,0.2484,0.7228
OV,Rucaparib,23,0.525691699604743,0.4773308649430826,-0.1035,0.2759,0.0198
OV,ML083,35,-0.1783598295570788,-0.2388728157277656,-0.0435,0.2297,0.703
OV,ifosfamide,20,-0.206190147318486,-0.2909637672410111,-0.1522,0.2617,0.5248
OV,ABT-737,38,0.3505635189845716,0.2725518850109831,-0.0438,0.2043,0.0396
OV,RG-108,35,0.1847748446298873,0.072523640715756,-0.0697,0.2022,0.1188
OV,IPR-456,35,-0.0964145658263305,-0.1935551108639001,-0.0172,0.2236,0.5941
OV,salermide,26,-0.2785495007155451,-0.3442526969779258,-0.0863,0.2478,0.802
OV,BRD1812,33,0.1592914438502673,0.0679530573453389,-0.0282,0.1968,0.2079
OV,BRD-K66532283,34,0.0731245225362872,0.022776444133755,-0.089,0.2214,0.2574
OV,KX2-391,35,0.2517086834733893,0.1535614507432722,-0.0194,0.2139,0.1485
OV,PHA-793887,35,0.26296918767507,0.1321240500417157,-0.0428,0.2192,0.099
OV,BRD-K17060750,35,-0.0828089110033348,-0.1948812251693156,-0.0517,0.229,0.5842
OV,Talazoparib,25,0.2206153846153846,0.146594908702041,-0.0526,0.2629,0.1683
OV,NSC 74859,34,0.0484339190221543,-0.0094514028837502,-0.0602,0.2244,0.3861
OV,AC55649,34,0.2279471318441121,0.1442962128123763,-0.0617,0.2242,0.1485
OV,PRL-3 inhibitor I,35,-0.2415137243327954,-0.2986701051691267,-0.0499,0.2159,0.8317
OV,omacetaxine mepesuccinate,27,0.2755799755799756,0.2090145604681792,-0.0952,0.2485,0.0891
OV,isonicotinohydroxamic acid,25,0.1355384615384615,0.0236473748493361,-0.0745,0.2741,0.2475
OV,AZD7762,38,-0.1240617135353977,-0.2558107453900614,-0.0795,0.1892,0.6139
OV,NVP-BSK805,34,-0.0901757066462948,-0.1815059478343857,-0.0686,0.2105,0.5446
OV,BRD-K52037352,32,-0.1922096974436871,-0.2489216068275723,-0.0725,0.2147,0.703
OV,BRD-K16147474,33,-0.152987382501216,-0.254848733863219,-0.0419,0.214,0.7129
OV,CCT036477,35,-0.1258823529411764,-0.2460443719776249,-0.0609,0.2208,0.5941
OV,CAL-101,35,-0.0072268907563025,-0.0302944707930224,-0.0874,0.2108,0.3465
OV,LY2109761,20,-0.0893233082706767,-0.2391922829935576,-0.1297,0.2603,0.3861
OV,AT13148,25,-0.0666153846153846,-0.0938650201484773,-0.1041,0.2635,0.4554
OV,myricetin,35,0.0908683473389355,-0.0803666877205811,-0.0684,0.2277,0.2673
OV,PFI3,20,0.5028571428571428,0.3403114445310372,-0.0442,0.2565,0.0099
OV,WAY-362450,34,-0.0388379318396837,-0.1432964570619282,-0.0392,0.2211,0.5149
OV,entinostat,36,-0.0845302445302445,-0.1732270435827591,-0.0145,0.241,0.6337
OV,BRD-M00053801,27,-0.0382465362796745,-0.1739897030628377,-0.0365,0.261,0.5347
OV,SGC0946,25,0.3212307692307691,0.252046582098792,-0.0673,0.2794,0.0891
OV,BRD-A94377914,20,-0.2769924812030074,-0.415808214702622,-0.0979,0.2609,0.7822
OV,AZD6482,35,0.0667787114845938,-0.0231703394964767,-0.0818,0.2366,0.297
OV,WZ4002,27,-0.057020757020757,-0.1741767503515365,-0.0741,0.2562,0.505
OV,BRD-A71883111,35,0.042642012568497,-0.0088532358863701,-0.0831,0.2293,0.3465
OV,LRRK2-IN-1,27,0.0365079365079365,-0.1193691670544685,-0.0849,0.2358,0.3366
OV,VU0155056,34,-0.4184582486045619,-0.4961806726514069,0.0149,0.2085,0.9901
OV,nelarabine,35,-0.1460046225304688,-0.2383026376740762,-0.0539,0.2203,0.6733
OV,NU7441,23,-0.0719367588932806,-0.1696220085736918,-0.0964,0.2881,0.5149
OV,serdemetan,34,0.1827654698242933,0.1146903346983176,-0.0961,0.2113,0.1188
OV,chlorambucil,35,0.1957422969187675,0.1302252771683973,-0.0489,0.2289,0.1782
OV,SB216763,25,-0.0096923076923077,-0.1327689533073795,-0.0579,0.2434,0.4356
OV,AZD5363,25,-0.1507692307692308,-0.3063123739689543,-0.0584,0.2421,0.6634
OV,PIK-93,33,-0.1466365844511328,-0.2759335139547788,-0.0889,0.2356,0.5743
OV,darinaparsin,20,0.0894579327755111,-0.1676828917463572,-0.0955,0.2528,0.2376
OV,WEHI-539,25,0.5558461538461539,0.5024994063812076,-0.0966,0.283,0.0099
OV,navitoclax,38,0.0631360105044315,-0.0540229289974723,-0.0158,0.2085,0.3861
OV,veliparib,38,-0.0808010068507116,-0.1950748720388649,-0.0216,0.1969,0.6139
OV,NVP-BEZ235,33,0.041711229946524,-0.0872503240619456,-0.0853,0.2337,0.3564
OV,TG-101348,35,0.132156862745098,0.0568115672295551,-0.0772,0.1979,0.1683
OV,BRD6340,34,-0.1859882349380971,-0.3197068267619497,-0.0469,0.238,0.6931
OV,ML031,33,0.1503342245989304,0.0335709954981103,-0.0432,0.2439,0.2079
OV,OSI-027,38,-0.0838384943648101,-0.192958529379582,-0.0195,0.2361,0.5842
OV,GW-843682X,34,-0.1270282658517952,-0.2043238122040107,-0.0745,0.2179,0.5941
OV,lomeguatrib,34,-0.125855747190727,-0.2863261192637,-0.0115,0.2207,0.703
OV,PF-184,35,0.0254341736694677,-0.1287839976080189,-0.0419,0.2362,0.4059
OV,IU1,34,0.0429946524064171,-0.136784824750031,-0.053,0.2459,0.3861
OV,neratinib,35,-0.3857703081232493,-0.4428407313091201,-0.0748,0.2266,0.901
OV,apicidin,35,0.1121008403361344,-0.0234890417799615,-0.0685,0.1851,0.1386
OV,VE-822,20,0.1636090225563909,0.0075253401924839,-0.1135,0.2914,0.1782
OV,BRD8899,35,-0.0145107986235795,-0.0720870117749809,-0.0801,0.2104,0.3762
OV,pandacostat,35,0.2015126050420168,0.1295301670967164,-0.0234,0.2357,0.2079
OV,Wnt-C59,20,0.3762406015037593,0.2135031547832919,-0.1165,0.2866,0.0693
OV,WZ8040,30,-0.0643008125015729,-0.2269133756559391,-0.0411,0.2258,0.5644
OV,fingolimod,35,0.0766386554621848,0.0154911791756761,-0.084,0.2429,0.2673
OV,XAV939,20,-0.2258646616541352,-0.4289710680010768,-0.1015,0.288,0.6634
OV,CR-1-31B,34,-0.0841864018334606,-0.1776788552499524,-0.0427,0.2469,0.5545
OV,BRD-K71781559,34,0.0238673696166043,-0.0298273008751115,-0.0372,0.2312,0.4455
OV,daporinad,37,0.1136083451872925,0.0179760437369417,-0.068,0.2125,0.1782
OV,CCT007093,23,0.425691699604743,0.3216579966149052,-0.0855,0.2895,0.0396
OV,JNK Inhibitor VIII,25,0.4104615384615384,0.3497376515031323,-0.0794,0.2267,0.0297
OV,brefeldin A,35,0.213781512605042,0.1241566217909329,-0.0441,0.2231,0.1782
OV,JW-74,27,0.0163614163614163,-0.0972516840778541,-0.0248,0.24,0.4554
OV,Ulixertinib,25,-0.1886153846153846,-0.3109276141974074,-0.0478,0.2535,0.703
OV,crizotinib,37,-0.1072072072072072,-0.2617019217781314,-0.027,0.191,0.6931
OV,parthenolide,35,0.1768865694865899,0.1008242182356951,-0.0222,0.1996,0.1782
OV,imatinib,35,0.2984451633145327,0.1766675941172014,-0.0585,0.2204,0.0594
OV,Bax channel blocker,32,-0.0702346041055718,-0.1365547961099184,-0.0814,0.2629,0.4653
OV,AZD8055,37,0.3268847795163584,0.2669597999905132,-0.0781,0.1813,0.0198
OV,GANT-61,35,-0.3454901960784314,-0.5081443873673981,-0.0372,0.231,0.8812
OV,AMG-319,25,-0.1481538461538461,-0.2392084762737482,-0.1121,0.2657,0.5545
OV,R428,26,-0.1485811965811965,-0.2211368185321474,-0.0807,0.2738,0.5941
OV,RITA,34,0.2389915966386554,0.1770569719653676,-0.093,0.2238,0.099
OV,BRD-K37390332,35,0.1438476087286948,0.0505045494341378,-0.0898,0.1987,0.1584
OV,CD-437,34,0.4336440030557676,0.355906010487297,-0.0575,0.2506,0.0198
OV,CAY10576,32,-0.0763929618768328,-0.1424616575858872,-0.0497,0.2319,0.5644
OV,Ki8751,35,-0.2837453610151801,-0.4230215271099654,-0.0286,0.2243,0.8317
OV,GDC-0941,38,-0.0278586278586278,-0.1056892577617457,-0.0748,0.2447,0.4158
OV,WP1130,35,0.2618487394957983,0.2169600825061308,-0.0664,0.2488,0.1188
OV,trametinib,30,-0.1114571746384871,-0.1822446197189292,-0.0887,0.2471,0.5545
OV,AZD8186,25,-0.0781538461538461,-0.2130940764817463,-0.0374,0.2608,0.5743
OV,ML334 diastereomer,27,-0.3185467904614314,-0.4154286138010681,-0.0811,0.2299,0.8416
OV,valdecoxib,35,0.2411093219723226,0.16263441262234,-0.0412,0.2356,0.1287
OV,HLI 373,35,-0.0319887955182072,-0.1340920371755593,-0.0763,0.2183,0.4554
OV,NSC48300,35,-0.0722689075630252,-0.1356712835762433,-0.0237,0.2176,0.5842
OV,ouabain,33,0.2220588235294117,0.0452353813985436,-0.0592,0.231,0.1485
OV,ABT-199,31,0.0329032258064516,-0.0594721305783637,-0.0791,0.2268,0.3069
OV,BMS-754807,38,-0.12056023634971,-0.1709501497149941,-0.0634,0.2177,0.6139
OV,elocalcitol,35,0.1699719887955182,0.0214683855760484,-0.0487,0.2148,0.1386
OV,EHT-1864,23,0.0984189723320158,-0.0268978590909979,-0.0819,0.2796,0.2772
OV,NVP-ADW742,38,0.3380895065105592,0.2731266990602734,-0.0605,0.2105,0.0396
OV,PD 153035,26,-0.1366837606837606,-0.2624512169799688,-0.0504,0.2635,0.5941
OV,AT-406,25,0.1029230769230769,0.067801935563289,-0.0507,0.2343,0.2376
OV,EPZ5676,25,0.0529230769230769,-0.0434766045809759,-0.0805,0.229,0.2871
OV,narciclasine,32,0.1870967741935483,0.0973979307854511,-0.0636,0.2213,0.1683
OV,AT7867,35,-0.1969747899159664,-0.2786698299697933,-0.0784,0.2262,0.7228
OV,NSC95397,34,0.576348357524828,0.5603325936069965,-0.0499,0.1982,0.0198
OV,COL-3,27,0.0879120879120879,-0.0202558078169476,-0.0461,0.2212,0.2475
OV,BMS-345541,20,-0.1807518796992481,-0.233881414604274,-0.0522,0.2586,0.703
OV,MST-312,38,0.3998468025900598,0.3540486603085594,-0.0483,0.2158,0.0099
OV,BRD9876,35,-0.1364938228864171,-0.2246652534751533,-0.0689,0.222,0.6535
OV,sorafenib,38,-0.0589342378816063,-0.1541866020233577,-0.0249,0.2094,0.5545
OV,SB590885,23,0.2634387351778656,0.1608113452415106,-0.0533,0.2805,0.1584
OV,MI-1,33,0.0165775401069518,-0.0640022790965025,-0.0521,0.2211,0.396
OV,oligomycin A,35,0.4759663865546219,0.412866523799315,-0.0171,0.2212,0.0198
OV,KRAS (G12C) Inhibitor-12,20,-0.2093233082706766,-0.4296504827696809,-0.1082,0.286,0.6238
OV,GSK1904529A,25,-0.0307692307692307,-0.1806485583244422,-0.0053,0.2542,0.5644
OV,pevonedistat,38,0.1571944414049677,0.0989378797513547,-0.0249,0.2203,0.2079
OV,linifanib,35,0.2304761904761904,0.1796219175185824,-0.058,0.2349,0.1584
OV,SB-225002,35,0.0143977591036414,-0.0727696467740333,-0.0386,0.2457,0.396
OV,BRD-A02303741,35,0.4029993981815924,0.2780762297096658,-0.0779,0.2185,0.0396
OV,methylstat,27,0.3246642246642247,0.1999098604161814,-0.0468,0.2308,0.0693
OV,silmitasertib,33,-0.3795454545454546,-0.52493114785018,-0.0712,0.2219,0.9208
OV,L-685458,35,-0.1903013781911964,-0.3122405049985355,-0.0661,0.2346,0.7228
OV,NSC30930,35,-0.1507668607941257,-0.3145141090978397,-0.0427,0.2023,0.6634
OV,BIRB-796,35,-0.3120448179271709,-0.4329893640514855,-0.0524,0.2211,0.8614
OV,NVP-231,35,-0.0431122628692232,-0.1097309842666872,-0.0424,0.2455,0.4653
OV,MLN2238,33,0.0547459893048128,-0.0374350865727768,-0.0312,0.2188,0.3663
OV,AZD3759,25,-0.2423076923076923,-0.47743036204093,-0.0621,0.222,0.7822
OV,BRD-K61166597,35,-0.1319327731092437,-0.2552682897830819,-0.0639,0.2361,0.6238
OV,bexarotene,35,0.1747828592004066,0.1381054718960923,-0.0583,0.2324,0.1881
OV,pluripotin,34,-0.0199541634835752,-0.1126614439490104,-0.0831,0.2273,0.4158
OV,SCH-529074,30,-0.0932250534192354,-0.2034919223887639,-0.0965,0.2257,0.4851
OV,HC-067047,34,0.1256837280366692,0.0831409408652479,-0.055,0.2272,0.2277
OV,Luminespib,25,-0.0112307692307692,-0.1268055878881753,-0.0402,0.2637,0.4257
OV,RVX-208,20,-0.4093233082706766,-0.541118472096047,-0.0813,0.3006,0.8218
OV,ML311,35,0.3318207282913166,0.2496002806240254,-0.0496,0.2403,0.0396
OV,STF-31,35,0.287563025210084,0.2549083099799838,-0.068,0.2169,0.0693
OV,tamatinib,35,-0.397703081232493,-0.4865149407437658,-0.059,0.2071,0.9703
OV,tamoxifen,38,-0.5774592406171354,-0.7091835389092396,-0.0517,0.2277,1.0
OV,KPT185,27,0.0018315018315018,-0.1441229580563888,-0.0346,0.2105,0.4752
OV,azacitidine,36,0.1830233609556059,0.0880458672241367,-0.0332,0.2348,0.2178
OV,C6-ceramide,35,0.2203418410952225,0.0747103377803161,-0.0281,0.2095,0.1386
OV,PF-543,35,0.238095238095238,0.1945759529279853,-0.0599,0.235,0.1188
OV,teniposide,27,0.3507936507936507,0.2132739310646607,-0.1142,0.2193,0.0198
OV,ML239,35,-0.0455462184873949,-0.0843373192238726,-0.0531,0.2235,0.4653
OV,mitomycin,35,0.0028011204481792,-0.1103904266568259,-0.0646,0.2407,0.3861
OV,etomoxir,34,-0.1416348357524828,-0.2477365157932722,-0.0421,0.2227,0.6436
OV,BRD-K51490254,35,-0.1398319327731092,-0.2737288445790103,0.0011,0.2136,0.7426
OV,Ko-143,35,0.0119327731092436,-0.0968460932598749,-0.0294,0.2079,0.3861
OV,Mdivi-1,35,0.0968067226890756,0.0168462811046424,-0.0976,0.2006,0.2178
OV,cucurbitacin I,35,0.1927170868347339,0.1020987436503005,-0.0733,0.2392,0.1584
OV,sotrastaurin,27,0.1284078781561031,-0.0015035269001814,-0.0325,0.2353,0.2871
OV,BRD-K70511574,35,0.224593837535014,0.0787487240085001,-0.0838,0.2528,0.1386
OV,BRD-K92856060,35,0.2460504201680672,0.1550461183740248,-0.0805,0.2129,0.0693
OV,ZM447439,23,0.0986166007905138,0.045812298268324,-0.051,0.2746,0.3267
OV,vincristine,35,0.1435294117647059,0.0563505953232105,-0.0452,0.2422,0.2475
OV,pifithrin-alpha,34,-0.1548968678380443,-0.195768596552734,-0.0634,0.2244,0.6238
OV,BRD9647,35,0.0307002801120448,-0.0575831312561104,-0.0779,0.2093,0.3168
OV,canertinib,35,-0.0319887955182072,-0.1338480469255796,-0.0542,0.2141,0.5347
OV,cabozantinib,35,-0.069859943977591,-0.2403370831905453,-0.034,0.2158,0.5743
OV,cyanoquinoline 11,20,-0.0261654135338345,-0.1430076629410477,-0.0832,0.2892,0.4257
OV,BIX-01294,34,0.120488922841864,0.0760716956330238,-0.0837,0.1998,0.1287
OV,SID 26681509,33,0.1574197860962566,0.0967549723810993,-0.0802,0.1906,0.0891
OV,birinapant,35,0.0751820728291316,-0.0877169206016009,-0.0878,0.1991,0.2178
OV,YM-155,32,-0.0258064516129032,-0.1626122183638857,-0.0714,0.2484,0.3861
OV,saracatinib,35,0.2081232492997199,0.1476587649812499,-0.0688,0.2108,0.1089
OV,SNS-032,32,0.2423020527859237,0.1408132841536491,-0.045,0.2396,0.1188
OV,rigosertib,34,0.2237127578304048,0.1520941945510842,-0.0529,0.2265,0.1485
OV,BRD-K63431240,35,0.0653221288515406,-0.0077311966970093,-0.0228,0.2359,0.3663
OV,bleomycin A2,37,0.2105263157894736,0.1521983787358935,-0.0233,0.2324,0.1782
OV,SR1001,35,-0.2699908963830888,-0.3117216205985947,-0.0791,0.2036,0.8317
OV,Niraparib,20,-0.0108270676691729,-0.1154167108591363,-0.0618,0.2803,0.4356
OV,JW-480,35,-0.0189915966386554,-0.1326926693385322,-0.0288,0.2187,0.4752
OV,CIL70,20,0.4646616541353383,0.3782378962444792,-0.0834,0.2875,0.0495
OV,BIBR-1532,38,-0.224510340299814,-0.3392141770577135,-0.0074,0.1978,0.8713
OV,SB-743921,33,0.2279411764705882,0.1462234972062481,-0.034,0.2089,0.1485
OV,dinaciclib,26,0.1183589743589743,0.0029091788359095,-0.114,0.2674,0.2178
OV,linsitinib,38,0.3808075281759492,0.3017041702563877,-0.0478,0.2216,0.0198
OV,NSC632839,34,0.1506799083269671,0.0843416046907874,-0.0632,0.2158,0.1485
OV,semagacestat,34,-0.2447856986286819,-0.3560437014301657,-0.0746,0.2178,0.7822
OV,tipifarnib-P2,35,-0.032829131652661,-0.213685423903584,-0.1026,0.1977,0.3267
OV,AA-COCF3,33,0.1268716577540107,0.0282015718636576,-0.0406,0.2309,0.2178
OV,ciclosporin,35,-0.0684993661094596,-0.1914885927694467,-0.0442,0.2055,0.5842
OV,BRD4132,34,0.3802902979373567,0.3410916820448373,-0.0752,0.2217,0.0198
OV,TW-37,35,0.3556302521008404,0.2804663598148794,-0.0567,0.2243,0.0297
OV,A-804598,27,-0.3557319534652672,-0.4538168465580241,-0.0831,0.2666,0.8614
OV,ELCPK,20,-0.0108270676691729,-0.2373499242265991,-0.1006,0.3116,0.4059
OV,BMS-345541,32,-0.0335777126099706,-0.1275551310638951,-0.014,0.2333,0.5149
OV,BRD-K45681478,35,0.2154621848739496,0.1101975858057278,-0.0425,0.2162,0.099
OV,MN-64,20,0.1407518796992481,0.0685347371452093,-0.0889,0.2787,0.2376
OV,BRD-K02251932,33,-0.2678475935828877,-0.44107124121962,-0.0665,0.2277,0.8119
OV,DBeQ,34,0.1987928800973253,0.1145188705941256,-0.0067,0.2144,0.198
OV,Sepantronium bromide,25,-0.0849230769230769,-0.1622143315704846,-0.0634,0.2578,0.495
OV,gossypol,35,0.0679039150064958,0.017897308772572,-0.0659,0.2021,0.2673
OV,GSK1059615,26,-0.1209572649572649,-0.3139728693068082,-0.0574,0.2953,0.5941
OV,sirolimus,38,0.095130758288653,0.0240493277536799,-0.0126,0.2109,0.3564
OV,betulinic acid,32,-0.2589659140014059,-0.4459196719234696,-0.0548,0.229,0.8416
OV,BRD1835,35,0.0594957983193277,0.0034332342676982,-0.0527,0.2051,0.297
OV,tacrolimus,35,-0.1074509803921569,-0.2882911221697053,-0.0475,0.2314,0.5545
OV,lovastatin,35,-0.0079551820728291,-0.0895160316265874,-0.0472,0.2326,0.4554
OV,UNC0638,37,0.0589378852536747,-0.010125981927871,-0.0274,0.2118,0.3465
OV,NVP-TAE684,34,0.1570970206264324,0.0514531536466398,-0.0631,0.2457,0.198
OV,BRD-K19103580,34,0.1511688311688311,0.0718385953845572,-0.0402,0.2087,0.1782
OV,marinopyrrole A,25,-0.0043076923076923,-0.1120508489184474,-0.127,0.2553,0.3069
OV,barasertib,34,0.2728495034377386,0.2052216320831173,-0.0273,0.2423,0.1386
OV,Sabutoclax,20,0.0646616541353383,-0.2134940447057673,-0.0568,0.3028,0.3861
OV,BRD-K24690302,35,0.0681232492997199,-0.0259032150273434,-0.0831,0.2023,0.2475
OV,paclitaxel,38,0.0965313491629281,0.0135061589384599,-0.0398,0.2201,0.2871
OV,Refametinib,24,-0.1453913043478261,-0.308866071896071,-0.1067,0.2627,0.5545
OV,PRIMA-1,35,0.0238655462184874,-0.0516004691601198,-0.0099,0.2195,0.505
OV,KU-0063794,34,-0.0805805958747135,-0.146570505162197,-0.0088,0.2186,0.6337
OV,obatoclax,35,0.1107002801120448,0.0006732166487844,-0.0332,0.2087,0.2871
OV,BRD-K35604418,37,-0.0013276434329065,-0.0836148650560343,-0.0674,0.2148,0.4059
OV,Ribociclib,25,-0.0996923076923077,-0.1761140169286467,-0.0655,0.2612,0.5347
OV,axitinib,38,0.1248933143669985,0.0331646068746796,-0.0318,0.2073,0.2772
OV,niclosamide,34,0.1609472880061115,0.0943203703889618,-0.0502,0.2273,0.2178
OV,Dactinomycin,25,-0.2561538461538462,-0.3705071146328639,-0.0791,0.2448,0.7525
OV,SJ-172550,35,0.1742677372535967,0.0357369855698628,-0.039,0.2077,0.1386
OV,P22077,25,-0.3690769230769231,-0.5095849485462953,-0.0921,0.2571,0.8416
OV,WIKI4,25,0.245076923076923,0.1739071385169039,-0.1078,0.2537,0.1089
OV,zebularine,35,0.0982348035198182,0.0376423775729696,-0.0831,0.2459,0.2475
OV,BRD-K29313308,34,0.0454392666157372,-0.0086778061972631,-0.054,0.2361,0.3267
OV,PL-DI,35,0.1542857142857142,0.082709600360866,-0.0137,0.2171,0.2178
OV,CZC24832,20,0.0821052631578947,-0.1203332515663723,-0.0586,0.2723,0.3564
OV,simvastatin,31,-0.1694354838709677,-0.2971833490192667,-0.0283,0.2478,0.7228
OV,TPCA-1,34,-0.5003819709702062,-0.5584942792439421,-0.0545,0.2165,0.9703
OV,KU-60019,35,-0.2265704886850406,-0.3375248049428873,-0.0371,0.2356,0.7921
OV,ciclopirox,35,0.2900840336134453,0.1559354317505253,-0.0602,0.2249,0.0594
OV,WZ4003,20,0.2565413533834585,0.1240126447390352,-0.0845,0.2603,0.099
OV,gemcitabine,36,0.3413642213642213,0.2843638297648619,-0.0429,0.2301,0.0495
OV,indisulam,33,-0.0052139037433155,-0.189923478670254,-0.0351,0.2211,0.495
OV,SMER-3,31,0.1461290322580645,0.0900670221707869,-0.0789,0.2563,0.198
OV,tretinoin,35,-0.0584074516454389,-0.1539256052207655,-0.0641,0.2298,0.5149
OV,BRD-K71935468,34,0.2964321194379793,0.231952181000206,-0.0366,0.2241,0.0792
OV,Picolinici-acid,20,0.1603007518796992,-0.012102917959319,-0.0504,0.2897,0.2376
OV,GSK2606414,20,0.0580451127819548,-0.074961234930686,-0.0816,0.3286,0.3861
OV,CAY10618,35,0.3012324929971989,0.2093528518866899,-0.0516,0.1964,0.0396
OV,necrostatin-7,35,-0.1944098192809999,-0.3301754836140721,-0.0736,0.2159,0.6733
OV,tivozanib,35,-0.3501400560224089,-0.4551006304481211,-0.0464,0.2167,0.9109
OV,BYL-719,33,0.0751336898395721,0.0353506301562019,-0.0353,0.2554,0.3168
OV,PD0325901,25,0.0686153846153846,-0.0796417581902805,-0.0872,0.2313,0.297
OV,AZ960,20,-0.5257142857142857,-0.658854456783556,0.0128,0.2735,0.9901
OV,AGK-2,38,0.1256373782689572,0.0914947436613713,-0.0646,0.2254,0.1881
OV,neuronal differentiation inducer III,34,-0.0027196333078686,-0.0566062711166624,-0.0589,0.2091,0.396
OV,AM-580,35,-0.386889839172737,-0.4434735554454416,-0.061,0.2297,0.9109
OV,PI-103,34,-0.1467685255920549,-0.2996219209311807,-0.0596,0.2158,0.6634
OV,GSK591,25,-0.3443076923076923,-0.4278052658684404,-0.0843,0.2614,0.7921
OV,isoevodiamine,34,0.0660962566844919,-0.0688601254900863,-0.0487,0.2296,0.3366
OV,PRT062607,20,-0.0772932330827067,-0.3078569560750951,-0.0628,0.2721,0.505
OV,"1S,3R-RSL-3",35,0.0717647058823529,-0.0080513787522464,-0.0382,0.2307,0.3564
OV,necrostatin-1,35,-0.0293577982371318,-0.1545182171660084,-0.0037,0.2287,0.5347
OV,PFI-1,25,-0.2663076923076923,-0.3674449689383212,-0.0846,0.2786,0.7921
OV,SR-II-138A,34,-0.0660962566844919,-0.1474995686626087,-0.0056,0.2275,0.604
OV,MG-132,29,-0.2485714285714285,-0.3974132316059217,-0.0715,0.2344,0.802
OV,Bosutinib,24,0.2544347826086956,0.2074287583316257,-0.1148,0.2952,0.1089
OV,ML258,34,-0.2304965622612681,-0.2894987844201011,-0.0359,0.2117,0.802
OV,topotecan,35,0.444593837535014,0.4094156873138949,-0.0578,0.2468,0.0297
OV,MGCD-265,35,-0.0294117647058823,-0.1712732682846063,-0.0647,0.2179,0.4356
OV,LCL161,20,0.0866165413533834,-0.0442233807184224,-0.0713,0.2925,0.3168
OV,cytarabine hydrochloride,37,0.5930298719772404,0.5523505901301003,-0.0277,0.2324,0.0198
OV,vandetanib,34,0.0770359052711993,0.0073432982675867,-0.0485,0.2164,0.3069
OV,Lestaurtinib,24,-0.3930434782608695,-0.5223910150380395,-0.0793,0.2678,0.8614
OV,TG-100-115,35,0.0900280112044818,0.0247014602301127,-0.0485,0.2128,0.2277
OV,MK-2206,37,0.1488383119962067,0.0873072787842292,-0.0542,0.2203,0.1683
OV,GSK343,25,0.1801538461538461,0.043636158148,-0.0664,0.2499,0.1881
OV,afatinib,38,0.175971112813218,0.1254071570002274,-0.0117,0.2167,0.1881
OV,ML162,35,-0.0685714285714285,-0.1966654098327314,-0.0318,0.2384,0.5545
OV,dexamethasone,35,0.1527680823599971,0.0390175699319915,-0.0991,0.2205,0.1386
OV,CID-5951923,34,0.0355107343079311,-0.064472943059769,-0.0149,0.2251,0.4554
OV,fumonisin B1,35,-0.0240673448492696,-0.1224701697388207,-0.0715,0.2367,0.4356
OV,Irinotecan,25,0.1867692307692307,0.0836168499387045,-0.0917,0.2681,0.1782
OV,tandutinib,35,0.0575350140056022,-0.0315659124872456,-0.0572,0.2161,0.3168
OV,PDMP,35,0.0406162464985994,-0.0425313185298806,-0.0565,0.2079,0.3366
OV,piperlongumine,35,0.3552380952380952,0.3067234594998453,-0.0168,0.2249,0.0495
OV,tacedinaline,26,0.0185299145299145,-0.0984974769659164,-0.0705,0.2662,0.4059
OV,curcumin,34,0.2980823601028918,0.1913888859068027,-0.0179,0.2254,0.0693
OV,phloretin,35,0.3055956306954882,0.2299935359375511,-0.0429,0.1741,0.0495
OV,Pyridostatin,25,0.2719999999999999,0.1945383551448289,-0.1015,0.2663,0.099
OV,Leflunomide,20,-0.3876691729323308,-0.5247690176580733,-0.0593,0.3229,0.8317
OV,itraconazole,33,-0.0599598930481283,-0.1827710288510808,-0.0963,0.2251,0.4356
OV,ML210,33,0.115975935828877,0.0172162113741023,-0.0297,0.2338,0.2772
OV,etoposide,35,0.1463968068580641,0.0784435572678543,-0.0739,0.2272,0.1782
OV,AZD4547,37,0.1758179231863442,0.0632854658911222,-0.0531,0.2342,0.198
OV,Camptothecin,25,0.1423076923076923,-0.0089357158815906,-0.06,0.2702,0.297
OV,BRD-K50799972,35,0.1196245984561207,0.0613694301068165,-0.086,0.2267,0.198
OV,ML323,20,0.0138345864661654,-0.0774453707079998,-0.09,0.2284,0.3168
OV,I-BET151,34,-0.1668576672300378,-0.32002623976709,-0.0667,0.2261,0.6931
OV,fulvestrant,30,-0.070166852057842,-0.1485791223024566,-0.0128,0.2329,0.5941
OV,austocystin D,32,0.1594574780058651,0.079187379766184,-0.0605,0.223,0.1584
OV,BRD-K09587429,32,-0.1920087976539589,-0.3044735348053705,-0.0569,0.2539,0.6832
OV,erismodegib,34,-0.2147333127980394,-0.3430439461428444,-0.0716,0.2108,0.7228
OV,vorinostat,38,0.2014881278039172,0.062490842921634,-0.0906,0.2159,0.1188
OV,CI-976,35,-0.2278420357524053,-0.2989792082482456,-0.0469,0.2062,0.8119
OV,BRD-K26531177,35,0.2281232492997199,0.1501747222323511,-0.0526,0.2485,0.1485
OV,GSK2578215A,25,0.103076923076923,-0.018127848442408,-0.0839,0.257,0.2277
OV,AZ6102,25,-0.4413846153846154,-0.5699054582226041,-0.072,0.2459,0.9505
OV,brivanib,35,0.2239092378906441,0.1555993980536452,-0.065,0.2106,0.0891
OV,clofarabine,35,0.3599439775910364,0.2931332313222403,-0.0688,0.25,0.0396
OV,BMS-195614,35,0.0065546218487395,-0.1317524075704997,-0.0446,0.2266,0.4653
OV,N9-isopropylolomoucine,35,-0.2277871148459384,-0.3219471628112699,-0.1156,0.2311,0.6733
OV,prochlorperazine,35,0.2352380952380952,0.1822967177511856,-0.0422,0.2421,0.1485
OV,sunitinib,35,-0.0036974789915966,-0.0932899094677028,-0.0966,0.2636,0.3564
OV,BRD-K34222889,35,0.351764705882353,0.3187005042404088,-0.0616,0.2374,0.0495
OV,masitinib,33,0.2772727272727273,0.1980677048845845,-0.0736,0.2419,0.0792
OV,AZD5582,20,0.2342857142857143,0.0964465225800056,-0.0768,0.3177,0.198
OV,epigallocatechin-3-monogallate,34,0.0206875477463712,-0.1314349465620466,-0.0536,0.2253,0.3762
OV,lenvatinib,35,0.1980952380952381,0.1406022675605748,-0.0848,0.236,0.1287
OV,bardoxolone methyl,32,-0.2280791788856304,-0.3411162025118716,-0.0287,0.2323,0.802
OV,IWP-2,20,0.1362406015037593,0.0499244628651844,-0.0627,0.2748,0.2871
OV,I-BRD9,25,-0.376,-0.5590778048847542,-0.0912,0.2923,0.7921
OV,VX-11e,25,-0.2178461538461538,-0.3696539246633072,-0.0838,0.2744,0.6832
OV,ISOX,34,0.0178151260504201,-0.1443805562930729,-0.0707,0.2207,0.3069
OV,EPZ004777,25,0.3084615384615385,0.199793628302997,-0.1128,0.2791,0.0792
OV,BRD-K33199242,35,-0.2299719887955182,-0.3024511029701665,-0.0497,0.2198,0.8119
OV,GSK4112,35,-0.1090501583853771,-0.1850362797215539,-0.0636,0.2298,0.5644
OV,decitabine,35,0.2048882980022734,0.1309765175219124,-0.0786,0.2182,0.1287
OV,ML006,35,-0.100091043035565,-0.2141901296108376,-0.0625,0.2005,0.5743
OV,MK-0752,35,-0.1023816235200843,-0.2520219290272217,-0.1111,0.2152,0.5149
OV,Avagacestat,24,-0.1233043478260869,-0.2212182033482428,-0.1218,0.2938,0.5248
OV,gefitinib,38,0.0431775905460115,-0.0173151185701688,-0.0534,0.2296,0.3465
OV,BRD-K55116708,34,-0.3699774798377712,-0.4160591357180321,-0.0461,0.2373,0.901
OV,CIL55A,20,-0.3413533834586466,-0.5411232233235961,-0.0866,0.3257,0.7822
OV,manumycin A,34,-0.2126060056628888,-0.3053322192970369,-0.06,0.2348,0.7426
OV,RO-3306,25,-0.3103076923076923,-0.4052978118063373,-0.059,0.2465,0.8119
OV,GNE-317,25,-0.4177726563143247,-0.5633888290240872,-0.0606,0.2819,0.901
OV,BI-2536,38,0.2210964000437684,0.1048434180410871,-0.0008,0.2141,0.1584
OV,KU-55933,38,-0.4534194113141481,-0.5275275342881418,-0.0754,0.2261,0.9406
OV,Entospletinib,20,-0.6204511278195488,-0.7139835323247297,-0.0138,0.2836,0.9802
OV,GSK2636771,27,-0.1549450549450549,-0.2620510371826314,-0.0839,0.2606,0.6337
OV,VAF-347,23,0.033827909722977,-0.1325081910340711,-0.0862,0.247,0.3267
OV,cediranib,30,-0.1251612903225806,-0.2693033347910746,-0.1146,0.2081,0.505
OV,PD318088,35,0.080672268907563,-0.0902326055828021,-0.0334,0.2428,0.3762
OV,LGK974,25,0.2955384615384615,0.246141344117832,-0.0959,0.2251,0.0693
OV,ibrutinib,31,-0.0335483870967742,-0.1048578231931196,-0.0551,0.225,0.4554
OV,CIL56,20,-0.0854135338345864,-0.1777908499455016,-0.0637,0.2838,0.5545
OV,nintedanib,34,-0.0517521646460146,-0.1045638390774912,-0.0327,0.2296,0.495
OV,RAF265,25,0.1453846153846154,0.0574899037612136,-0.0512,0.2549,0.2475
OV,leptomycin B,35,0.1418487394957983,-0.0084189000376854,-0.0548,0.2426,0.2376
OV,Mirin,20,-0.0330827067669172,-0.1240938929534533,-0.107,0.2821,0.3663
OV,BRD-K11533227,34,0.0482505729564553,-0.0982121911284981,-0.0754,0.2106,0.3069
OV,ceranib-2,35,0.0275070028011204,-0.1315979323102021,-0.0709,0.2244,0.3465
OV,FQI-1,20,0.0174436090225563,-0.166115221357587,-0.1399,0.2967,0.3564
OV,ML050,34,0.0553399541634835,-0.0119174588507318,-0.0771,0.2133,0.2871
OV,compound 1B,33,0.3832219251336898,0.3455838184220141,-0.0881,0.2115,0.0297
OV,PAC-1,35,0.1833613445378151,0.0739668490280877,-0.0738,0.207,0.1287
OV,parbendazole,35,0.1608516006465756,0.0820695846104372,-0.0385,0.216,0.1881
OV,CD-1530,34,-0.0916424751718869,-0.1963348722868123,-0.0441,0.2232,0.604
OV,bendamustine,34,0.1654087089381207,0.0748015127963173,-0.0379,0.2167,0.1881
OV,AZ-3146,34,0.0709297885789226,-0.0301626206367304,-0.0869,0.251,0.3168
OV,OF-1,20,0.2457142857142857,0.1301503791097784,-0.0867,0.2987,0.1287
OV,LJI308,25,-0.278,-0.3930662630192147,-0.0925,0.2804,0.6931
OV,ML320,35,0.1434733893557423,0.0923557424473433,-0.0551,0.2048,0.198
OV,NSC19630,33,0.0286764705882352,-0.0418113171584708,-0.0881,0.2252,0.3366
OV,KW-2449,35,0.0968067226890756,-0.0857316547096939,-0.0695,0.2241,0.2871
OV,PLX-4720,37,0.0060692271218587,-0.0896099357373145,-0.0418,0.2239,0.4356
OV,LE-135,34,0.2207181054239878,0.1222292005585405,-0.0828,0.255,0.1485
OV,vorapaxar,35,0.0410084033613445,-0.086368476213449,-0.1294,0.2361,0.2475
OV,dasatinib,38,0.197767808294124,0.1389230145713067,-0.0658,0.2266,0.1287
OV,docetaxel,30,0.3114126807563959,0.2469585870939962,-0.046,0.2138,0.0297
OV,trifluoperazine,34,0.2262184873949579,0.1496676739069941,-0.0594,0.231,0.099
OV,SKI-II,35,-0.172729183139461,-0.2900363850114227,-0.0418,0.2093,0.7228
OV,SNX-2112,35,-0.0550700280112044,-0.1805383187463846,-0.0191,0.2194,0.5545
OV,GSK461364,33,0.3009358288770054,0.260787587741628,-0.056,0.237,0.0594
OV,Compound 23 citrate,34,0.2671657754010695,0.2210491395346639,-0.0676,0.2259,0.0891
OV,alisertib,38,-0.0012036327825801,-0.0947179591347474,-0.0329,0.2043,0.4752
OV,CHM-1,34,0.0511841100076394,-0.0554855600388232,-0.0533,0.2224,0.3366
OV,3-Cl-AHPC,35,0.3202801120448179,0.2422656814550971,-0.0744,0.2375,0.0594
OV,Obatoclax Mesylate,21,0.3012987012987013,0.16820039052588,-0.0881,0.3034,0.1287
OV,momelotinib,34,-0.0595569136745607,-0.1666905940969865,-0.0284,0.2197,0.5644
OV,BMS-536924,38,0.0075938286464602,-0.0468642562614611,-0.0628,0.2126,0.3465
OV,VER-155008,35,-0.2648739495798319,-0.391326121274347,-0.0235,0.2109,0.8713
OV,nakiterpiosin,34,-0.1645530939648586,-0.2069275842425228,-0.0558,0.218,0.6337
OV,pifithrin-mu,35,0.2461624649859944,0.1630025028631728,-0.0667,0.244,0.0891
PAAD,GSK525762A,36,-0.1477477477477477,-0.2647403734746476,-0.0577,0.2379,0.6733
PAAD,erlotinib,36,0.3073873873873874,0.2181366477557459,-0.0574,0.2275,0.0792
PAAD,BMS-270394,36,0.155351052512951,0.0587679943743647,-0.0604,0.2283,0.2079
PAAD,KU 0060648,35,0.0387675070028011,-0.0519941855161903,-0.0676,0.2429,0.3465
PAAD,Merck60,36,0.2727413127413127,0.1932679045562191,-0.0202,0.2338,0.1386
PAAD,pyrazolanthrone,36,0.1451222651222651,0.0617883521756565,-0.0398,0.1897,0.2178
PAAD,Afuresertib,27,-0.1424908424908424,-0.2758227447404493,-0.0534,0.246,0.6634
PAAD,alpha-lipoic acid,25,0.0855384615384615,-0.0594968366421648,-0.0931,0.244,0.2475
PAAD,BRD-K97651142,33,-0.1572192513368984,-0.2450661186458657,-0.0679,0.2232,0.6436
PAAD,Palbociclib,27,-0.0141636141636141,-0.1241244131341977,-0.0719,0.2662,0.4356
PAAD,Compound 7d-cis,35,-0.1056022408963585,-0.1907962159149561,-0.0376,0.2033,0.6436
PAAD,BRD-K88742110,36,0.222960102960103,0.1896595953343556,-0.0446,0.2125,0.1188
PAAD,BRD-K14844214,35,-0.0588836754718045,-0.0991242937916093,-0.0567,0.2242,0.5248
PAAD,bosutinib,36,0.1094980694980695,0.011922333372244,-0.081,0.2291,0.2079
PAAD,avrainvillamide,30,-0.2398487054556941,-0.2720638158938264,-0.0331,0.2627,0.8119
PAAD,doxorubicin,36,0.4295495495495496,0.3709502274659558,-0.0552,0.2198,0.0297
PAAD,BRD-K80183349,35,-0.1278240776298022,-0.1786113989923635,-0.0535,0.2142,0.6634
PAAD,CHIR-99021,36,0.1291634491634491,0.0713037105016935,-0.0399,0.249,0.2772
PAAD,PYR-41,33,-0.0842245989304812,-0.2830535845873343,-0.058,0.2181,0.5149
PAAD,palmostatin B,28,0.0284775508202609,-0.0836338617758895,-0.0575,0.2461,0.4059
PAAD,UNC0321,35,-0.0890105460728305,-0.2334146921708543,-0.0806,0.2243,0.5347
PAAD,SCH-79797,36,0.261055341055341,0.1807437698764507,-0.084,0.2328,0.0792
PAAD,spautin-1,36,-0.1572301953188243,-0.2394817385396728,-0.0661,0.1896,0.6733
PAAD,Uprosertib,27,0.1653235653235653,0.0610283511060798,-0.1045,0.2366,0.1386
PAAD,tanespimycin,36,-0.1870785070785071,-0.3060614210087048,-0.0655,0.2159,0.7228
PAAD,BRD-K02492147,31,0.1780824688957391,0.115519695761923,-0.0657,0.2302,0.198
PAAD,GSK-LSD1,23,0.1990118577075099,0.1178166048080408,-0.0741,0.2914,0.2178
PAAD,lapatinib,35,0.2487955182072829,0.1609185198315889,-0.0758,0.2305,0.0693
PAAD,SGX-523,36,0.2106048906048906,0.145667027376453,-0.0801,0.2014,0.099
PAAD,nutlin-3,35,0.3294117647058823,0.2466726700440048,-0.0394,0.2062,0.0396
PAAD,Repligen 136,35,-0.0029131652661064,-0.0330540917267289,-0.0301,0.21,0.5248
PAAD,Taselisib,27,0.3831501831501831,0.3286504085040266,-0.142,0.2481,0.0396
PAAD,BRD-K94991378,35,0.3229918069409642,0.2124464626111698,-0.0543,0.2286,0.0495
PAAD,dabrafenib,30,0.2476084538375973,0.1162148929818119,-0.0991,0.2309,0.0792
PAAD,CPI-637,26,-0.4134700854700854,-0.5532778587337444,-0.0817,0.2483,0.8911
PAAD,PRIMA-1-Met,29,0.0194088669950738,-0.1400449534549976,-0.0488,0.2203,0.4158
PAAD,StemRegenin 1,34,-0.2498090145148968,-0.4304779602619002,-0.0609,0.2342,0.802
PAAD,HBX-41108,28,-0.3854406130268198,-0.4647074580394186,-0.085,0.2647,0.8515
PAAD,PF-750,36,-0.3994594255005758,-0.4975580931861486,-0.0238,0.2281,0.9505
PAAD,A-366,26,0.215042735042735,0.1761292846005087,-0.0853,0.2565,0.1386
PAAD,erastin,37,-0.1897107633949739,-0.2930206540230896,-0.0675,0.2418,0.6931
PAAD,MK-1775,37,0.1186818397344713,0.0656248434913217,-0.0474,0.1885,0.1683
PAAD,sildenafil,35,0.322016806722689,0.2879198159056704,-0.0548,0.2301,0.0792
PAAD,GMX-1778,36,0.18002574002574,0.0911731148119301,-0.0688,0.2292,0.1683
PAAD,PX-12,34,-0.0339495798319327,-0.0676415355586983,-0.1019,0.2564,0.4059
PAAD,temozolomide,36,-0.3706488279389378,-0.4149736007699027,-0.0451,0.228,0.8911
PAAD,Vismodegib,25,0.0823076923076922,-0.0952655657141648,-0.0732,0.2672,0.297
PAAD,BRD-K66453893,35,-0.1882913165266106,-0.2578931460376248,-0.0687,0.239,0.7228
PAAD,GDC0810,27,0.085103785103785,0.0098183803017926,-0.0437,0.2534,0.2871
PAAD,FQI-2,36,0.1706048906048906,0.0793975919906366,-0.0852,0.1949,0.1188
PAAD,temsirolimus,31,0.1439516129032258,0.0905442816827301,-0.1124,0.2226,0.1485
PAAD,AGI-6780,23,-0.008893280632411,-0.1092745804309679,-0.087,0.2678,0.4059
PAAD,Serdemetan,25,-0.0996923076923076,-0.2014326089935901,-0.0795,0.2453,0.5248
PAAD,pitstop2,28,0.3182701548896185,0.2629143148001231,-0.0617,0.2745,0.0594
PAAD,ascorbate (vitamin C),25,-0.0026153846153846,-0.1660513170460085,-0.0965,0.2742,0.396
PAAD,cyclophosphamide,33,0.2396390374331551,0.1003954238528435,-0.052,0.2396,0.1584
PAAD,TGX-221,36,0.4184298584298584,0.3760389893997421,-0.0459,0.2103,0.0198
PAAD,procarbazine,35,-0.2280672268907562,-0.3872376031345381,-0.0532,0.2255,0.7624
PAAD,fluvastatin,35,-0.0044257703081232,-0.1200307629566222,-0.0541,0.2185,0.4059
PAAD,BRD-K41597374,36,-0.003372160377663,-0.1152297652030619,-0.0263,0.2299,0.495
PAAD,pazopanib,36,-0.0861316688829054,-0.2204723098796785,-0.0472,0.1961,0.5842
PAAD,BRD-K28456706,35,-0.1806288960238801,-0.3806705272690928,-0.0265,0.2521,0.7228
PAAD,quizartinib,35,0.0431122628692232,-0.0729774717012725,-0.0537,0.2067,0.3168
PAAD,Buparlisib,27,-0.283028083028083,-0.4624752124629125,-0.0468,0.2557,0.7822
PAAD,16-beta-bromoandrosterone,35,0.0783583142580257,-0.0668733186690148,-0.0564,0.2259,0.2772
PAAD,KH-CB19,27,-0.2778969923488931,-0.3657134645928796,-0.1284,0.2383,0.7129
PAAD,foretinib,36,-0.256936936936937,-0.3615329493118054,-0.044,0.2029,0.8317
PAAD,ML029,35,-0.2127731092436974,-0.3219793886991874,-0.065,0.2351,0.7228
PAAD,selumetinib,36,-0.1901158301158301,-0.273958437849131,-0.0322,0.2326,0.7129
PAAD,GSK-3 inhibitor IX,35,0.1476190476190476,0.1154046466804076,-0.0585,0.2291,0.1881
PAAD,NSC23766,37,-0.1414414414414414,-0.2296770834525316,-0.0562,0.2338,0.6436
PAAD,GDC-0879,36,0.0194864534800835,-0.0869977031601226,-0.0553,0.2047,0.3465
PAAD,triptolide,36,0.0802574002574002,0.0003045934647884,-0.0713,0.2431,0.297
PAAD,Sapitinib,27,0.598168498168498,0.5271683669848477,-0.0863,0.2659,0.0198
PAAD,KHS101,35,-0.1371988795518207,-0.2424328349790298,-0.0845,0.2118,0.6238
PAAD,SB-525334,36,0.003037323037323,-0.1252956130135926,-0.0244,0.2174,0.4752
PAAD,JQ-1,37,-0.1826932195353247,-0.3021316144710523,-0.0347,0.2307,0.7327
PAAD,Wee1 Inhibitor,27,0.4945054945054945,0.4363880988733125,-0.0553,0.263,0.0495
PAAD,ETP-46464,28,-0.0091954022988505,-0.1074488436106615,-0.0387,0.2418,0.4752
PAAD,Oxaliplatin,27,-0.0544566544566544,-0.1105996525371999,-0.0679,0.286,0.4653
PAAD,AZD7545,35,-0.1651540616246498,-0.2932420657816342,-0.0689,0.2427,0.6634
PAAD,Dihydrorotenone,23,-0.0316205533596837,-0.1804072574788952,-0.0956,0.297,0.4356
PAAD,AZD6738,27,-0.0902319902319902,-0.227577099931784,-0.0581,0.2379,0.5545
PAAD,VE821,27,-0.1109890109890109,-0.275989878526914,-0.1014,0.2669,0.4752
PAAD,Osimertinib,27,0.0534798534798534,-0.1113535387414297,-0.0745,0.2458,0.3069
PAAD,NPC-26,35,-0.0570628196651122,-0.1765381749370093,-0.0372,0.2304,0.495
PAAD,PD173074,27,-0.0819291819291819,-0.2755289937463848,-0.1052,0.2397,0.4455
PAAD,triazolothiadiazine,36,0.2051994851994852,0.1427448839847743,-0.0273,0.196,0.1287
PAAD,CAY10594,36,0.4500386100386101,0.4009291454248538,-0.0849,0.2095,0.0099
PAAD,methotrexate,34,0.2450420168067226,0.1328069191040055,-0.0804,0.2228,0.099
PAAD,Compound 1541A,35,-0.2642577030812325,-0.4086619253460957,-0.0754,0.2088,0.8416
PAAD,dacarbazine,35,-0.0811204481792717,-0.1079767680062363,-0.0453,0.2432,0.5842
PAAD,olaparib,37,0.0839734471313418,-0.0106409053925176,-0.0462,0.2288,0.2673
PAAD,OSI-930,32,-0.0923838332172594,-0.1805090769091997,-0.0634,0.2428,0.5545
PAAD,SB-431542,35,0.0600168137876356,-0.054619827773861,-0.0723,0.1956,0.2574
PAAD,SN-38,34,0.0703132161955691,-0.0547158134673754,-0.0418,0.2452,0.3465
PAAD,regorafenib,34,-0.1217510890557638,-0.2195931476280528,-0.0748,0.2341,0.5941
PAAD,necrosulfonamide,26,0.1778461538461538,0.1392394599262071,-0.091,0.2771,0.2079
PAAD,AGI-5198,27,-0.3984126984126984,-0.5426553876320673,-0.0679,0.2537,0.9208
PAAD,Ch-55,36,-0.3241650048542822,-0.4835085845037309,-0.0141,0.2427,0.8812
PAAD,LBH-589,35,-0.1789355742296919,-0.2170603907909765,-0.0649,0.2115,0.6832
PAAD,SU11274,34,0.3972496000592055,0.3368768209236813,-0.0776,0.2415,0.0396
PAAD,BRD-K13999467,36,-0.0087006886080161,-0.1505903898723588,-0.0744,0.2311,0.4158
PAAD,GW-405833,36,-0.0275693417135659,-0.1356314386815751,-0.0562,0.2162,0.495
PAAD,BRD-K85133207,35,0.1414220752250225,0.0753619801429757,-0.0664,0.216,0.2178
PAAD,EX-527,36,-0.0580474935238947,-0.1855406271855645,-0.041,0.232,0.5248
PAAD,tosedostat,37,0.0396870554765291,-0.0227089104595187,-0.0658,0.2299,0.3564
PAAD,BRD-K64610608,35,-0.1072569389258026,-0.2499280816712886,-0.0595,0.2358,0.5347
PAAD,purmorphamine,36,0.3085199485199486,0.270195998450407,-0.0285,0.1935,0.0396
PAAD,L-Oxonoreleagnine,23,0.3608695652173913,0.1997126036907594,-0.0183,0.2689,0.0693
PAAD,Vinorelbine,27,-0.1252747252747252,-0.2546413679959423,-0.0422,0.2445,0.604
PAAD,cytochalasin B,35,0.2008403361344538,0.115847383942301,-0.0348,0.2138,0.1683
PAAD,BRD-K04800985,35,0.1093557422969187,0.0794981600568219,-0.0575,0.2331,0.2673
PAAD,B02,37,0.121384542437174,0.0676282286888504,-0.0454,0.209,0.2277
PAAD,SGC-CBP30,23,0.1179841897233201,0.0431726311373138,-0.0922,0.2695,0.198
PAAD,fluorouracil,37,0.3503082029397818,0.2497300525746043,-0.0669,0.2027,0.0297
PAAD,ML203,36,-0.0603608748612531,-0.1541485132005358,-0.0784,0.1975,0.4851
PAAD,MK-8776,27,0.0293040293040292,-0.1231823930181624,-0.1168,0.2615,0.3069
PAAD,OTX015,23,-0.200592885375494,-0.2435566413654708,-0.0924,0.3034,0.6535
PAAD,IC-87114,37,0.2591749644381223,0.1803688175378714,-0.0357,0.2165,0.099
PAAD,Lenalidomide,25,0.1619999999999999,-0.0057680169532501,-0.0531,0.2518,0.2376
PAAD,PLX-4032,37,-0.1861893192767487,-0.2955524380502807,-0.0688,0.2281,0.6931
PAAD,hyperforin,35,-0.3906938590703926,-0.5358296516598504,-0.1071,0.2199,0.9208
PAAD,Ipatasertib,27,-0.0728937728937728,-0.169826156112707,-0.1049,0.2632,0.4455
PAAD,cerulenin,36,0.1859321710523687,-0.0070534451811171,-0.0576,0.2056,0.1485
PAAD,SRT-1720,35,-0.4916526610644258,-0.5503493536009316,-0.0956,0.2415,0.9406
PAAD,bortezomib,36,-0.0158558558558558,-0.0834294460739271,-0.0835,0.2197,0.3564
PAAD,GW441756,27,-0.1715506715506715,-0.3130303963465143,-0.0668,0.2486,0.6733
PAAD,LY-2183240,36,0.3733333333333334,0.3141315837644491,-0.0443,0.1982,0.0297
PAAD,Fludarabine,23,-0.2468379446640316,-0.5058930397970207,-0.1145,0.2609,0.7129
PAAD,SCH772984,27,0.0507936507936508,-0.0273930192993535,-0.0597,0.2582,0.3168
PAAD,BRD8958,35,0.0633941717474933,-0.1058350446819533,-0.0521,0.2405,0.3366
PAAD,PF-573228,36,0.1481595881595881,0.0703219491875365,-0.0672,0.1941,0.1584
PAAD,ruxolitinib,36,0.0129729729729729,-0.092780317326762,-0.0645,0.2257,0.3762
PAAD,ZSTK474,35,0.039047619047619,-0.0759160380818933,-0.0669,0.1982,0.3267
PAAD,nilotinib,36,0.1957271557271557,0.127290863999119,-0.074,0.2196,0.1386
PAAD,XL765,36,-0.0218047076013024,-0.1114944653691086,-0.0751,0.2077,0.3861
PAAD,importazole,35,-0.2975350140056022,-0.4231728942607916,-0.0182,0.1859,0.9307
PAAD,staurosporine,28,0.4550629447181171,0.4236726790862063,-0.039,0.2192,0.0198
PAAD,YK 4-279,37,0.0448553816974869,-0.1438259481167599,-0.0687,0.2285,0.3168
PAAD,Rucaparib,25,0.0483076923076923,-0.0562237805554358,-0.0904,0.287,0.2871
PAAD,ML083,35,0.1195041672515311,-0.0322898172296275,-0.0806,0.2073,0.198
PAAD,ABT-737,35,-0.0679551820728291,-0.1749732577773073,-0.0458,0.2312,0.5743
PAAD,Mycophenolic acid,26,0.1733333333333333,0.1440727639682225,-0.0723,0.2846,0.2178
PAAD,RG-108,36,-0.1419230285923454,-0.2758694109451168,-0.0405,0.2303,0.6139
PAAD,IPR-456,36,-0.0966280566280566,-0.18732550739534,-0.0676,0.2147,0.5545
PAAD,salermide,30,-0.3150611790878754,-0.4438605294200406,-0.0584,0.2311,0.8812
PAAD,BRD1812,35,-0.1869467787114846,-0.2709185335423859,-0.05,0.1917,0.7426
PAAD,Schweinfurthin A,23,0.2031620553359683,0.1637615052188827,-0.1145,0.2611,0.1485
PAAD,Elephantin,23,-0.0980237154150197,-0.2432501575410023,-0.0657,0.2708,0.5248
PAAD,BRD-K66532283,33,-0.0739973262032085,-0.1204376623806408,-0.0289,0.2409,0.604
PAAD,KX2-391,34,0.4626126814362108,0.4083089391739178,-0.0906,0.2576,0.0297
PAAD,PHA-793887,37,0.2054054054054054,0.0264881580841215,-0.0497,0.2348,0.1683
PAAD,BRD-K17060750,36,-0.0592983616165767,-0.1283521486568479,-0.0374,0.2374,0.5644
PAAD,NSC 74859,34,0.0124980901451489,-0.089698230639539,-0.0294,0.2088,0.4554
PAAD,AC55649,37,-0.1831475298837344,-0.329613345975792,-0.0079,0.2097,0.7723
PAAD,PRL-3 inhibitor I,35,0.1154503443179563,0.0688707097302395,-0.0271,0.2132,0.2475
PAAD,omacetaxine mepesuccinate,30,0.3680978865406007,0.2851707274962956,-0.0558,0.2412,0.0396
PAAD,isonicotinohydroxamic acid,27,0.2466200980125483,0.1707785631043312,-0.0624,0.2263,0.1188
PAAD,AZD7762,36,0.0361904761904761,-0.0331563427486261,-0.0827,0.2336,0.3366
PAAD,NVP-BSK805,36,-0.2119433719433719,-0.3559544986766955,-0.0856,0.2332,0.703
PAAD,BRD-K52037352,32,-0.16581431652447,-0.2564220565057715,-0.0661,0.2381,0.5941
PAAD,BRD-K16147474,32,-0.0858613272673209,-0.1574429598535573,-0.0512,0.2499,0.5842
PAAD,CCT036477,36,-0.0879135031095337,-0.1657097836796184,-0.0768,0.2037,0.5446
PAAD,CAL-101,36,0.2343371943371943,0.1618994825489542,-0.0252,0.2285,0.1188
PAAD,LY2109761,23,0.4209486166007905,0.3414187779548768,-0.074,0.2704,0.0396
PAAD,AT13148,27,-0.0311355311355311,-0.0895612961688096,-0.059,0.2631,0.4851
PAAD,myricetin,36,-0.0054829783239865,-0.1307666964755173,-0.0608,0.2389,0.4455
PAAD,PFI3,23,0.3231225296442687,0.1903718701966514,-0.0248,0.2891,0.1584
PAAD,WAY-362450,36,0.0870897162575557,-0.0039107368681338,-0.0675,0.2085,0.2574
PAAD,entinostat,36,-0.0171943371943371,-0.0674429351898976,-0.057,0.2226,0.4257
PAAD,BRD-M00053801,25,-0.1052307692307692,-0.2176882438074539,-0.0857,0.2496,0.4653
PAAD,SGC0946,26,-0.0069059829059829,-0.0937678780919527,-0.1072,0.2442,0.3663
PAAD,AZD6482,35,0.155126050420168,0.1116475102823223,-0.0547,0.2212,0.198
PAAD,WZ4002,30,-0.0864516129032258,-0.1487363274684073,-0.0496,0.2482,0.5644
PAAD,BRD-A71883111,36,-0.2412870012870013,-0.2880648265321364,-0.0285,0.2086,0.8317
PAAD,GSK2830371,24,0.1245217391304347,0.0175538497946144,-0.0547,0.27,0.2574
PAAD,LRRK2-IN-1,29,-0.1870935960591132,-0.300105069175279,-0.1172,0.2293,0.5842
PAAD,VU0155056,36,0.0865435357992612,0.0332792925681307,-0.0417,0.2091,0.3069
PAAD,nelarabine,36,0.2126640926640926,0.0881523809523809,-0.053,0.2069,0.1188
PAAD,NU7441,26,0.0981196581196581,-0.0055848094295778,-0.0527,0.2813,0.3366
PAAD,serdemetan,36,-0.0248133848133848,-0.1484726361220434,-0.0558,0.2339,0.4257
PAAD,chlorambucil,35,0.0039215686274509,-0.0783083001941209,-0.0467,0.2257,0.4455
PAAD,SB216763,27,-0.0214896214896214,-0.2050443189992887,-0.1061,0.2682,0.3861
PAAD,PIK-93,33,0.1297459893048128,0.0118777065973624,-0.0775,0.2471,0.2178
PAAD,WEHI-539,27,0.3288156288156288,0.2558039740520425,-0.1004,0.2642,0.0792
PAAD,navitoclax,37,0.2328591749644381,0.1699167962689907,-0.068,0.2103,0.0792
PAAD,veliparib,36,0.1290422287878547,0.0775286198156698,-0.0288,0.2395,0.2673
PAAD,NVP-BEZ235,36,-0.2240926640926641,-0.3179187836748518,-0.0724,0.2317,0.7525
PAAD,TG-101348,35,0.0090196078431372,-0.0515602715222861,-0.0841,0.2386,0.3366
PAAD,BRD6340,36,0.2854752563991097,0.2332645159797143,-0.0562,0.2266,0.0693
PAAD,ML031,33,0.3020053475935829,0.2497454638848383,-0.0434,0.2522,0.099
PAAD,OSI-027,36,0.3527927927927928,0.325496068510162,-0.0681,0.2129,0.0297
PAAD,GW-843682X,35,0.0471181456439464,-0.0616728490624688,-0.1161,0.2294,0.2574
PAAD,lomeguatrib,36,-0.1397001096914309,-0.251399302660732,-0.0552,0.2251,0.6634
PAAD,PF-184,34,0.0903048363854875,0.0212910496272937,-0.1133,0.2336,0.2079
PAAD,AZD2014,23,0.1810276679841897,0.0262717851421243,-0.0903,0.2453,0.1485
PAAD,IU1,35,-0.1704761904761905,-0.2285614790255897,-0.0389,0.2118,0.7327
PAAD,neratinib,35,0.3580392156862745,0.2513544634709369,-0.0957,0.1975,0.0099
PAAD,apicidin,36,0.1247361647361647,0.0009960496436445,-0.0791,0.2383,0.2178
PAAD,Vinblastine,26,0.4393162393162393,0.383360290830487,-0.106,0.2586,0.0297
PAAD,VE-822,23,-0.0106719367588932,-0.0986451456095428,-0.1093,0.2652,0.3663
PAAD,BRD8899,36,-0.5146911490090627,-0.5877071146348662,-0.07,0.2448,0.9703
PAAD,pandacostat,36,0.2013256970511666,0.0960790124788654,-0.0489,0.2331,0.1584
PAAD,GSK2801,23,0.1889328063241106,0.1265481217853285,-0.06,0.2621,0.2178
PAAD,Wnt-C59,23,0.0492094861660079,-0.106223590220025,-0.0523,0.277,0.4158
PAAD,WZ8040,36,0.006074646074646,-0.0791873017876141,-0.0809,0.194,0.3663
PAAD,fingolimod,36,-0.0093705754412504,-0.1583460482808412,-0.0486,0.2342,0.4455
PAAD,Mitoxantrone,23,0.1895256916996048,0.0686675915446191,-0.0779,0.2722,0.1683
PAAD,XAV939,23,0.383201581027668,0.2562390952577033,-0.0769,0.2969,0.0891
PAAD,CR-1-31B,36,0.1940797940797941,0.101520196255367,-0.0269,0.218,0.198
PAAD,BRD-K71781559,33,-0.1536096256684492,-0.2733088608658044,-0.1041,0.225,0.604
PAAD,daporinad,33,0.0239304812834224,-0.0536152460391627,-0.0874,0.2186,0.297
PAAD,CCT007093,26,0.3055726495726495,0.2233855261907485,-0.0773,0.2677,0.0792
PAAD,JNK Inhibitor VIII,27,-0.0545787545787545,-0.1560447478844017,-0.0475,0.2287,0.495
PAAD,brefeldin A,35,-0.2113165266106443,-0.3798876843826749,-0.0443,0.2129,0.7426
PAAD,JW-74,28,-0.3062944718117132,-0.4329520419537287,-0.0696,0.2381,0.8614
PAAD,Ulixertinib,27,-0.0123321123321123,-0.1976308917810841,-0.0619,0.2472,0.4158
PAAD,crizotinib,36,-0.1727155727155727,-0.2383762089154543,-0.0845,0.2385,0.6139
PAAD,parthenolide,35,-0.217703081232493,-0.3036493609591141,-0.0783,0.2262,0.6634
PAAD,imatinib,36,-0.3392535392535392,-0.4117104684623744,-0.0715,0.2127,0.8911
PAAD,Bax channel blocker,33,0.0522058823529411,-0.0577805834316308,-0.0796,0.2253,0.2178
PAAD,AZD8055,36,-0.0506048906048906,-0.1510205019672457,-0.0609,0.2105,0.4752
PAAD,GANT-61,36,0.1001544832371817,0.0214887920475534,-0.0572,0.2182,0.2277
PAAD,AMG-319,27,-0.3389499389499389,-0.4314785539717379,-0.0524,0.2543,0.8911
PAAD,R428,30,-0.1524805339265851,-0.2680380234274432,-0.052,0.2205,0.6733
PAAD,RITA,36,-0.046360769772299,-0.1089258668290412,-0.0222,0.2339,0.5347
PAAD,AZD1332,23,-0.1181818181818182,-0.3139330585621079,-0.1177,0.2458,0.505
PAAD,BRD-K37390332,34,-0.0670334740165267,-0.1719395115144143,-0.0634,0.2502,0.4752
PAAD,HKMTI-1-005,26,0.1224615384615384,-0.0272689661160256,-0.1096,0.2553,0.198
PAAD,CD-437,37,0.1521574205784732,0.082065760195588,-0.0708,0.232,0.1782
PAAD,CAY10576,35,0.0442577030812325,-0.0538015638879002,-0.0523,0.2362,0.3267
PAAD,Ki8751,35,0.0195655268783996,-0.0945343425617255,-0.0644,0.2228,0.3564
PAAD,GDC-0941,36,0.3689060489060489,0.3340665881797493,-0.086,0.2218,0.0099
PAAD,WP1130,36,-0.4369111969111969,-0.5553958386188498,-0.061,0.2136,0.9703
PAAD,trametinib,30,0.0191768631813125,-0.1292991194997722,-0.0565,0.2319,0.396
PAAD,AZD8186,27,0.3434676434676434,0.3212080168275211,-0.109,0.2897,0.0594
PAAD,ML334 diastereomer,29,0.268351308563987,0.1673312289770052,-0.0682,0.2579,0.1089
PAAD,valdecoxib,36,-0.1299356499356499,-0.2085882743359506,-0.0199,0.2572,0.6634
PAAD,HLI 373,35,0.2089502071095101,0.1495770985838351,-0.0924,0.2034,0.0891
PAAD,NSC48300,37,0.4616405879563774,0.4162200666245534,-0.0626,0.2139,0.0198
PAAD,ouabain,36,0.4491634491634492,0.3618134803937289,-0.0332,0.2161,0.0198
PAAD,ABT-199,35,-0.0048742909286841,-0.0397301164684334,-0.0765,0.2321,0.396
PAAD,BMS-754807,36,0.2752638352638352,0.2320596883728382,-0.0666,0.2128,0.0297
PAAD,elocalcitol,35,0.2116674842364203,0.0440326001487652,-0.0197,0.2303,0.198
PAAD,EHT-1864,26,0.0041709401709401,-0.1818188114577233,-0.0329,0.2502,0.4653
PAAD,NVP-ADW742,36,0.3137194337194337,0.2493211776726404,-0.0174,0.2193,0.0594
PAAD,PD 153035,30,-0.5315684093437152,-0.6280842356891077,-0.0615,0.2569,0.9802
PAAD,AT-406,27,-0.0312576312576312,-0.1651782161664226,-0.053,0.239,0.4653
PAAD,EPZ5676,27,-0.0659340659340659,-0.1471712667499844,-0.0613,0.2526,0.5347
PAAD,Cisplatin,26,-0.2470427350427349,-0.3321951759658464,-0.096,0.2771,0.6733
PAAD,narciclasine,30,0.0891212458286985,0.0452413161833979,-0.08,0.2337,0.2574
PAAD,Gallibiscoquinazole,23,0.2308300395256917,0.063204032831431,-0.0711,0.2543,0.1089
PAAD,AT7867,36,0.1724692712239887,0.1340250106127787,-0.0655,0.2049,0.1386
PAAD,NSC95397,35,0.2139925770357351,0.1074617508091528,-0.0319,0.2312,0.1287
PAAD,AZD1208,23,-0.0316205533596837,-0.1432037533094158,0.0137,0.2661,0.5941
PAAD,COL-3,29,0.1454187192118226,0.0439303181360681,-0.0422,0.2858,0.3267
PAAD,BMS-345541,23,-0.4146245059288537,-0.511898402101442,-0.0854,0.2757,0.8812
PAAD,MST-312,36,0.4148777348777349,0.3849306432592737,-0.0758,0.2227,0.0099
PAAD,BRD9876,37,0.222569938359412,0.1962624266176812,-0.0498,0.2363,0.1386
PAAD,sorafenib,36,0.2338738738738738,0.1306896160197479,-0.0511,0.2148,0.0891
PAAD,SB590885,26,0.3297777777777778,0.2847364687217079,-0.1066,0.2542,0.0396
PAAD,MI-1,31,-0.297983870967742,-0.4476787706178954,-0.0779,0.2109,0.8812
PAAD,oligomycin A,36,0.1022393822393822,0.0230150815647473,-0.0211,0.2369,0.3168
PAAD,KRAS (G12C) Inhibitor-12,23,0.2280632411067193,0.1156137454987995,-0.0653,0.2693,0.1584
PAAD,GSK1904529A,27,-0.0122100122100122,-0.1459163827674764,-0.0324,0.2478,0.4455
PAAD,pevonedistat,36,0.3509395109395109,0.2906102640437972,-0.0956,0.2155,0.0297
PAAD,linifanib,37,0.2413040917965311,0.1162763197179806,-0.0434,0.2018,0.0792
PAAD,SB-225002,36,0.527927927927928,0.4774673883961947,-0.0767,0.2236,0.0099
PAAD,BRD-A02303741,32,-0.1712400337134202,-0.2643209994048836,-0.0239,0.2318,0.7624
PAAD,methylstat,28,-0.3409961685823755,-0.4111967736661335,-0.1012,0.2364,0.9208
PAAD,silmitasertib,35,-0.1613278244729413,-0.2715701648082596,-0.0836,0.2234,0.6139
PAAD,L-685458,36,0.1659035120736749,0.1027794115120005,-0.0355,0.229,0.2277
PAAD,NSC30930,37,-0.0399715504978662,-0.2465727817099521,-0.0519,0.2328,0.4554
PAAD,BIRB-796,33,0.1504010695187166,0.0207989497037915,-0.0482,0.2268,0.198
PAAD,NVP-231,35,-0.0053781512605042,-0.0929328197649988,-0.0522,0.2202,0.3762
PAAD,MLN2238,34,-0.1422459893048128,-0.2438714501982826,-0.0575,0.229,0.6436
PAAD,AZD3759,27,0.5700854700854701,0.542242385776207,-0.1026,0.2608,0.0099
PAAD,BRD-K61166597,35,0.1598879551820728,0.0791356995974334,-0.0656,0.2198,0.1485
PAAD,bexarotene,33,-0.008960214476049,-0.133323758221085,-0.0944,0.2481,0.3861
PAAD,pluripotin,36,0.2268211068211068,0.1876128291462661,-0.07,0.238,0.1089
PAAD,SCH-529074,36,0.164066924066924,0.0727856761287847,-0.0267,0.2432,0.2178
PAAD,HC-067047,35,0.2722599628498899,0.2080301195045892,-0.0387,0.2118,0.0594
PAAD,Luminespib,27,0.4929181929181928,0.4514801869917535,-0.0379,0.2698,0.0297
PAAD,RVX-208,23,0.0616600790513834,-0.0679662546641797,-0.0895,0.2753,0.3069
PAAD,ML311,36,-0.1378209668855576,-0.2184036482367915,-0.0391,0.2149,0.6931
PAAD,STF-31,35,0.0651540616246498,-0.0711896937263812,-0.0681,0.2232,0.3069
PAAD,tamatinib,35,0.2330532212885154,0.1802887522163936,-0.02,0.2019,0.1386
PAAD,tamoxifen,36,0.0548777348777348,-0.0690469343605082,-0.0365,0.225,0.3366
PAAD,KPT185,30,-0.2144160177975528,-0.3072499980347306,-0.0954,0.22,0.703
PAAD,azacitidine,36,0.1831660231660231,0.1040474591221431,-0.0509,0.2417,0.2376
PAAD,C6-ceramide,36,-0.2568871788792772,-0.3777340634687107,-0.05,0.206,0.8416
PAAD,PF-543,35,0.3657679118151059,0.2969489213033161,-0.0287,0.227,0.0495
PAAD,teniposide,29,0.5508374384236452,0.4959001012957724,-0.0865,0.2337,0.0099
PAAD,ML239,36,-0.1456370656370656,-0.2589388710169694,-0.0701,0.2205,0.6634
PAAD,mitomycin,36,0.1076259735802234,0.0258958738241196,-0.057,0.2368,0.2772
PAAD,etomoxir,36,0.1944011845199348,0.1080248232053026,-0.0057,0.2006,0.1881
PAAD,BRD-K51490254,36,0.0105534105534105,-0.1425196080157636,-0.0706,0.2127,0.4059
PAAD,Ko-143,36,0.1972715572715572,0.0966373114236187,-0.0303,0.2262,0.1683
PAAD,Mdivi-1,36,0.0205405405405405,-0.1212124235186858,-0.0487,0.2176,0.396
PAAD,cucurbitacin I,36,0.2079279279279279,0.0891185203120293,-0.0245,0.2121,0.1089
PAAD,sotrastaurin,29,-0.1559605911330049,-0.3325612169036746,-0.0483,0.2218,0.6337
PAAD,BRD-K70511574,35,-0.130812324929972,-0.2944681541870656,-0.0661,0.2259,0.6337
PAAD,BRD-K92856060,35,-0.0377057217816598,-0.1884843876113955,-0.05,0.2374,0.4158
PAAD,ZM447439,26,-0.4438290598290598,-0.5675041121442074,-0.0554,0.2324,0.9604
PAAD,vincristine,36,0.294980694980695,0.2391837740237087,-0.0451,0.2092,0.0792
PAAD,Romidepsin,23,0.0314229249011857,-0.0458666170559429,-0.0671,0.2385,0.3663
PAAD,pifithrin-alpha,36,0.1461097885772179,0.0437549348972639,-0.0018,0.2204,0.2772
PAAD,BRD9647,35,-0.1773669467787114,-0.3181487209652119,-0.0424,0.2112,0.7327
PAAD,canertinib,35,-0.0838095238095238,-0.1543993128991764,-0.0008,0.2178,0.703
PAAD,cabozantinib,35,0.0194397759103641,-0.1080514669608336,-0.0499,0.2231,0.4455
PAAD,BIX-01294,35,-0.1540056022408963,-0.2481094528636933,-0.0756,0.1943,0.6535
PAAD,SID 26681509,35,-0.0340616246498599,-0.1586292737727238,-0.0343,0.2163,0.4851
PAAD,birinapant,36,0.3151549008554241,0.2934959395769664,-0.0583,0.2122,0.0495
PAAD,YM-155,32,0.0407624633431085,-0.0178923032898313,-0.0529,0.2243,0.297
PAAD,saracatinib,35,0.2998879551820729,0.226566679461587,-0.0346,0.1919,0.0297
PAAD,SNS-032,33,0.3448529411764706,0.2570325055793855,-0.0345,0.2409,0.0594
PAAD,rigosertib,33,0.220855614973262,0.0848480572154264,-0.013,0.2007,0.1287
PAAD,BRD-K63431240,36,-0.0665122265122265,-0.1626673440026261,-0.0055,0.2171,0.6436
PAAD,bleomycin A2,35,0.0714285714285714,-0.0194631128439526,-0.0645,0.2252,0.2673
PAAD,SR1001,35,0.0433053221288515,-0.0245752632515637,-0.042,0.2151,0.4158
PAAD,Niraparib,23,0.0713438735177865,-0.0312045379467623,-0.0752,0.3022,0.3168
PAAD,JW-480,35,-0.0727221796026663,-0.1288674536796577,-0.0799,0.1961,0.5149
PAAD,BIBR-1532,37,-0.1047415836889521,-0.1823444848271685,-0.0449,0.1972,0.604
PAAD,SB-743921,36,0.4004890927914653,0.3113681812455108,-0.0263,0.2022,0.0198
PAAD,Acetalax,23,0.0203557312252964,-0.0641513425346816,-0.0909,0.2746,0.4158
PAAD,dinaciclib,30,0.2750166852057842,0.2483239105963113,-0.0455,0.2477,0.1287
PAAD,GSK-LSD1-2HCl ,26,-0.2682393162393162,-0.3579060667423944,-0.0869,0.2136,0.802
PAAD,linsitinib,36,-0.0615186615186615,-0.1865686289685736,-0.0178,0.2174,0.6139
PAAD,NSC632839,37,0.1364153627311522,0.1057663079131462,-0.0607,0.2035,0.1782
PAAD,semagacestat,36,0.2465538328034872,0.1501626549021335,-0.0645,0.2459,0.1287
PAAD,tipifarnib-P1,36,-0.0273359073359073,-0.1125761798204696,-0.0198,0.22,0.5347
PAAD,AA-COCF3,34,-0.4266768525592054,-0.4923684695074574,-0.0859,0.2425,0.8911
PAAD,ciclosporin,35,-0.0319417216236716,-0.1046824361766629,-0.0709,0.2267,0.4455
PAAD,BRD4132,35,-0.1587114845938375,-0.2313989852843418,-0.0282,0.2238,0.7723
PAAD,TW-37,34,-0.1589304812834224,-0.2541420814399663,-0.11,0.2511,0.5842
PAAD,A-804598,28,-0.0693508861894517,-0.2089962611413132,-0.0539,0.2519,0.5347
PAAD,BMS-345541,35,0.3526610644257703,0.2854168075651419,-0.0688,0.2187,0.0396
PAAD,N-acetyl cysteine,25,-0.0838461538461538,-0.2745838303928651,-0.0723,0.2767,0.495
PAAD,BEN,23,-0.0849802371541501,-0.2577354392629298,-0.098,0.2716,0.4851
PAAD,BRD-K45681478,35,0.0352380952380952,-0.0175336283427068,-0.0618,0.2125,0.3564
PAAD,MN-64,23,-0.2330039525691699,-0.3324059211768869,-0.0629,0.2995,0.6832
PAAD,BRD-K02251932,35,-0.2451152047470457,-0.2924117045901889,-0.0961,0.2036,0.7921
PAAD,DBeQ,35,0.0325793123566644,-0.0375821979359371,-0.056,0.221,0.3564
PAAD,Sepantronium bromide,27,0.0544566544566544,-0.0548426378819509,-0.0508,0.2594,0.4059
PAAD,gossypol,35,0.0540654108756341,-0.0290206989338853,-0.0571,0.2228,0.3366
PAAD,LMP744,23,-0.2956521739130435,-0.4352996083990987,-0.0756,0.2889,0.7327
PAAD,GSK1059615,26,-0.1663589743589743,-0.354221304952848,-0.0334,0.2843,0.6931
PAAD,sirolimus,36,0.3404375804375805,0.2713474245861024,-0.055,0.2187,0.0396
PAAD,betulinic acid,34,0.0007353530831514,-0.0579207067208761,-0.0678,0.2358,0.3861
PAAD,BRD1835,35,0.2116526610644257,0.1372357720419727,-0.0297,0.2349,0.1584
PAAD,tacrolimus,34,0.0881858515903692,-0.0593318024288032,-0.0301,0.2312,0.3465
PAAD,lovastatin,36,0.0871557271557271,0.0229553533806647,-0.046,0.2521,0.2871
PAAD,UNC0638,35,-0.2578151260504202,-0.3754327077170605,-0.0569,0.2216,0.802
PAAD,NVP-TAE684,36,-0.0291377091377091,-0.1386833316372605,-0.0574,0.2368,0.495
PAAD,BRD-K19103580,36,0.0741312741312741,0.0135453451995969,-0.0653,0.2025,0.2475
PAAD,marinopyrrole A,25,-0.1443076923076923,-0.2831821138410079,-0.0989,0.2665,0.5545
PAAD,barasertib,35,-0.1174789915966386,-0.2091852521869028,-0.0183,0.2313,0.6733
PAAD,Sabutoclax,23,0.2772727272727273,0.2126720189832186,-0.094,0.2729,0.1089
PAAD,BRD-K24690302,36,-0.2167192230499643,-0.3240001274076717,-0.0541,0.2268,0.7228
PAAD,paclitaxel,36,0.5186100386100386,0.4193625255678405,-0.0795,0.2118,0.0099
PAAD,Refametinib,25,-0.0615384615384615,-0.1513455557878291,-0.0081,0.2531,0.6238
PAAD,PRIMA-1,34,0.147624140565317,0.0707699935822792,-0.0548,0.2179,0.198
PAAD,KU-0063794,34,0.1802597402597402,0.0991563701878291,0.0071,0.224,0.2673
PAAD,obatoclax,36,-0.1502702702702703,-0.2659124974233182,-0.055,0.2154,0.6733
PAAD,BRD-K35604418,36,-0.1607722007722007,-0.1854164066833901,-0.0484,0.2356,0.6733
PAAD,Ribociclib,27,0.0245421245421245,-0.1067405566351392,-0.115,0.2308,0.2673
PAAD,axitinib,37,0.2056899004267425,0.1694021884537434,-0.0795,0.2046,0.099
PAAD,niclosamide,37,0.5119279252307608,0.4399648840422871,-0.0761,0.1973,0.0198
PAAD,Dactinomycin,27,0.5818070818070817,0.4943010735394061,-0.0559,0.2809,0.0198
PAAD,SJ-172550,35,-0.1729996967006447,-0.3172945725150804,-0.1047,0.238,0.6139
PAAD,P22077,27,0.046031746031746,-0.0894847592671123,-0.0495,0.2306,0.297
PAAD,BRD-K51831558,20,-0.2119593982162381,-0.2440910351092164,-0.0866,0.2392,0.703
PAAD,WIKI4,27,0.4561660561660561,0.3906753406196719,-0.0289,0.2532,0.0594
PAAD,zebularine,36,-0.0097309821889908,-0.0524594500944676,-0.0567,0.2294,0.4059
PAAD,BRD-K29313308,36,0.0368597168597168,-0.1006482959488447,-0.0357,0.2079,0.4059
PAAD,AZD5153,23,-0.0347826086956521,-0.2022427167256117,-0.0872,0.2608,0.4455
PAAD,PL-DI,35,0.0685154061624649,-0.0287347973926087,-0.079,0.1953,0.2871
PAAD,glutathione,25,0.2267692307692307,0.1085048236030556,-0.0848,0.2668,0.1782
PAAD,CZC24832,23,0.2521739130434782,0.1350946352826065,-0.1071,0.269,0.1089
PAAD,simvastatin,35,-0.0782633053221288,-0.1564562267680277,-0.0605,0.2138,0.5545
PAAD,TPCA-1,35,-0.066610644257703,-0.1537250924829024,-0.0121,0.2266,0.6337
PAAD,KU-60019,35,0.0819047619047619,-0.0022588158475485,-0.0718,0.2352,0.2574
PAAD,ciclopirox,36,-0.1192792792792793,-0.2295408826600529,-0.0575,0.2377,0.5842
PAAD,WZ4003,23,-0.3588932806324111,-0.4818132507939213,-0.1063,0.2774,0.7822
PAAD,gemcitabine,33,0.1909090909090909,0.1175297550752103,-0.0547,0.2336,0.1584
PAAD,indisulam,33,0.2295454545454545,0.1363334097736384,-0.0578,0.2378,0.1089
PAAD,SMER-3,31,-0.2549193548387097,-0.3144398281481187,-0.0882,0.2298,0.7327
PAAD,tretinoin,36,-0.1790990990990991,-0.2486143278992926,-0.0468,0.2233,0.7228
PAAD,BRD-K71935468,35,0.2900280112044818,0.1974038961079041,-0.0405,0.213,0.0693
PAAD,Picolinici-acid,23,0.2909090909090909,0.2079090857328611,-0.0537,0.2817,0.1188
PAAD,GSK2606414,23,0.2053359683794466,0.0800733263381527,-0.086,0.2842,0.1584
PAAD,CAY10618,36,0.0952895752895753,-0.0032244600777445,-0.0688,0.2081,0.2673
PAAD,necrostatin-7,36,-0.2214212225809158,-0.3353669581577767,-0.0419,0.2055,0.802
PAAD,tivozanib,35,0.4686274509803922,0.4188268026395986,-0.061,0.2069,0.0099
PAAD,BYL-719,36,0.2782496782496783,0.2399671264801553,-0.0627,0.2432,0.0792
PAAD,PD0325901,27,-0.1383394383394383,-0.1661057949658287,-0.0632,0.2494,0.6337
PAAD,AZ960,23,0.0100790513833992,-0.1713006679976798,-0.0674,0.2661,0.4257
PAAD,AGK-2,36,-0.0851994851994852,-0.1657848221179096,-0.0797,0.2243,0.5545
PAAD,neuronal differentiation inducer III,36,-0.2747667165738591,-0.334573472459747,-0.0292,0.2231,0.8317
PAAD,AM-580,37,-0.1573681101752556,-0.3457358391002045,-0.0292,0.2266,0.703
PAAD,PI-103,37,0.5975697953713455,0.5822435141714082,-0.0469,0.2185,0.0099
PAAD,POMHEX,26,0.1452991452991453,-0.0125812961987892,-0.0776,0.2778,0.2376
PAAD,GSK591,27,0.1544566544566544,0.0094889782461158,-0.0489,0.24,0.1782
PAAD,isoevodiamine,37,0.212470365101944,0.1333130570439621,-0.0549,0.2299,0.1584
PAAD,PRT062607,23,0.3537549407114624,0.2658380325364603,-0.1346,0.266,0.0594
PAAD,"1S,3R-RSL-3",36,0.0554440154440154,-0.0524476198382565,-0.0283,0.2054,0.3564
PAAD,necrostatin-1,36,0.2401956372822447,0.1675420767357616,-0.0468,0.2137,0.1188
PAAD,PFI-1,26,0.0484786324786324,-0.0215850120896398,-0.0989,0.2523,0.3465
PAAD,SR-II-138A,37,-0.0590801327643432,-0.1524394289636558,-0.0263,0.2153,0.5842
PAAD,MG-132,30,0.0124137931034482,-0.2098931917389782,-0.0851,0.2272,0.3366
PAAD,Bosutinib,25,-0.1218461538461538,-0.2082194236538791,-0.0614,0.2522,0.5644
PAAD,ML258,36,0.0996648212782958,0.0025188523873626,-0.0533,0.215,0.2673
PAAD,topotecan,36,0.0518918918918918,-0.0645483160789914,-0.0621,0.2295,0.3465
PAAD,ICL-SIRT078,26,-0.1027692307692307,-0.2199621029721565,-0.1315,0.2363,0.396
PAAD,MGCD-265,36,-0.0396396396396396,-0.1650581809419298,-0.027,0.2047,0.5347
PAAD,LCL161,23,0.4223320158102767,0.3255084042227815,-0.0345,0.2721,0.0594
PAAD,cytarabine hydrochloride,36,-0.0635263835263835,-0.1899849838763294,-0.08,0.23,0.5545
PAAD,vandetanib,35,0.1424089635854341,0.0865904880881266,-0.0769,0.2302,0.1881
PAAD,Lestaurtinib,25,0.246,0.1145629506898418,-0.0622,0.2514,0.099
PAAD,TG-100-115,36,0.2380075942891045,0.1202532045224818,-0.0375,0.2009,0.0891
PAAD,MK-2206,36,0.203037323037323,0.1750842221473882,-0.0755,0.2264,0.1287
PAAD,GSK343,27,0.0245421245421245,-0.1042360318856709,-0.0804,0.247,0.3564
PAAD,afatinib,35,0.450140056022409,0.3961339931676954,-0.0311,0.2257,0.0297
PAAD,ML162,36,0.0796396396396396,-0.0763815574992727,-0.0518,0.2076,0.2871
PAAD,dexamethasone,36,-0.0309929854557735,-0.1378085804782718,-0.0361,0.2101,0.4653
PAAD,CID-5951923,34,-0.1968064792969677,-0.2633738703500409,-0.0973,0.2151,0.6832
PAAD,fumonisin B1,36,-0.0201853765701672,-0.1290491378110255,-0.0408,0.2166,0.5248
PAAD,Irinotecan,27,-0.1059829059829059,-0.2786535943759884,-0.0344,0.2442,0.604
PAAD,tandutinib,36,0.007001287001287,-0.0416509469673645,-0.0802,0.2282,0.3267
PAAD,Bromosporine,23,-0.4932806324110672,-0.6027895771170295,-0.1131,0.2748,0.9208
PAAD,PDMP,36,0.1372458172458172,0.0648295773812644,-0.0992,0.2401,0.1485
PAAD,piperlongumine,36,0.1248391248391248,0.0364508571241535,-0.0444,0.2305,0.2277
PAAD,tacedinaline,29,-0.2588177339901477,-0.3499108958516784,-0.0458,0.2445,0.802
PAAD,curcumin,36,0.4327691623608506,0.3540944066952607,-0.0469,0.2281,0.0297
PAAD,phloretin,37,-0.1331910858226647,-0.2623866199185235,-0.0331,0.2245,0.6436
PAAD,Pyridostatin,27,-0.2338217338217338,-0.3151602153163253,-0.075,0.2319,0.802
PAAD,Leflunomide,23,-0.1845849802371541,-0.3303348053279783,-0.0972,0.2573,0.604
PAAD,itraconazole,35,-0.4576791103036838,-0.509795581491334,-0.0763,0.2111,0.9802
PAAD,ML210,33,0.1020721925133689,0.0595526924005349,-0.0868,0.2242,0.2376
PAAD,etoposide,36,0.1196911196911197,0.0449181736589939,-0.038,0.2227,0.2574
PAAD,Podophyllotoxin bromide,23,0.2790513833992095,0.2543578973889344,-0.0928,0.2648,0.0693
PAAD,AZD4547,36,0.1299356499356499,0.0812300837654498,-0.0279,0.2374,0.2673
PAAD,Camptothecin,27,-0.3568986568986568,-0.4795739679357699,-0.0572,0.2241,0.8713
PAAD,BRD-K50799972,36,0.1834234234234234,0.1469394798350257,-0.0359,0.2187,0.198
PAAD,ML323,23,-0.0237154150197628,-0.1761507671556546,-0.0924,0.2625,0.3861
PAAD,I-BET151,35,-0.2387114845938375,-0.3625304880663055,-0.0483,0.2084,0.8119
PAAD,fulvestrant,28,-0.1592775041050903,-0.2783666619110643,-0.0774,0.2473,0.604
PAAD,austocystin D,32,0.5923020527859238,0.5522362595620933,-0.0622,0.2606,0.0099
PAAD,BRD-K42260513,20,-0.3338345864661654,-0.499745512740066,-0.1012,0.2664,0.8218
PAAD,BRD-K09587429,32,-0.3137774205725753,-0.4010731695615157,-0.0465,0.2225,0.8614
PAAD,erismodegib,36,-0.0337194337194337,-0.1238557677966694,-0.0568,0.2281,0.4851
PAAD,vorinostat,35,-0.2169187675070028,-0.3952039226803124,-0.0608,0.2258,0.7327
PAAD,CI-976,36,0.1628695108847558,0.1038836400702787,-0.0827,0.2341,0.1386
PAAD,BRD-K26531177,36,-0.3438867438867439,-0.4070175759421672,-0.0548,0.1996,0.901
PAAD,GSK2578215A,27,-0.0328449328449328,-0.1117969887476975,-0.0296,0.283,0.495
PAAD,AZ6102,27,0.0819291819291819,0.0167200077725871,-0.1014,0.2188,0.1881
PAAD,brivanib,36,-0.0053024453024453,-0.0865838359896106,-0.0748,0.232,0.396
PAAD,clofarabine,36,-0.1684427284427284,-0.2417440558541468,-0.0561,0.2418,0.6634
PAAD,UNC0379,26,0.3854358974358974,0.3143987464695514,-0.0589,0.2712,0.0792
PAAD,BMS-195614,35,0.0041456582633053,-0.0740208143904847,-0.0803,0.2184,0.3762
PAAD,N9-isopropylolomoucine,35,-0.1120448179271708,-0.2063116604590108,-0.0186,0.2308,0.6337
PAAD,prochlorperazine,35,-0.2065546218487395,-0.2666702883932496,-0.0228,0.1917,0.8119
PAAD,sunitinib,36,0.2665122265122265,0.1808907219774687,-0.0361,0.2215,0.099
PAAD,BRD-K34222889,36,0.2491634491634492,0.1808862616371702,-0.0473,0.2097,0.099
PAAD,masitinib,35,0.0464425770308123,-0.0187194590763778,-0.0198,0.2207,0.3861
PAAD,AZD5438,23,0.0739130434782608,-0.0602127886691085,-0.0767,0.2618,0.2871
PAAD,AZD5582,23,-0.1136363636363636,-0.2681855973376172,-0.1313,0.2811,0.4257
PAAD,epigallocatechin-3-monogallate,35,0.0272268907563025,-0.0819708043859267,-0.0597,0.218,0.3267
PAAD,lenvatinib,36,0.0044284244516183,-0.0455021864380217,-0.0139,0.1972,0.4851
PAAD,bardoxolone methyl,31,-0.2387096774193549,-0.3145600610518088,-0.0571,0.2296,0.7624
PAAD,IWP-2,23,0.3146245059288537,0.2455698843043416,-0.0793,0.28,0.0792
PAAD,I-BRD9,27,-0.1691086691086691,-0.3240726329278358,-0.0461,0.2572,0.6535
PAAD,UMI-77,26,0.0427350427350427,-0.108626571095153,-0.0646,0.2787,0.3663
PAAD,VX-11e,27,-0.3247863247863247,-0.4458079578263377,-0.0664,0.2683,0.8218
PAAD,ISOX,36,-0.143063063063063,-0.229674512124454,-0.0558,0.2316,0.6436
PAAD,EPZ004777,27,0.4630036630036629,0.4215518381896982,-0.0025,0.2607,0.0297
PAAD,BRD-K33199242,36,-0.2481977425209336,-0.3083778031719719,-0.037,0.2197,0.8218
PAAD,GSK4112,36,-0.4235278984251175,-0.5065155884198329,-0.0358,0.2019,0.9703
PAAD,decitabine,36,0.0071047043071374,-0.060049640568331,-0.1148,0.2339,0.3267
PAAD,ML006,36,-0.042448034066919,-0.1431907963006115,-0.0269,0.2243,0.5545
PAAD,MK-0752,35,0.305623643861745,0.2040572522712362,-0.0755,0.2172,0.0693
PAAD,Avagacestat,26,0.4483418803418803,0.3859506255990024,-0.0484,0.2773,0.0297
PAAD,gefitinib,37,0.3015173067804647,0.2409901911934419,-0.0684,0.2066,0.0297
PAAD,BRD-K55116708,32,0.0863486761813531,-0.0106834525390901,-0.094,0.2282,0.198
PAAD,manumycin A,35,0.0116823085611715,-0.0783528449809831,-0.0478,0.2219,0.4059
PAAD,RO-3306,27,0.2616605616605617,0.184798869153814,-0.0735,0.286,0.1485
PAAD,GNE-317,27,-0.1568986568986569,-0.2606064258305927,-0.0487,0.2409,0.6337
PAAD,BI-2536,36,0.5536679536679537,0.4705128160187501,-0.0794,0.2048,0.0099
PAAD,Zoledronate,23,-0.1241106719367588,-0.2235432020252912,-0.0257,0.2712,0.604
PAAD,KU-55933,36,0.2868983268983269,0.1719183744635901,-0.028,0.2206,0.0891
PAAD,Entospletinib,23,0.2881422924901186,0.1900065072302248,-0.116,0.2532,0.0891
PAAD,GSK2636771,30,-0.2121704318391001,-0.2502308958889722,-0.062,0.2288,0.7723
PAAD,VAF-347,26,-0.0971790063784096,-0.2180451574173322,-0.0771,0.2408,0.5644
PAAD,cediranib,30,-0.3585761957730812,-0.4131732849731369,-0.0594,0.2368,0.901
PAAD,PD318088,37,-0.1615457562825983,-0.2900202228911629,-0.0763,0.2373,0.604
PAAD,LGK974,27,0.4223443223443223,0.3946585259166113,-0.0616,0.2326,0.0495
PAAD,Savolitinib,27,-0.3826617826617826,-0.4922985307174256,-0.1164,0.2264,0.8614
PAAD,ibrutinib,35,-0.0749019607843137,-0.1473477141047381,-0.0912,0.2345,0.4851
PAAD,nintedanib,35,-0.1613838508054549,-0.2697882142567822,-0.0437,0.2285,0.6733
PAAD,RAF265,27,-0.1471306471306471,-0.18214981786112,-0.0708,0.2768,0.6139
PAAD,leptomycin B,36,0.0973487773487773,0.0136003609832709,-0.007,0.2305,0.3366
PAAD,Mirin,23,0.1618577075098814,-0.0144569336648948,-0.0778,0.2934,0.2376
PAAD,BRD-K11533227,35,0.0041456582633053,-0.0416816631836597,-0.0533,0.2421,0.4257
PAAD,ceranib-2,37,0.4568041725936462,0.4304053040970972,-0.0416,0.2178,0.0099
PAAD,Sinularin,23,0.050592885375494,-0.0655293377253,-0.0997,0.2567,0.3069
PAAD,ML050,36,0.0488030888030888,-0.0318879237480842,-0.0064,0.2087,0.4158
PAAD,compound 1B,34,-0.0191596638655462,-0.1252859201037993,-0.0267,0.1963,0.505
PAAD,PAC-1,34,0.0818640183346065,-0.0358189782959996,-0.0689,0.2137,0.2574
PAAD,parbendazole,37,0.235040303461356,0.1038314946985722,-0.0693,0.2092,0.0792
PAAD,CD-1530,35,-0.1146218487394958,-0.2811987225443013,-0.0964,0.2169,0.5347
PAAD,bendamustine,36,-0.327949032148301,-0.4449542726795681,-0.0125,0.2257,0.9208
PAAD,AZ-3146,36,-0.2954440154440155,-0.3874564814023277,-0.0713,0.2199,0.8317
PAAD,OF-1,23,-0.216600790513834,-0.3427184490604408,-0.0891,0.2557,0.6733
PAAD,LJI308,27,0.0814407814407814,-0.0339611469849355,-0.0754,0.2891,0.3465
PAAD,ML320,35,0.3357983193277311,0.1661154269893281,-0.0469,0.2087,0.0396
PAAD,NSC19630,35,-0.0442577030812325,-0.2198394612083369,-0.0371,0.208,0.4653
PAAD,KW-2449,35,0.3757125858362717,0.3033158609853583,-0.1029,0.2298,0.0396
PAAD,PLX-4720,36,0.7147490347490348,0.6882741303744631,-0.0486,0.2476,0.0099
PAAD,LE-135,36,0.1057915057915058,0.0121420969918487,-0.0417,0.2292,0.297
PAAD,vorapaxar,35,0.0147338935574229,-0.0917324044097978,-0.0559,0.2199,0.4257
PAAD,dasatinib,36,0.5042985842985843,0.4440231949739693,-0.0768,0.2268,0.0099
PAAD,docetaxel,30,0.2168186874304782,0.1168833318094614,-0.0324,0.2346,0.198
PAAD,trifluoperazine,35,0.0663305322128851,0.0087443159544748,-0.0505,0.2175,0.3267
PAAD,SKI-II,34,0.04244461420932,-0.0216478318200073,-0.0537,0.2282,0.3366
PAAD,SNX-2112,36,0.0468468468468468,-0.0397751221104943,-0.0665,0.2135,0.3267
PAAD,GSK461364,37,0.2297297297297297,0.1741484761296458,-0.034,0.2079,0.1683
PAAD,Compound 23 citrate,35,0.1942296918767507,0.0523690807026433,-0.068,0.253,0.198
PAAD,alisertib,36,0.2506048906048906,0.1869711712716461,-0.0359,0.2034,0.0891
PAAD,CHM-1,35,0.2781512605042017,0.1502912062884604,-0.0471,0.2267,0.1089
PAAD,3-Cl-AHPC,36,0.077014157014157,-0.0288465173787612,-0.0401,0.2297,0.3069
PAAD,Obatoclax Mesylate,27,0.438949938949939,0.3910762221461362,-0.0825,0.2487,0.0198
PAAD,momelotinib,34,-0.1449766984137911,-0.2373970729277605,-0.0819,0.2372,0.6337
PAAD,BMS-536924,36,0.2193564993564993,0.1152369384311304,-0.0686,0.2223,0.1089
PAAD,VER-155008,36,-0.0325353925353925,-0.0694193300778027,-0.0208,0.2089,0.5149
PAAD,nakiterpiosin,35,0.1969187675070028,0.1732987979812001,-0.1011,0.237,0.0891
PAAD,pifithrin-mu,36,0.0702187902187902,-0.0207165758132986,-0.0264,0.2117,0.3663
PAAD,123138,23,0.3559288537549407,0.2795227949077827,-0.0569,0.2697,0.1089
PAAD,123829,23,-0.0691699604743083,-0.2797055406370421,-0.0945,0.2784,0.4455
PAAD,150412,23,0.1247035573122529,-0.0439506704069204,-0.0991,0.269,0.2178
PAAD,50869,23,-0.4664031620553359,-0.6480139429732051,-0.1112,0.2787,0.8911
PAAD,615590,23,0.1739130434782608,0.083719531362873,-0.085,0.2947,0.1782
PAAD,630600,23,-0.0954545454545454,-0.2661978298474423,-0.0654,0.2905,0.505
PAAD,667880,23,0.0162055335968379,-0.1534346460797422,-0.1117,0.2649,0.3168
PAAD,720427,23,-0.2887351778656126,-0.489888265591948,-0.0642,0.2794,0.7822
PAAD,729189,23,0.2648221343873518,0.2037143987628544,-0.0599,0.2573,0.1287
PAAD,741909,23,0.3436758893280632,0.3158687255549268,-0.0648,0.268,0.0792
PAAD,743380,23,0.2367588932806324,0.1250621274022318,-0.0617,0.2821,0.1584
PAAD,765771,23,0.3169960474308301,0.1492919617780379,-0.0816,0.2494,0.0792
PAAD,776928,23,-0.0934782608695652,-0.1515280654533354,-0.0777,0.2792,0.5347
PAAD,BDF00022089a,23,-0.100592885375494,-0.2397398129597529,-0.1047,0.2729,0.5446
PAAD,BDILV000379a,23,0.2701581027667984,0.1857820729424979,-0.0516,0.2626,0.1287
PAAD,BDOCA000347a,23,-0.2183794466403162,-0.3018647636330945,-0.0609,0.2979,0.6733
PAAD,BDP-00009066,26,-0.0715897435897435,-0.2418823914808096,-0.1132,0.2696,0.4752
PAAD,BPD-00008900,26,-0.4559999999999999,-0.5964832869596859,-0.0922,0.2513,0.9307
PAAD,CDK9_5038,23,0.1640316205533597,0.0639103642558131,-0.073,0.256,0.198
PAAD,CDK9_5576,23,0.2950592885375494,0.2551855666190228,-0.0941,0.2699,0.1089
PAAD,CT7033-2,26,-0.0527179487179487,-0.1704934336342878,-0.0535,0.2479,0.5248
PAAD,Eg5_9814,23,0.1193675889328063,-0.0373321249308581,-0.0821,0.2764,0.2475
PAAD,ERK_2440,23,0.4448616600790513,0.3736969046916499,-0.1166,0.2702,0.0198
PAAD,ERK_6604,23,0.1092885375494071,0.0220642618527544,-0.1076,0.2572,0.2277
PAAD,GSK2256098C,23,0.3094861660079051,0.1970149901094132,-0.0139,0.2678,0.1188
PAAD,GSK2830371A,23,-0.4015810276679842,-0.5408063790947314,-0.0393,0.2492,0.9307
PAAD,GSK3337463A,23,0.0869565217391304,-0.0387792617896809,-0.0464,0.2871,0.3465
PAAD,GSK626616AC,23,0.2031620553359683,0.0749600270174161,-0.0175,0.2744,0.2673
PAAD,IGF1R_3801,23,0.1298418972332015,-0.098609959146863,-0.0816,0.2398,0.2178
PAAD,IRAK4_4710,23,0.3614624505928854,0.2779672494805496,-0.1052,0.286,0.0693
PAAD,JAK1_8709,23,0.3025691699604743,0.1472097160438843,-0.1146,0.2292,0.0495
PAAD,JAK_8517,23,-0.1535573122529644,-0.3167591022526105,-0.1158,0.2723,0.5941
PAAD,LMB_AB1,23,0.0859683794466403,-0.0799871096432795,-0.0644,0.3172,0.3663
PAAD,LMB_AB2,23,-0.1851778656126482,-0.4356499910399805,-0.0146,0.289,0.7624
PAAD,LMB_AB3,23,0.1482213438735177,0.0523644955933104,-0.0558,0.2294,0.1881
PAAD,N25720-51-A1,26,-0.4183931623931624,-0.5257144997898703,-0.0857,0.2556,0.901
PAAD,N27922-53-1,26,0.1254700854700854,0.0530661178650775,-0.0784,0.2367,0.2178
PAAD,N29087-69-1,26,0.0849914529914529,-0.0208713633034299,-0.1282,0.2599,0.2178
PAAD,N30652-18-1,26,-0.0654358974358974,-0.1492254167117457,-0.0947,0.2615,0.4356
PAAD,PAK_5339,23,-0.4075098814229249,-0.4918614568106997,-0.1196,0.2879,0.8119
PAAD,PBD-288,26,0.2384273504273504,0.1799931310934774,-0.0727,0.2496,0.0792
PAAD,TAF1_5496,23,-0.0096837944664031,-0.1326205473233837,-0.0216,0.2804,0.495
PAAD,THR-101,24,0.0144347826086956,-0.0948863437573608,-0.0952,0.2792,0.4059
PAAD,THR-102,24,0.1815652173913043,0.1163944687138815,-0.1312,0.2528,0.1584
PAAD,THR-103,24,-0.041391304347826,-0.1647990336710365,-0.1152,0.2704,0.4059
PAAD,ULK1_4989,23,-0.0733201581027667,-0.1413701600286417,-0.0489,0.2687,0.5743
PAAD,VSP34_8731,23,-0.2075098814229249,-0.4418144865902682,-0.0568,0.3029,0.703
PAAD,VTP-A,26,0.3848888888888888,0.3541390470509434,-0.081,0.273,0.0495
PAAD,VTP-B,26,0.4015726495726495,0.3518553782596262,-0.0725,0.2319,0.0297
SARC,GSK525762A,30,0.0844938820912124,0.0476330466609728,-0.061,0.2172,0.2376
SARC,erlotinib,30,0.0913459399332591,-0.0307703111143991,-0.0472,0.2499,0.3366
SARC,BMS-270394,28,0.066119321291735,-0.1432359491872174,-0.0473,0.2293,0.3168
SARC,KU 0060648,28,0.199671592775041,0.1242070575152795,-0.0546,0.2416,0.1683
SARC,Merck60,29,0.2197044334975368,0.1258846705520685,-0.0553,0.2574,0.1485
SARC,pyrazolanthrone,28,0.1867542419266557,0.1012580470955236,-0.0733,0.2339,0.1584
SARC,Afuresertib,24,0.2695652173913043,0.1097668158529425,-0.0674,0.2759,0.1089
SARC,alpha-lipoic acid,23,-0.0970355731225296,-0.2654872863532239,-0.0724,0.2772,0.5347
SARC,BRD-K97651142,28,0.3250136836343732,0.2154273848438494,-0.0368,0.2529,0.0891
SARC,Palbociclib,24,0.5132173913043478,0.4508480406811093,-0.1054,0.2731,0.0297
SARC,Compound 7d-cis,23,0.3758893280632411,0.3434892561791395,-0.0516,0.2632,0.0396
SARC,BRD-K88742110,30,0.3050055617352614,0.2518666082505933,-0.0669,0.2598,0.099
SARC,BRD-K14844214,27,0.1935582376390142,0.1264260248136828,-0.0435,0.2363,0.1782
SARC,bosutinib,27,0.2659340659340659,0.21858421250177,-0.0768,0.2471,0.0495
SARC,avrainvillamide,22,-0.0003388873334797,-0.1860339204824353,-0.09,0.2564,0.3069
SARC,doxorubicin,30,0.4218464961067852,0.4064212752322512,-0.0776,0.2358,0.0396
SARC,BRD-K80183349,28,0.2609742747673782,0.1444587484107982,-0.048,0.2203,0.1089
SARC,CHIR-99021,28,0.5270935960591133,0.4846197783537327,-0.1033,0.2305,0.0099
SARC,PYR-41,24,-0.0617391304347825,-0.1201885706254391,-0.0843,0.2898,0.4752
SARC,palmostatin B,24,0.2504347826086956,0.1457622917429224,-0.0749,0.2403,0.1188
SARC,UNC0321,29,-0.4527353925905104,-0.5568148747720038,-0.0639,0.2404,0.9406
SARC,SCH-79797,29,0.5830541871921182,0.5385338950879904,-0.0781,0.2395,0.0099
SARC,spautin-1,27,0.2739926739926739,0.224212307524812,-0.0579,0.2703,0.1287
SARC,Uprosertib,24,0.2269565217391304,0.0762166154444917,-0.093,0.2511,0.1188
SARC,tanespimycin,30,0.5520355951056729,0.4914574696027609,-0.0843,0.2301,0.0099
SARC,BRD-K02492147,22,0.0206662902315076,-0.1208283760402478,-0.0274,0.2623,0.4554
SARC,GSK-LSD1,22,0.2264257481648786,0.1508699593908454,-0.0728,0.2875,0.1485
SARC,lapatinib,30,0.3034037819799777,0.2555190403694857,-0.041,0.2077,0.0594
SARC,SGX-523,28,0.0743295019157088,0.0507099337458952,-0.06,0.2465,0.3465
SARC,nutlin-3,30,0.5983982202447165,0.5689397214347522,-0.0552,0.2062,0.0099
SARC,Repligen 136,27,0.27745382707624,0.19823917784743,-0.0299,0.2574,0.1485
SARC,Taselisib,24,-0.0780869565217391,-0.3305252079978527,-0.053,0.2388,0.5446
SARC,BRD-K94991378,26,-0.0536752136752136,-0.1046052360452319,-0.0771,0.2544,0.4356
SARC,dabrafenib,27,-0.3965811965811966,-0.5392749968564987,-0.0371,0.2481,0.9307
SARC,CPI-637,23,0.0492094861660079,-0.0883813879387467,-0.1142,0.2613,0.2574
SARC,PRIMA-1-Met,26,0.1752478632478632,-0.074943566720472,-0.0697,0.2446,0.1584
SARC,StemRegenin 1,29,0.1282758620689654,0.0085814719938338,-0.0646,0.2208,0.2079
SARC,HBX-41108,23,0.6634387351778657,0.6419450739746642,-0.09,0.2698,0.0099
SARC,PF-750,27,0.1804639804639804,0.1367198129076853,-0.1056,0.2232,0.1287
SARC,A-366,23,-0.3270750988142293,-0.4897824428249678,-0.0898,0.269,0.802
SARC,erastin,28,0.294471811713191,0.215877445988732,-0.0733,0.1992,0.0495
SARC,MK-1775,30,0.0398220244716351,-0.0466001883420184,-0.0515,0.2489,0.3663
SARC,sildenafil,28,0.2264915161466885,0.1639626377755796,-0.0378,0.2323,0.1287
SARC,GMX-1778,28,0.5573070607553366,0.5222011845771095,-0.0661,0.2784,0.0297
SARC,PX-12,27,0.4516483516483516,0.4050409380271675,-0.0197,0.2608,0.0297
SARC,temozolomide,30,0.1329032258064515,0.0567723822138538,-0.0725,0.2407,0.2178
SARC,Vismodegib,24,-0.2346086956521738,-0.4618126444450369,-0.0727,0.2339,0.7327
SARC,BRD-K66453893,28,0.3992337164750957,0.3448591014595187,-0.0904,0.2467,0.0198
SARC,GDC0810,24,0.4495652173913043,0.3303948578484516,-0.0576,0.243,0.0099
SARC,FQI-2,29,0.3989162561576353,0.3033786300494986,-0.0592,0.2555,0.0594
SARC,temsirolimus,27,0.4754578754578754,0.4136345651003929,-0.099,0.2588,0.0099
SARC,AGI-6780,23,-0.525098814229249,-0.624263139178572,-0.097,0.2323,0.9802
SARC,Serdemetan,24,0.5890434782608696,0.5038148390031855,-0.0659,0.2497,0.0099
SARC,pitstop2,24,0.2633043478260869,0.211543217362745,-0.0526,0.2503,0.1386
SARC,ascorbate (vitamin C),24,-0.1311304347826087,-0.2807469365664999,-0.0915,0.2367,0.5149
SARC,cyclophosphamide,27,-0.0578754578754578,-0.1773248313498921,-0.0691,0.2675,0.505
SARC,TGX-221,28,-0.068199233716475,-0.2710902363352319,-0.0587,0.2504,0.4653
SARC,procarbazine,26,0.2771236939445385,0.1841260895975804,-0.0905,0.2585,0.0792
SARC,fluvastatin,28,-0.0808976464148878,-0.1281328844927209,-0.0665,0.26,0.5545
SARC,BRD-K41597374,28,0.3660645867542419,0.3284303565144515,-0.0626,0.2228,0.0594
SARC,pazopanib,27,0.0649572649572649,-0.0284371047409604,-0.0508,0.2491,0.396
SARC,BRD-K28456706,28,0.4522167487684728,0.4089876910918734,-0.0754,0.2514,0.0099
SARC,quizartinib,28,-0.057799671592775,-0.1336302529291288,-0.0739,0.2604,0.5149
SARC,Buparlisib,24,0.3598260869565217,0.2588754488326439,-0.0814,0.2419,0.0693
SARC,16-beta-bromoandrosterone,25,-0.2950769230769231,-0.40887583660217,-0.0968,0.2374,0.7921
SARC,KH-CB19,22,-0.1552103987337424,-0.2688548722988868,-0.1018,0.2663,0.5644
SARC,foretinib,30,0.569833147942158,0.5286552659046573,-0.03,0.2112,0.0099
SARC,ML029,28,0.1553366174055829,0.066910943654485,-0.0518,0.228,0.2277
SARC,selumetinib,30,0.2270522803114572,0.167003122510872,-0.0907,0.237,0.1188
SARC,GSK-3 inhibitor IX,28,-0.3251231527093596,-0.4403622184714166,-0.1038,0.2308,0.8416
SARC,NSC23766,27,0.6199023199023199,0.5144349717268946,-0.0737,0.2422,0.0099
SARC,GDC-0879,28,0.4953058757208923,0.4266042468434827,-0.0813,0.231,0.0099
SARC,triptolide,26,0.5038632478632479,0.4179609040759162,-0.038,0.2374,0.0198
SARC,KHS101,27,0.0907203907203907,-0.0232897501509006,-0.0282,0.2707,0.3663
SARC,SB-525334,29,0.5794309687995617,0.5518348846115699,-0.0625,0.2331,0.0099
SARC,JQ-1,30,0.105761957730812,-0.0153119710352706,-0.0928,0.2334,0.2277
SARC,Wee1 Inhibitor,24,-0.0959999999999999,-0.2332064573149619,-0.0219,0.2635,0.6238
SARC,ETP-46464,24,0.205391304347826,0.0619955768762976,-0.0542,0.2607,0.1683
SARC,Oxaliplatin,24,0.4278260869565217,0.3652786115738288,-0.0923,0.2269,0.0198
SARC,AZD7545,26,-0.2877948717948718,-0.4744661077503435,-0.0422,0.2613,0.802
SARC,Dihydrorotenone,22,-0.0470920383963862,-0.1264011266422225,-0.0756,0.2444,0.4257
SARC,AZD6738,24,0.560695652173913,0.5275532074261831,-0.0518,0.2366,0.0198
SARC,VE821,24,0.0358260869565217,-0.0240045330941861,-0.0383,0.2609,0.396
SARC,Osimertinib,24,-0.0443478260869565,-0.138035812134681,-0.0642,0.2815,0.5446
SARC,NPC-26,27,-0.1505494505494505,-0.285471926484271,-0.0817,0.2428,0.6139
SARC,PD173074,24,0.049391304347826,-0.1639113498293242,-0.117,0.2357,0.2376
SARC,triazolothiadiazine,28,0.3164636679423606,0.291244125372717,-0.0605,0.241,0.0693
SARC,CAY10594,26,-0.0569572649572649,-0.1378234504526762,-0.1128,0.2336,0.4356
SARC,methotrexate,29,0.5239408866995073,0.4877338614123799,-0.0068,0.2203,0.0099
SARC,Compound 1541A,26,0.5483076923076924,0.5141698791017852,-0.0604,0.2333,0.0099
SARC,dacarbazine,30,-0.0545939933259176,-0.1434188501999616,-0.079,0.2386,0.495
SARC,olaparib,30,0.5566629588431591,0.5101290071766846,-0.0675,0.2269,0.0099
SARC,OSI-930,21,0.6075324675324675,0.5733304232264506,-0.0625,0.2459,0.0099
SARC,SB-431542,28,-0.1666119321291735,-0.2864307194733103,-0.0386,0.2606,0.703
SARC,SN-38,28,0.1571975916803502,0.1370261563233206,-0.0432,0.2217,0.1782
SARC,regorafenib,29,0.1089655172413792,0.0180614664806531,-0.0249,0.2176,0.2871
SARC,necrosulfonamide,22,0.5582156973461323,0.5135645424637224,-0.071,0.2629,0.0099
SARC,AGI-5198,24,0.1106086956521739,-0.024163517983434,-0.0557,0.2386,0.2574
SARC,Ch-55,28,0.2875752599890531,0.2319845003674577,-0.0554,0.2469,0.1089
SARC,LBH-589,28,0.5129720853858785,0.4772519746973642,-0.1105,0.2607,0.0198
SARC,SU11274,28,-0.3066648448042042,-0.4034562666247056,-0.0467,0.2494,0.8119
SARC,BRD-K13999467,26,0.0531282051282051,-0.0498222226740814,-0.0526,0.2607,0.3762
SARC,GW-405833,27,0.4781440781440781,0.4525042719052672,-0.0408,0.2577,0.0198
SARC,BRD-K85133207,28,-0.0732995764357067,-0.1888964331401488,-0.0641,0.2441,0.4653
SARC,EX-527,26,0.0986320167120179,0.0243272190686204,-0.0815,0.2602,0.2475
SARC,tosedostat,28,-0.00415982484948,-0.089383126658892,-0.03,0.2425,0.5347
SARC,BRD-K64610608,28,0.0070060207991242,-0.0306969539565513,-0.0703,0.2376,0.3762
SARC,purmorphamine,25,-0.2978461538461538,-0.4098174584541706,-0.066,0.2171,0.8515
SARC,L-Oxonoreleagnine,22,-0.1494071146245059,-0.2528161675942136,-0.0721,0.2513,0.6634
SARC,Vinorelbine,24,0.1942608695652173,0.0851631702102957,-0.0939,0.2598,0.1584
SARC,cytochalasin B,28,-0.0841817186644772,-0.1979211654875847,-0.0832,0.2411,0.495
SARC,BRD-K04800985,27,0.4357753357753357,0.3719195921506336,-0.0749,0.242,0.0198
SARC,B02,28,0.5658456486042692,0.5312599665314505,-0.0685,0.2542,0.0198
SARC,SGC-CBP30,22,0.0610954263128176,-0.1727233408130691,-0.0792,0.2868,0.3069
SARC,fluorouracil,30,0.5525695216907676,0.5182029266224258,-0.0808,0.2385,0.0099
SARC,ML203,27,0.1017094017094017,0.0430029770325255,-0.0287,0.2334,0.2871
SARC,MK-8776,24,0.1676521739130434,0.0447328882900305,-0.0628,0.2483,0.198
SARC,OTX015,23,-0.2658102766798419,-0.3832599733667862,-0.0433,0.276,0.8119
SARC,IC-87114,28,-0.0312576983904321,-0.2351248766837599,-0.0468,0.2261,0.4851
SARC,Lenalidomide,24,0.1940869565217391,0.1384369333024266,-0.1329,0.2579,0.1485
SARC,PLX-4032,28,-0.083743842364532,-0.300228043847997,-0.0747,0.2213,0.5446
SARC,hyperforin,26,-0.4499829059829059,-0.6065212971401079,-0.0342,0.2639,0.9406
SARC,Ipatasertib,24,0.3629565217391304,0.2606522005358596,-0.0703,0.2704,0.0693
SARC,cerulenin,28,0.4649151614668855,0.4222539780432928,-0.1104,0.2389,0.0099
SARC,SRT-1720,26,0.4288596403933898,0.3096990149268841,-0.0361,0.2569,0.0297
SARC,bortezomib,30,-0.0996218020022246,-0.2356055162138764,-0.0586,0.258,0.5941
SARC,GW441756,24,0.0248695652173913,-0.0568176053907646,-0.0491,0.2641,0.4158
SARC,LY-2183240,27,0.6166056166056166,0.5874227698991188,-0.075,0.2635,0.0099
SARC,Fludarabine,22,0.3847543760587239,0.2413355018193016,-0.1489,0.2575,0.0297
SARC,SCH772984,24,0.2356521739130434,0.1595477473969089,-0.0536,0.2412,0.1485
SARC,BRD8958,28,-0.3565363719786686,-0.5225321469930766,-0.0598,0.2753,0.8416
SARC,PF-573228,28,0.0392993979200875,-0.1037794613131473,-0.0949,0.2407,0.2574
SARC,ruxolitinib,30,-0.1895884315906562,-0.2709108233999695,-0.044,0.2234,0.7525
SARC,ZSTK474,28,0.0838533114395183,-0.0024247771719501,-0.0647,0.2433,0.2673
SARC,nilotinib,30,-0.0437374860956618,-0.1354504635568993,-0.0719,0.2301,0.4554
SARC,XL765,28,0.221127531472359,0.1142250528879876,-0.0448,0.2461,0.1386
SARC,importazole,28,-0.0140120415982484,-0.0862349431062789,-0.0932,0.2722,0.4257
SARC,staurosporine,26,0.1745641025641025,0.1031814099089867,-0.0232,0.2592,0.2475
SARC,YK 4-279,30,0.5205339265850946,0.4942922846252323,-0.0742,0.2303,0.0099
SARC,Rucaparib,24,0.4439999999999999,0.34927965245555,-0.0933,0.2517,0.0198
SARC,ML083,28,0.5098125133276603,0.4181066347164232,-0.0493,0.2406,0.0198
SARC,ABT-737,29,0.4342857142857141,0.3870526739947816,-0.0494,0.2189,0.0297
SARC,Mycophenolic acid,23,0.4098814229249011,0.3119717956416278,-0.0534,0.2775,0.0891
SARC,RG-108,27,0.2367633698159023,0.1643395430854782,-0.0709,0.2563,0.1386
SARC,IPR-456,27,0.1299145299145299,0.0649043715125624,-0.0869,0.2698,0.2178
SARC,salermide,24,0.3113043478260869,0.2247828824124932,-0.0716,0.2704,0.1287
SARC,BRD1812,27,0.5688644688644688,0.5194782707258562,-0.0739,0.2501,0.0099
SARC,Schweinfurthin A,22,0.5171089779785433,0.476695684046684,-0.0996,0.2542,0.0099
SARC,Elephantin,22,-0.0423489553924336,-0.1827322828776334,-0.0533,0.2341,0.495
SARC,BRD-K66532283,27,-0.1195360195360195,-0.2492094305077359,-0.074,0.2347,0.5347
SARC,KX2-391,29,0.3150738916256156,0.2172657083614512,-0.0463,0.2402,0.0792
SARC,PHA-793887,28,0.5276409414340449,0.5055507005185172,-0.0913,0.2434,0.0099
SARC,BRD-K17060750,27,0.0372322627064403,-0.1368840964345276,-0.0756,0.2395,0.3663
SARC,Talazoparib,24,0.7259130434782607,0.652348368467412,-0.0668,0.2582,0.0099
SARC,NSC 74859,25,-0.142,-0.2363996001395603,-0.1015,0.2723,0.5347
SARC,AC55649,26,0.2076607508583123,0.1477354435404463,-0.0769,0.2311,0.1584
SARC,PRL-3 inhibitor I,29,-0.1939155083066979,-0.3481872877095635,-0.0523,0.2248,0.7327
SARC,omacetaxine mepesuccinate,24,0.5471304347826086,0.5207796519954282,-0.0545,0.2407,0.0099
SARC,isonicotinohydroxamic acid,24,-0.164122639235333,-0.2550364908435691,-0.139,0.258,0.495
SARC,AZD7762,30,0.1935928809788654,0.1271368304603173,-0.0532,0.2377,0.1386
SARC,NVP-BSK805,27,0.2018315018315018,0.1545391371715289,-0.0477,0.2434,0.1584
SARC,BRD-K52037352,22,-0.1686053077357425,-0.2659951029091015,-0.0713,0.2569,0.5941
SARC,BRD-K16147474,21,-0.1911151932426487,-0.3448277392311216,-0.0432,0.2506,0.6832
SARC,CCT036477,28,0.3735084838533114,0.3229370593694678,-0.0704,0.2493,0.0396
SARC,CAL-101,27,-0.2006105006105006,-0.3034626232676046,0.0157,0.2685,0.7624
SARC,LY2109761,23,0.3033596837944664,0.1007900723035757,-0.072,0.2589,0.0891
SARC,AT13148,23,-0.2134387351778655,-0.3337939257631762,-0.0859,0.2411,0.6832
SARC,myricetin,28,-0.0234843303143526,-0.1132565160979502,-0.0966,0.227,0.4257
SARC,PFI3,23,0.217391304347826,0.1035714922918391,-0.0535,0.2781,0.1683
SARC,WAY-362450,29,-0.4106909749097139,-0.493838417274991,-0.082,0.2232,0.9208
SARC,entinostat,30,0.3915016685205784,0.3379822335357398,-0.0568,0.2199,0.0297
SARC,BRD-M00053801,22,-0.1568605307735742,-0.3585624962005334,-0.152,0.2589,0.4851
SARC,SGC0946,24,0.3012173913043477,0.1884472497387123,-0.0672,0.2549,0.0693
SARC,AZD6482,28,0.1905856595511768,0.0791311962689261,-0.0276,0.2573,0.2376
SARC,WZ4002,24,0.5064347826086955,0.4851502143993957,-0.0909,0.2799,0.0297
SARC,BRD-A71883111,28,0.0176245210727969,-0.1294689666170247,-0.0563,0.2382,0.396
SARC,GSK2830371,23,0.2181818181818182,0.0722660895380428,-0.08,0.245,0.1287
SARC,LRRK2-IN-1,24,0.3041739130434782,0.2414701249685828,-0.0557,0.237,0.0693
SARC,VU0155056,27,-0.0129426129426129,-0.1310842685934135,-0.1014,0.271,0.4257
SARC,nelarabine,28,0.1300492610837438,0.0483759403524908,-0.0533,0.2242,0.1881
SARC,NU7441,25,0.3269230769230769,0.256157839577555,-0.1256,0.2467,0.0594
SARC,serdemetan,25,0.592,0.5675372567302025,-0.0733,0.2462,0.0099
SARC,chlorambucil,27,0.1776556776556776,0.1272669629184596,-0.0736,0.2289,0.1485
SARC,SB216763,24,0.4737391304347825,0.4218966907619745,-0.0342,0.2583,0.0396
SARC,AZD5363,24,-0.2739130434782608,-0.3954128430066725,-0.0651,0.2787,0.7624
SARC,PIK-93,27,0.1322344322344322,0.0173435684325556,-0.0312,0.2748,0.297
SARC,WEHI-539,24,0.348695652173913,0.2869544906641498,-0.1124,0.2639,0.0396
SARC,navitoclax,30,-0.2307007786429366,-0.2690137889380485,-0.0493,0.2534,0.7624
SARC,veliparib,30,-0.2750166852057841,-0.3280751443924626,-0.0609,0.2501,0.802
SARC,NVP-BEZ235,29,0.5486699507389161,0.5119264693511292,-0.0102,0.2229,0.0099
SARC,TG-101348,28,0.3166940339354132,0.1971136948543085,-0.0525,0.2279,0.0297
SARC,BRD6340,29,-0.073022914263411,-0.2055148406422096,-0.0389,0.2415,0.505
SARC,ML031,21,-0.1184415584415584,-0.2374654452031438,-0.0277,0.2505,0.6535
SARC,OSI-027,30,-0.0131256952169076,-0.148188351147669,-0.0425,0.2593,0.495
SARC,GW-843682X,27,0.2522588522588522,0.190910985015947,-0.0826,0.2526,0.0792
SARC,lomeguatrib,28,0.1707717569786535,0.0515193871940615,-0.0622,0.2232,0.2079
SARC,PF-184,28,0.4091954022988505,0.3837120149094428,-0.0768,0.2378,0.0396
SARC,AZD2014,22,0.1168831168831169,-0.0266409342166031,-0.0051,0.2612,0.3762
SARC,IU1,29,0.0905530244582598,0.0460452622024432,-0.0643,0.2182,0.2475
SARC,neratinib,27,0.5338217338217339,0.5182864412993651,-0.0575,0.2614,0.0099
SARC,apicidin,28,0.1188834154351395,0.0361865660603153,-0.0732,0.2134,0.198
SARC,Vinblastine,23,0.4646245059288538,0.385968723658568,-0.095,0.2852,0.0297
SARC,VE-822,23,0.2181818181818181,0.1517269947338588,-0.0671,0.2812,0.1782
SARC,BRD8899,27,-0.4556776556776556,-0.542450503190729,-0.048,0.249,0.9604
SARC,AZD5991,22,-0.1252399774138904,-0.2440680395867707,-0.0669,0.2774,0.6535
SARC,pandacostat,27,0.0992673992673992,-0.005629579437554,-0.0554,0.2664,0.2772
SARC,GSK2801,22,0.0821005081874647,-0.168090925463186,-0.0543,0.2563,0.297
SARC,Wnt-C59,23,-0.2211462450592885,-0.4255127644908152,-0.0525,0.2516,0.7228
SARC,WZ8040,23,0.1482213438735178,0.0554730361259258,-0.1009,0.2401,0.1584
SARC,fingolimod,28,0.1730706075533661,0.1200942047057579,-0.0651,0.23,0.1782
SARC,Mitoxantrone,22,0.258498023715415,0.189374206695555,-0.1001,0.2782,0.1188
SARC,XAV939,23,-0.0978260869565217,-0.282824582727816,-0.0423,0.248,0.5743
SARC,CR-1-31B,29,0.4001970443349753,0.3873567540000238,-0.0416,0.2442,0.0297
SARC,BRD-K71781559,28,-0.1777777777777777,-0.2323708105821615,-0.0602,0.2553,0.6634
SARC,daporinad,26,0.4616068376068376,0.4183406895664784,-0.1064,0.248,0.0297
SARC,CCT007093,25,0.4869230769230769,0.4182394592455105,-0.0736,0.2602,0.0198
SARC,JNK Inhibitor VIII,24,0.3377391304347825,0.1633995926593311,-0.1002,0.2328,0.0198
SARC,brefeldin A,28,0.2981937602627258,0.1790290529137096,-0.1011,0.2306,0.0594
SARC,JW-74,23,0.1729249011857707,0.0535759156448859,-0.1096,0.2768,0.1881
SARC,Ulixertinib,24,-0.1610434782608695,-0.2597079957939614,-0.0961,0.2414,0.6733
SARC,crizotinib,30,0.3831368186874304,0.323560534805994,-0.0714,0.2287,0.0495
SARC,parthenolide,28,0.2364732008497824,0.1472514990584577,-0.0623,0.2291,0.1287
SARC,imatinib,28,-0.057471264367816,-0.1336912028044327,-0.0598,0.2285,0.5149
SARC,Bax channel blocker,25,0.5758799875714036,0.543152080570701,-0.0499,0.2702,0.0198
SARC,AZD8055,30,0.5614682981090099,0.5251824299366451,-0.0598,0.2503,0.0099
SARC,GANT-61,27,0.0963369963369963,0.038778580003523,-0.0703,0.2414,0.2574
SARC,AMG-319,24,0.1297391304347825,0.0493246116053863,-0.1109,0.2549,0.2079
SARC,R428,24,0.1843478260869565,0.1162698501119435,-0.0627,0.2373,0.1386
SARC,RITA,28,0.7288451012588942,0.7133782116639462,-0.0748,0.253,0.0099
SARC,AZD1332,22,-0.0830039525691699,-0.2229223465075731,-0.1028,0.2515,0.4752
SARC,BRD-K37390332,27,0.4564188726661299,0.3819057843780868,-0.0668,0.248,0.0297
SARC,HKMTI-1-005,23,-0.2990118577075099,-0.3806333208229596,-0.1274,0.2647,0.7426
SARC,CD-437,28,0.3658456486042692,0.3233087428273135,-0.0769,0.2448,0.0396
SARC,CAY10576,25,-0.2221538461538461,-0.3334072369378881,-0.0488,0.2539,0.7822
SARC,Ki8751,28,0.1581828133552271,-0.0392357259271392,-0.0554,0.2436,0.2178
SARC,GDC-0941,30,0.292992213570634,0.125569188785143,-0.019,0.2464,0.1287
SARC,WP1130,28,-0.3515051997810618,-0.473683253991937,-0.0441,0.2419,0.8416
SARC,trametinib,27,0.1231990231990231,0.0822287400347088,-0.0939,0.2636,0.2178
SARC,AZD8186,24,0.1399999999999999,-0.0088277275627541,-0.0817,0.2561,0.2178
SARC,ML334 diastereomer,24,-0.1862048157801349,-0.30171602840413,-0.0307,0.2921,0.6733
SARC,valdecoxib,27,-0.093040293040293,-0.155340244489851,-0.076,0.227,0.4851
SARC,HLI 373,28,0.2409414340448823,0.139495790923836,-0.1121,0.227,0.0792
SARC,NSC48300,28,0.1923371647509578,0.1088306899308228,-0.0544,0.2451,0.1881
SARC,ouabain,28,0.2204707170224411,0.115049434378425,-0.0691,0.2184,0.1188
SARC,ABT-199,27,-0.2275946275946276,-0.3321195395937849,-0.0561,0.2495,0.7723
SARC,BMS-754807,30,0.5278309232480534,0.4652252903825761,-0.0777,0.2549,0.0099
SARC,elocalcitol,27,-0.3172161172161172,-0.4124993001190603,-0.0911,0.2624,0.7921
SARC,EHT-1864,25,0.2269230769230769,0.1083298745674173,-0.0391,0.234,0.1485
SARC,NVP-ADW742,30,0.4428476084538376,0.3195219778539228,-0.0318,0.2248,0.0396
SARC,PD 153035,24,0.0111304347826087,-0.1005510449959107,-0.1184,0.2515,0.3069
SARC,AT-406,20,-0.0962406015037593,-0.1340772821778371,-0.0856,0.2704,0.5347
SARC,EPZ5676,24,-0.0005217391304347,-0.1666100631311789,-0.0915,0.2513,0.3366
SARC,Cisplatin,23,0.5996047430830039,0.553383920070048,-0.083,0.2331,0.0099
SARC,narciclasine,27,0.4133089133089133,0.3561190914431765,-0.0359,0.2743,0.0594
SARC,Gallibiscoquinazole,22,-0.3775268210050819,-0.540425084951883,-0.0981,0.2914,0.8119
SARC,AT7867,27,-0.0002442002442002,-0.1220151368636852,-0.0251,0.2334,0.4653
SARC,NSC95397,24,-0.3266086956521739,-0.490875999082228,-0.0698,0.2679,0.8317
SARC,AZD1208,21,0.367012987012987,0.2494041719163721,-0.0603,0.2831,0.0792
SARC,COL-3,24,0.3281739130434782,0.2300286324496792,-0.1119,0.2434,0.0396
SARC,BMS-345541,23,0.3124505928853754,0.2600814059743265,-0.0497,0.2349,0.0693
SARC,MST-312,30,0.2650500556173526,0.1954400351204292,-0.0375,0.2504,0.1089
SARC,BRD9876,28,0.3193212917350848,0.1726014160491809,-0.031,0.2381,0.099
SARC,sorafenib,30,0.3430923248053393,0.306815889510388,0.0104,0.2332,0.0891
SARC,MI-1,23,-0.234148759310275,-0.4748842157049131,-0.0933,0.2618,0.6733
SARC,oligomycin A,28,0.3741652983032293,0.2908616664799998,-0.0427,0.2326,0.0396
SARC,KRAS (G12C) Inhibitor-12,23,0.1468379446640316,0.1028151125353611,-0.0895,0.2439,0.1782
SARC,GSK1904529A,24,0.3923478260869565,0.3222757047527214,-0.0455,0.2599,0.0396
SARC,pevonedistat,29,0.4332019704433496,0.4002544815049131,-0.0726,0.2461,0.0396
SARC,linifanib,28,0.5192118226600985,0.4739954998684116,-0.0889,0.2344,0.0099
SARC,SB-225002,28,0.5023535851122057,0.4351350021255121,-0.1038,0.2482,0.0198
SARC,BRD-A02303741,26,0.0020516327877215,-0.1797993410949994,-0.0574,0.2764,0.4257
SARC,methylstat,24,0.0965217391304347,-0.0523762362163839,-0.0597,0.2494,0.2574
SARC,silmitasertib,26,-0.3732649572649572,-0.5184325061039179,-0.0641,0.2568,0.8911
SARC,L-685458,28,-0.0351395730706075,-0.3028550540379545,-0.0976,0.2279,0.3861
SARC,NSC30930,28,-0.100383141762452,-0.2916919243057045,-0.0502,0.2466,0.5446
SARC,BIRB-796,30,-0.074972191323693,-0.1571608239930002,-0.051,0.2216,0.6238
SARC,NVP-231,27,0.4879120879120879,0.4021017804401152,-0.0895,0.1968,0.0099
SARC,MLN2238,27,-0.1968253968253968,-0.2558261935750511,-0.0793,0.26,0.6634
SARC,BRD-K61166597,28,-0.0049815246121354,-0.0949361020232498,-0.0534,0.2223,0.4554
SARC,bexarotene,28,-0.1801860974274767,-0.3036171542543716,-0.0828,0.2385,0.6337
SARC,pluripotin,28,-0.1518336070060208,-0.2874402318679677,-0.0741,0.2273,0.6436
SARC,SCH-529074,24,0.3300869565217391,0.2894869729483117,-0.1088,0.2435,0.0495
SARC,HC-067047,27,0.0902319902319902,-0.0455213989957886,-0.0452,0.2506,0.297
SARC,Luminespib,24,-0.0057391304347826,-0.218848454520094,-0.0556,0.2578,0.4356
SARC,RVX-208,23,-0.1561264822134387,-0.3489123224521213,-0.1049,0.2614,0.5941
SARC,ML311,27,0.6008547008547008,0.5759456853238641,-0.1206,0.234,0.0099
SARC,STF-31,25,0.2766153846153846,0.2246588113970543,-0.0761,0.2582,0.1188
SARC,tamatinib,27,-0.1868131868131868,-0.241254343847403,-0.0768,0.2235,0.703
SARC,tamoxifen,30,0.0785317018909899,-0.0293791796314717,-0.0562,0.2323,0.297
SARC,KPT185,24,0.6876521739130433,0.6513755798457022,-0.0523,0.262,0.0099
SARC,azacitidine,30,0.032258064516129,-0.1526558201035404,-0.0894,0.2117,0.3465
SARC,C6-ceramide,28,0.1104694139262556,0.0542883326527696,-0.0775,0.2339,0.2277
SARC,PF-543,28,0.2338032045981356,0.1139380014675559,-0.094,0.2511,0.099
SARC,teniposide,24,0.5365217391304348,0.5107133880252694,-0.058,0.28,0.0099
SARC,ML239,28,0.1115095124716465,-0.0245248420612008,-0.0601,0.2499,0.3069
SARC,mitomycin,27,0.7711843711843711,0.7536414950801255,-0.0851,0.2638,0.0099
SARC,etomoxir,28,-0.391131795095687,-0.4456437797425998,-0.1085,0.2595,0.8515
SARC,BRD-K51490254,28,0.0325123152709359,-0.0714596968217469,-0.0677,0.2249,0.3168
SARC,Ko-143,28,0.563327859879584,0.5525709640119075,-0.0897,0.244,0.0099
SARC,Mdivi-1,28,0.2348433031435265,0.1221429583784861,-0.0261,0.219,0.1188
SARC,cucurbitacin I,28,-0.1157088122605363,-0.259454634591955,-0.0493,0.2241,0.6535
SARC,sotrastaurin,22,0.2379446640316206,0.1637617675778995,-0.0388,0.29,0.1881
SARC,BRD-K70511574,27,0.0975579975579975,0.0057260230098085,-0.0976,0.2449,0.2376
SARC,BRD-K92856060,27,0.4378510378510378,0.3709671795016055,-0.0837,0.2692,0.0594
SARC,ZM447439,25,0.2012307692307692,0.1382828549301913,-0.0367,0.2191,0.1485
SARC,vincristine,29,0.2426600985221674,0.1061226461157621,-0.078,0.2346,0.0693
SARC,Romidepsin,22,-0.0843591191417278,-0.2834128659058357,-0.0535,0.2595,0.5644
SARC,pifithrin-alpha,27,0.3157380589373321,0.2136629053405981,-0.0701,0.2431,0.0693
SARC,BRD9647,28,-0.132895457033388,-0.29424654122483,-0.0428,0.2315,0.6634
SARC,canertinib,25,-0.1255384615384615,-0.2365003134617622,-0.0822,0.2628,0.5545
SARC,cabozantinib,26,0.3848888888888888,0.3516116051615077,-0.0509,0.2802,0.0594
SARC,BIX-01294,27,0.4774114774114774,0.4113075407624421,-0.0976,0.2327,0.0198
SARC,SID 26681509,28,0.2434592227695676,0.1975748563407538,-0.0391,0.2365,0.1089
SARC,birinapant,29,0.187487684729064,0.1353742549815645,-0.0812,0.2283,0.1386
SARC,YM-155,25,0.346,0.2668204554537208,-0.0987,0.2505,0.0693
SARC,saracatinib,28,-0.3980295566502463,-0.5517817564235509,-0.0516,0.2355,0.9406
SARC,SNS-032,26,0.2802735042735042,0.2126186275084748,-0.0497,0.226,0.0891
SARC,rigosertib,26,0.2057435897435897,0.0756837457661227,-0.073,0.2596,0.1584
SARC,BRD-K63431240,28,0.0527640941434044,-0.1196245930027306,-0.0821,0.2272,0.297
SARC,bleomycin A2,30,0.3069632925472747,0.2658517685052209,-0.0408,0.2125,0.0693
SARC,SR1001,28,-0.0807881773399014,-0.234617906077714,-0.0519,0.2253,0.5842
SARC,Niraparib,23,0.6988142292490118,0.6640258125582112,-0.0563,0.242,0.0099
SARC,JW-480,28,0.1226221442987178,-0.0309627377396547,-0.0875,0.2404,0.2277
SARC,BIBR-1532,30,0.2368409343715239,0.2003900730275443,-0.0285,0.2437,0.1485
SARC,SB-743921,28,0.4584564860426929,0.4103147908272093,-0.0909,0.2457,0.0297
SARC,Acetalax,22,0.3700734048560136,0.2506637700863924,-0.0047,0.2914,0.0693
SARC,dinaciclib,26,0.5402393162393161,0.5304588225396464,-0.0879,0.2498,0.0198
SARC,GSK-LSD1-2HCl ,23,-0.2628458498023716,-0.475676177956586,-0.0796,0.2755,0.6931
SARC,linsitinib,30,0.4294104560622914,0.3948188741427523,-0.0377,0.2165,0.0297
SARC,NSC632839,28,0.540120415982485,0.501363779984644,-0.0892,0.2634,0.0198
SARC,semagacestat,27,-0.4788027771802013,-0.5492251046229475,-0.07,0.2256,0.9901
SARC,tipifarnib-P1,28,0.2343732895457033,0.1175982713791076,-0.1019,0.2486,0.1089
SARC,AA-COCF3,26,0.2061538461538461,0.1406813176863376,-0.0655,0.2383,0.1782
SARC,ciclosporin,26,0.0804923930382745,-0.0820229782948217,-0.0832,0.26,0.3069
SARC,BRD4132,28,0.3698960043787629,0.2987756357119692,-0.0608,0.2898,0.1188
SARC,TW-37,27,0.4142857142857142,0.3661560710169291,-0.0656,0.2694,0.0396
SARC,A-804598,24,-0.1361739130434782,-0.2646421758958359,-0.1039,0.2731,0.5149
SARC,BMS-345541,27,0.5807081807081806,0.5574242970999244,-0.0607,0.2359,0.0099
SARC,N-acetyl cysteine,23,-0.2519762845849802,-0.351490643005026,-0.0859,0.2692,0.7129
SARC,BEN,22,0.6155844155844157,0.5878624760986265,-0.0943,0.2542,0.0099
SARC,BRD-K45681478,28,0.1122058018609742,0.091306902524354,-0.0338,0.2614,0.3465
SARC,MN-64,23,0.4974308300395257,0.4368576312956266,-0.0736,0.2604,0.0198
SARC,BRD-K02251932,27,0.2808302808302808,0.2067320445781484,-0.0381,0.2227,0.0891
SARC,DBeQ,28,0.491309707625443,0.4397313468387094,-0.0781,0.2479,0.0099
SARC,Sepantronium bromide,24,0.5479999999999999,0.497411005896681,-0.0698,0.2642,0.0099
SARC,gossypol,27,0.3716727716727717,0.286098056228067,-0.0931,0.2496,0.0396
SARC,LMP744,22,0.6264257481648786,0.594293508787791,-0.0941,0.2555,0.0099
SARC,GSK1059615,22,-0.0728402032749858,-0.1418661402910103,-0.0787,0.2393,0.505
SARC,sirolimus,30,0.4492547274749722,0.3867743427238698,-0.0546,0.2365,0.0297
SARC,betulinic acid,27,-0.4162442942133584,-0.4830349345459246,-0.0795,0.2298,0.9307
SARC,BRD1835,28,-0.0666666666666666,-0.1034940838634924,-0.0827,0.256,0.4752
SARC,tacrolimus,28,0.1107431240697795,-0.0047956083054692,-0.0824,0.2244,0.1782
SARC,lovastatin,28,-0.1110016420361247,-0.2412064009856107,-0.072,0.257,0.6337
SARC,UNC0638,30,0.2696774193548387,0.0900656283384456,-0.0922,0.2225,0.0693
SARC,NVP-TAE684,28,0.50935960591133,0.4353773638080965,-0.0919,0.2268,0.0099
SARC,BRD-K19103580,27,-0.1194139194139194,-0.2037695840152945,-0.0408,0.2221,0.6238
SARC,marinopyrrole A,20,0.350375939849624,0.2701663528955997,-0.1018,0.264,0.0693
SARC,barasertib,27,0.5384615384615384,0.4779270645723741,-0.0325,0.2383,0.0099
SARC,Motesanib,24,0.3799999999999999,0.2255283455688898,-0.0502,0.261,0.0594
SARC,Sabutoclax,23,0.6144268774703557,0.5852891139267651,-0.0415,0.2362,0.0099
SARC,BRD-K24690302,27,-0.034065934065934,-0.1487246395573956,-0.0605,0.259,0.4554
SARC,paclitaxel,30,0.4477419354838708,0.4081852439704312,-0.063,0.2463,0.0297
SARC,Refametinib,24,0.2264347826086956,0.1097117157323459,-0.0755,0.2464,0.1287
SARC,PRIMA-1,28,0.2888888888888888,0.1998438997822815,-0.0956,0.2378,0.0495
SARC,KU-0063794,28,0.5137383689107826,0.4567339735219865,-0.1123,0.2434,0.0099
SARC,obatoclax,28,0.4889983579638752,0.4653320588109804,-0.0556,0.2685,0.0594
SARC,BRD-K35604418,30,0.4101890989988875,0.331872325451579,-0.0017,0.2179,0.0396
SARC,Ribociclib,24,-0.1182608695652173,-0.2537677763988615,-0.1199,0.2484,0.4356
SARC,axitinib,30,0.350567296996663,0.2696630777173945,-0.0552,0.2383,0.0693
SARC,niclosamide,27,0.4012210012210012,0.3445209788095714,-0.0767,0.2113,0.0297
SARC,Dactinomycin,24,0.4881739130434782,0.4372581084474988,-0.0819,0.2432,0.0198
SARC,SJ-172550,28,0.0757082256987173,-0.0719586781680943,-0.0485,0.2371,0.2871
SARC,P22077,24,0.1067826086956521,0.019267376539431,-0.0856,0.2845,0.2871
SARC,WIKI4,24,0.0224347826086956,-0.1457606027027795,-0.0785,0.2366,0.3663
SARC,zebularine,28,0.068856048166393,-0.1066423167996458,-0.0961,0.2519,0.3168
SARC,BRD-K29313308,28,-0.0703435068856484,-0.1940049884763783,-0.074,0.2137,0.505
SARC,AZD5153,22,0.1753811405985319,0.024113370642613,-0.0633,0.2538,0.1881
SARC,PL-DI,28,0.2255062944718117,0.1662290456940334,-0.0594,0.2149,0.099
SARC,glutathione,24,0.3497391304347825,0.2390779903384949,-0.0993,0.2379,0.0198
SARC,CZC24832,23,0.1693675889328063,0.0990240366716562,-0.0777,0.2817,0.1881
SARC,simvastatin,25,-0.5527692307692307,-0.6358081819773925,-0.0868,0.2364,0.9703
SARC,TPCA-1,28,0.5564313081554461,0.4680373976230461,-0.0683,0.2388,0.0099
SARC,KU-60019,28,0.2279146141215106,0.1679495836736187,-0.0526,0.23,0.099
SARC,ciclopirox,28,0.6660098522167488,0.6456397010831163,-0.0908,0.2644,0.0099
SARC,WZ4003,23,-0.108695652173913,-0.2578487226802528,-0.0669,0.2555,0.6337
SARC,gemcitabine,30,0.607563959955506,0.5655327755799817,-0.049,0.2478,0.0198
SARC,indisulam,27,0.5904761904761904,0.5334752017282667,-0.1065,0.2223,0.0099
SARC,SMER-3,26,0.2875213675213675,0.2334375409069,-0.074,0.2563,0.099
SARC,tretinoin,25,0.1975384615384615,0.0315680381663452,-0.0625,0.2547,0.1782
SARC,BRD-K71935468,29,0.0424630541871921,-0.2048291527750508,-0.0826,0.2313,0.2673
SARC,Picolinici-acid,23,0.3541501976284585,0.2582980452592388,-0.0549,0.244,0.0495
SARC,GSK2606414,23,0.1302371541501976,-0.11244839559459,-0.1002,0.2617,0.1782
SARC,CAY10618,29,0.3923152709359605,0.3228465905790178,-0.0504,0.2194,0.0297
SARC,necrostatin-7,28,-0.3151614668856047,-0.4735153068725117,-0.0648,0.2244,0.8416
SARC,tivozanib,28,0.30103995621237,0.17663944870905,-0.0389,0.2398,0.1089
SARC,BYL-719,28,0.2637110016420361,0.2272068887756503,-0.0438,0.2257,0.099
SARC,PD0325901,25,0.1955384615384615,0.1294791678214489,-0.065,0.2392,0.1485
SARC,AZ960,23,0.1824110671936759,0.064719534182089,-0.1151,0.2395,0.1188
SARC,AGK-2,29,0.2714285714285714,0.1959679785992371,-0.0866,0.2156,0.0594
SARC,neuronal differentiation inducer III,28,0.0587848932676518,-0.0621115630170665,-0.082,0.2268,0.297
SARC,AM-580,27,-0.1151404151404151,-0.2444745143810491,-0.1276,0.2624,0.505
SARC,PI-103,28,0.348440065681445,0.2716517820030836,-0.0174,0.2416,0.0594
SARC,POMHEX,23,0.1375494071146245,0.0631178704604236,-0.0744,0.2674,0.2673
SARC,GSK591,24,-0.280695652173913,-0.3045528692856714,-0.0767,0.246,0.8119
SARC,isoevodiamine,28,0.3574165298303229,0.3327491978223802,-0.0676,0.2401,0.0396
SARC,PRT062607,23,0.0278656126482213,-0.1252331871928343,-0.1033,0.2492,0.2673
SARC,"1S,3R-RSL-3",27,0.2725274725274725,0.0758273568801923,-0.088,0.2597,0.1089
SARC,necrostatin-1,27,-0.3092796092796093,-0.4422178954025538,-0.0603,0.2315,0.8317
SARC,PFI-1,24,0.0236521739130434,-0.1872662235596249,-0.0978,0.2676,0.3465
SARC,SR-II-138A,28,0.6361247947454844,0.6187289367702777,-0.0858,0.236,0.0099
SARC,MG-132,28,0.1419813902572523,0.0456267851748667,-0.0508,0.2572,0.2673
SARC,ML258,28,-0.1675971538040503,-0.2310169671397584,-0.0413,0.2523,0.6832
SARC,topotecan,30,0.6255394883203559,0.6020683798247984,-0.0754,0.2411,0.0099
SARC,ICL-SIRT078,23,-0.4608695652173913,-0.6267771297544826,-0.0712,0.2685,0.8911
SARC,MGCD-265,28,-0.0927203065134099,-0.1984638058126347,-0.0549,0.2149,0.6238
SARC,LCL161,23,0.2221343873517786,0.097134041838344,-0.0553,0.2659,0.2079
SARC,cytarabine hydrochloride,30,0.5986651835372635,0.5694459452690581,-0.0526,0.2594,0.0099
SARC,vandetanib,27,0.2914974846967363,0.2220154729787986,-0.076,0.2403,0.099
SARC,Lestaurtinib,24,0.3526956521739129,0.1896922680347124,-0.0534,0.2344,0.1089
SARC,TG-100-115,28,-0.057799671592775,-0.1569423615409303,-0.0869,0.2202,0.4653
SARC,MK-2206,29,0.1410837438423645,0.018338968179864,-0.0556,0.2297,0.2277
SARC,GSK343,24,0.0707826086956521,-0.0184129330648152,-0.0668,0.2736,0.3267
SARC,afatinib,30,0.1369966629588431,0.0778212895451266,-0.0797,0.2337,0.2178
SARC,ML162,28,0.0849480021893815,0.016880410440943,-0.0611,0.2637,0.3069
SARC,dexamethasone,26,0.0243502066223844,-0.0613362000390997,-0.0447,0.2614,0.4158
SARC,CID-5951923,27,-0.2401709401709401,-0.2866540769782947,-0.072,0.2342,0.7525
SARC,fumonisin B1,28,0.0801970720525096,-0.0189955487929859,-0.0597,0.2386,0.2871
SARC,Irinotecan,24,0.6194782608695651,0.559412149239532,-0.0698,0.2609,0.0099
SARC,tandutinib,28,0.4325167687965042,0.3776151160873876,-0.0511,0.2389,0.0297
SARC,Bromosporine,22,0.0556747600225861,-0.1896980772557245,-0.0568,0.2421,0.3267
SARC,PDMP,26,0.4525811965811965,0.404878640755504,-0.0711,0.2133,0.0099
SARC,piperlongumine,28,0.3392446633825944,0.3197640179956332,-0.1044,0.2229,0.0198
SARC,tacedinaline,24,0.1175652173913043,0.0987138668557794,-0.042,0.2328,0.2871
SARC,curcumin,28,0.5181171319102355,0.4703257442454317,-0.0714,0.2337,0.0099
SARC,phloretin,27,0.5989010989010988,0.5498368923004856,-0.0993,0.2426,0.0099
SARC,Pyridostatin,24,-0.3184347826086956,-0.4289698532102574,-0.1073,0.2602,0.7921
SARC,Leflunomide,23,0.3270750988142293,0.2354007079437305,-0.0208,0.2812,0.1188
SARC,itraconazole,27,0.242124542124542,0.1852502939262933,-0.0411,0.2096,0.1287
SARC,ML210,27,0.1573870573870574,0.0237275986788005,-0.1037,0.2327,0.1287
SARC,etoposide,28,0.4697318007662835,0.4258684412933393,-0.0658,0.2438,0.0396
SARC,Podophyllotoxin bromide,22,0.4992659514398645,0.4228987864873048,-0.0643,0.2464,0.0099
SARC,AZD4547,29,-0.0875862068965517,-0.1843854620110685,-0.0706,0.2314,0.5149
SARC,Camptothecin,25,0.7092307692307692,0.6854876070260567,-0.0416,0.2477,0.0099
SARC,BRD-K50799972,27,-0.0852999551992753,-0.2071860514235606,-0.0416,0.253,0.5743
SARC,ML323,23,0.450197628458498,0.3581443115640177,-0.0925,0.2658,0.0198
SARC,I-BET151,29,0.272807881773399,0.1817209627059056,-0.0625,0.2521,0.1188
SARC,fulvestrant,25,-0.079076923076923,-0.1441778129353192,-0.0706,0.2379,0.5446
SARC,austocystin D,27,0.2887667887667888,0.2448227617837304,-0.0946,0.2422,0.0594
SARC,BRD-K09587429,21,-0.32763886106054,-0.5722921842182374,-0.135,0.265,0.7426
SARC,erismodegib,28,0.1403393541324576,0.0430084665182547,-0.0247,0.258,0.3069
SARC,vorinostat,30,0.4237152391546163,0.3520626213490921,-0.0656,0.235,0.0297
SARC,CI-976,26,0.1077879412882348,0.01421372953994,-0.0365,0.2624,0.3366
SARC,BRD-K26531177,28,0.3026819923371647,0.2647271099388492,-0.1131,0.217,0.0396
SARC,GSK2578215A,24,0.3215652173913043,0.2604425422452243,-0.1371,0.2472,0.0693
SARC,AZ6102,24,-0.1231304347826086,-0.2412192336924854,-0.0375,0.2427,0.6733
SARC,brivanib,28,0.1627805145046524,0.0719794230224798,-0.0424,0.241,0.2178
SARC,clofarabine,28,0.3176792556102901,0.2558572902348182,-0.0794,0.2396,0.0693
SARC,UNC0379,23,-0.1211462450592885,-0.2607254365624732,-0.0848,0.2722,0.5941
SARC,BMS-195614,29,0.3884729064039408,0.3215237710093501,-0.0911,0.25,0.0198
SARC,N9-isopropylolomoucine,29,0.2223645320197043,0.1606298397993377,-0.0576,0.2538,0.1188
SARC,prochlorperazine,28,0.5199781061850027,0.4545700368949587,-0.1084,0.2778,0.0099
SARC,sunitinib,28,0.3438423645320197,0.2785281470440734,-0.0846,0.2383,0.0495
SARC,BRD-K34222889,28,0.5218390804597701,0.4740922645465308,-0.0978,0.2515,0.0198
SARC,masitinib,28,0.2713738368910782,0.2218640549460657,-0.0368,0.2093,0.099
SARC,AZD5438,22,0.5981931112365896,0.5311606256637229,-0.0664,0.2554,0.0099
SARC,AZD5582,23,0.0100790513833992,-0.106579768102,-0.0628,0.2619,0.3564
SARC,epigallocatechin-3-monogallate,26,0.2970940170940171,0.2113733480655245,-0.0399,0.2166,0.0792
SARC,lenvatinib,28,0.0337164750957854,-0.0878255942712986,-0.0565,0.2368,0.4158
SARC,bardoxolone methyl,25,0.2147692307692307,0.1164353238755737,-0.075,0.2587,0.1584
SARC,IWP-2,23,0.3452569169960474,0.2507704714730493,-0.0665,0.2579,0.0693
SARC,I-BRD9,24,0.2191304347826086,0.1594758261366439,-0.0734,0.2523,0.1188
SARC,UMI-77,23,0.3861660079051383,0.3181297878116746,-0.0668,0.2475,0.0297
SARC,VX-11e,24,0.0118260869565217,-0.0495815439307786,-0.058,0.2506,0.4257
SARC,ISOX,28,-0.0686371100164203,-0.1452325573576144,-0.0262,0.1941,0.5743
SARC,EPZ004777,24,0.1634782608695651,0.0597004111763068,-0.081,0.2751,0.2178
SARC,BRD-K33199242,26,0.1517264957264957,0.098759047307326,-0.0237,0.2554,0.2871
SARC,GSK4112,28,-0.2777230432402846,-0.428603684753506,-0.0797,0.2398,0.7723
SARC,decitabine,28,0.6087575259989053,0.5703319225108612,-0.0764,0.2605,0.0099
SARC,ML006,27,0.236996336996337,0.1738293154340773,-0.0466,0.235,0.1287
SARC,MK-0752,26,-0.2239480510542812,-0.391731213991924,-0.0654,0.2594,0.7129
SARC,Avagacestat,25,0.3578461538461538,0.304555255481417,-0.0375,0.2557,0.0693
SARC,gefitinib,30,0.1691212458286985,0.054091733316522,-0.0913,0.2329,0.1584
SARC,BRD-K55116708,25,-0.343219856320111,-0.4830134379496828,-0.0457,0.269,0.8416
SARC,manumycin A,28,0.1693486590038314,0.0475020663054725,-0.0738,0.2479,0.2178
SARC,RO-3306,24,0.4125217391304347,0.34047679739095,-0.1156,0.2411,0.0099
SARC,GNE-317,24,0.3998260869565217,0.347919251234172,-0.0828,0.2398,0.0396
SARC,BI-2536,30,0.5272969966629588,0.5067029772328907,-0.0765,0.2139,0.0099
SARC,Zoledronate,22,0.0624505928853755,-0.160224424184448,-0.0175,0.2553,0.3861
SARC,KU-55933,30,0.4380422691879866,0.3993539420365772,-0.0613,0.2123,0.0099
SARC,Entospletinib,23,0.1480237154150197,0.0220340138668913,-0.0536,0.2738,0.2376
SARC,GSK2636771,24,0.3965217391304347,0.327047872152868,-0.1008,0.2535,0.0594
SARC,VAF-347,22,0.1852386482201366,0.069393222178408,-0.0552,0.2387,0.1683
SARC,cediranib,27,0.0589743589743589,-0.0811915300319822,-0.0643,0.2429,0.3267
SARC,PD318088,28,0.0493705528188286,-0.0599075993313945,-0.0672,0.2303,0.3168
SARC,LGK974,24,0.4318260869565217,0.259794482140498,-0.07,0.2379,0.0396
SARC,Savolitinib,24,0.169391304347826,0.0286185705211509,-0.094,0.2631,0.1782
SARC,ibrutinib,29,-0.0339901477832512,-0.1494189353280171,-0.034,0.2189,0.4653
SARC,nintedanib,28,-0.2234263820470716,-0.2583663093549538,-0.098,0.2448,0.6832
SARC,RAF265,27,0.1739926739926739,0.1204625472550004,-0.0536,0.263,0.2178
SARC,leptomycin B,29,0.6587192118226599,0.6237861628968466,-0.0478,0.2244,0.0099
SARC,Mirin,23,0.4988142292490118,0.4530911294758726,-0.1168,0.3021,0.0396
SARC,BRD-K11533227,27,0.3084249084249084,0.257724024907445,-0.0627,0.2155,0.0693
SARC,GSK2110183B,22,0.3506493506493507,0.3165451509143739,-0.0727,0.2601,0.0891
SARC,ceranib-2,28,0.544280240831965,0.4983091709732291,-0.1058,0.2453,0.0099
SARC,Sinularin,22,-0.1150762281197063,-0.3070243794508668,-0.0608,0.2645,0.6139
SARC,ML050,28,0.500711548987411,0.4623789066940998,-0.0749,0.2231,0.0099
SARC,compound 1B,27,0.3737484737484737,0.2544502285890306,-0.0506,0.2102,0.0297
SARC,PAC-1,26,0.5991794871794871,0.5907098613042661,-0.0612,0.2354,0.0099
SARC,parbendazole,28,0.4591133004926108,0.4124442909948956,-0.0863,0.2557,0.0198
SARC,CD-1530,25,-0.0636923076923076,-0.2202379682789899,-0.0399,0.2655,0.5545
SARC,bendamustine,25,0.0401538461538461,-0.0006887565021548,-0.0948,0.241,0.3069
SARC,AZ-3146,25,0.6289230769230769,0.6079363465987948,-0.0836,0.2782,0.0099
SARC,OF-1,23,0.2152173913043478,0.087668326288902,-0.0979,0.2251,0.099
SARC,LJI308,24,0.1460869565217391,-0.0405698684236047,-0.087,0.2451,0.1386
SARC,ML320,27,0.4396825396825397,0.4165188786960121,-0.0909,0.2456,0.0198
SARC,NSC19630,29,-0.0738916256157635,-0.2220017816197792,-0.0181,0.2498,0.5545
SARC,KW-2449,29,0.6444334975369458,0.6015408355556343,-0.0036,0.2592,0.0099
SARC,PLX-4720,30,-0.2180645161290322,-0.4108702808940502,-0.1015,0.2442,0.6931
SARC,LE-135,28,-0.0365626710454296,-0.1714032172515363,-0.073,0.2344,0.4851
SARC,vorapaxar,29,0.1597044334975369,0.0943628089740935,-0.0639,0.2591,0.198
SARC,dasatinib,30,0.3573303670745272,0.2753545603867172,-0.0595,0.2389,0.0297
SARC,docetaxel,27,0.4493284493284493,0.3934159601768338,-0.0809,0.2327,0.0198
SARC,trifluoperazine,26,0.4575824994214912,0.4262744718202385,-0.1256,0.2681,0.0297
SARC,SKI-II,28,0.4167487684729064,0.3804339979949644,-0.0886,0.2205,0.0198
SARC,SNX-2112,28,0.2912972085385878,0.1688133933102878,-0.124,0.2495,0.0693
SARC,GSK461364,23,0.3887351778656127,0.2667799447694779,-0.0724,0.2598,0.0693
SARC,Compound 23 citrate,27,0.5084249084249084,0.4456307259087024,-0.0966,0.2475,0.0099
SARC,alisertib,30,0.57027808676307,0.5051001487650151,-0.0755,0.2398,0.0099
SARC,CHM-1,27,0.3035409035409035,0.2193918891984871,-0.0678,0.2457,0.0792
SARC,3-Cl-AHPC,27,0.4953601953601954,0.4511083642131616,-0.084,0.2227,0.0099
SARC,Obatoclax Mesylate,23,0.2175889328063241,0.0824461771551034,-0.0637,0.2633,0.1881
SARC,momelotinib,26,-0.3106324786324786,-0.4174462044426378,-0.0878,0.2249,0.8317
SARC,BMS-536924,30,0.3502113459399332,0.2746741064305911,-0.0703,0.233,0.0396
SARC,VER-155008,28,-0.0116037219485495,-0.1467145636085154,-0.0435,0.2669,0.505
SARC,nakiterpiosin,28,0.3139573070607553,0.2168003957171821,-0.0767,0.2498,0.0891
SARC,pifithrin-mu,28,0.5026819923371647,0.468878503085956,-0.0916,0.2471,0.0297
SARC,123138,22,0.1654432523997741,0.0564462830507041,-0.1376,0.2401,0.1485
SARC,123829,22,0.0387351778656126,-0.1664189528372224,-0.0861,0.256,0.3663
SARC,150412,22,0.310446075663467,0.2019975159832888,-0.0297,0.2663,0.1188
SARC,50869,22,0.0601919819311123,-0.0411738460078693,-0.0832,0.2459,0.3069
SARC,615590,22,0.2370412196499153,0.1474349426275242,-0.1047,0.2694,0.099
SARC,630600,22,-0.0044042913608131,-0.1166140653821972,-0.0636,0.2566,0.3564
SARC,667880,22,0.2609824957651044,0.0769651810799833,-0.0933,0.2863,0.099
SARC,720427,22,0.1024280067758328,0.0059911456805416,-0.1142,0.2675,0.2673
SARC,729189,22,0.3989836250705816,0.3206191406216903,-0.1484,0.272,0.0594
SARC,741909,22,-0.0904573687182382,-0.2637437538972608,-0.0767,0.2832,0.495
SARC,743380,22,-0.0676453980801806,-0.1542432007537644,-0.0666,0.2842,0.495
SARC,765771,22,0.1629587803500847,0.0886636944844609,-0.0986,0.2536,0.1782
SARC,776928,22,0.3023150762281197,0.2181391913775872,-0.0702,0.2508,0.0891
SARC,BDF00022089a,22,0.3632975719932242,0.3037342687567504,-0.0729,0.258,0.0693
SARC,BDILV000379a,22,0.1763343758539825,0.0878012990035058,-0.079,0.2738,0.198
SARC,BDOCA000347a,22,-0.1679277244494636,-0.2573884451435792,-0.0769,0.2545,0.5941
SARC,BDP-00009066,23,0.2339920948616601,0.0681559907426791,-0.0683,0.2577,0.1584
SARC,BPD-00008900,23,0.2602766798418973,0.1803173831069929,-0.0384,0.2503,0.1584
SARC,CDK9_5038,22,0.5399209486166008,0.5219852645616847,-0.0899,0.271,0.0099
SARC,CDK9_5576,22,0.7011857707509882,0.6612603422855633,-0.1146,0.2849,0.0099
SARC,CT7033-2,23,0.5108695652173914,0.4675017320415708,-0.0886,0.2359,0.0099
SARC,Eg5_9814,22,0.0089215132693393,-0.0797642125390542,-0.0859,0.2696,0.396
SARC,ERK_2440,22,0.2989271597967251,0.2674807460237616,-0.0669,0.2945,0.1287
SARC,ERK_6604,22,0.1042348955392433,0.0042535959082688,-0.1053,0.2627,0.2277
SARC,GSK2256098C,22,0.152343308865048,0.006670113520478,-0.0708,0.3097,0.2574
SARC,GSK2276186C,22,0.3517786561264823,0.2184807516853135,-0.0669,0.2745,0.0792
SARC,GSK2830371A,22,0.1150762281197063,0.0092733935167208,-0.024,0.3093,0.3564
SARC,GSK3337463A,22,-0.0687747035573122,-0.1651968305692825,-0.016,0.2751,0.5644
SARC,GSK626616AC,22,0.4116318464144551,0.3476447052731586,-0.0509,0.3155,0.1089
SARC,IAP_5620,22,0.1724449463579898,0.0589894226798402,-0.0414,0.3004,0.2376
SARC,IGF1R_3801,22,0.3413890457368718,0.2786139564306998,-0.0947,0.2804,0.0792
SARC,IRAK4_4710,22,-0.1254658385093167,-0.3720498677610312,-0.0535,0.3017,0.5743
SARC,JAK1_8709,22,0.0769057029926595,-0.0781102471189791,-0.0973,0.2654,0.2871
SARC,JAK_8517,22,0.0222473178994918,-0.1401961652066126,-0.098,0.258,0.3069
SARC,LMB_AB1,22,0.4409937888198758,0.4058216970967154,-0.0279,0.2704,0.0297
SARC,LMB_AB2,22,0.5579898362507059,0.4576167958530495,-0.0788,0.3025,0.0297
SARC,LMB_AB3,22,-0.1588932806324111,-0.290910382233158,-0.088,0.2796,0.6139
SARC,N25720-51-A1,23,0.1395256916996047,-0.0683395223843571,-0.1192,0.2586,0.1683
SARC,N27922-53-1,23,0.2517786561264822,0.0987117105708077,-0.0995,0.2525,0.0891
SARC,N29087-69-1,23,0.5148221343873518,0.4800197033665804,-0.0847,0.2683,0.0099
SARC,N30652-18-1,23,0.084189723320158,-0.1043459709390752,-0.0433,0.2753,0.3366
SARC,PAK_5339,22,-0.3863354037267081,-0.5395664454899635,-0.0865,0.2672,0.8911
SARC,PBD-288,23,0.2837944664031621,0.2280460803478983,-0.1123,0.2718,0.0693
SARC,TAF1_5496,21,0.0379220779220779,-0.1214189037171477,-0.0796,0.2963,0.3267
SARC,THR-101,23,0.1264822134387351,0.0068930367323874,-0.0655,0.2133,0.2079
SARC,THR-102,23,-0.0830039525691699,-0.1910518413213647,-0.0802,0.2329,0.5248
SARC,THR-103,23,0.5033596837944664,0.4188770265388934,-0.1009,0.2291,0.0099
SARC,ULK1_4989,22,0.071485036702428,-0.0064814379697272,-0.055,0.2647,0.3267
SARC,VSP34_8731,22,0.4355731225296443,0.3494439009518029,-0.0509,0.2607,0.0594
SARC,VTP-A,23,0.3569169960474309,0.2897323961023714,-0.0647,0.2623,0.0693
SARC,VTP-B,23,0.3541501976284585,0.2766251477655479,-0.0553,0.2707,0.0891
SCLC,GSK525762A,38,0.0284276179013021,-0.0725007199762133,-0.0466,0.2166,0.4059
SCLC,erlotinib,42,-0.0334332712097885,-0.1457390443693115,-0.0627,0.2147,0.4653
SCLC,Afuresertib,37,0.0913703176861071,0.0021707595964258,-0.0369,0.1984,0.2079
SCLC,alpha-lipoic acid,25,-0.3109230769230769,-0.4904457416819595,-0.1252,0.2725,0.7525
SCLC,Palbociclib,38,0.3778750410329358,0.3426725335487067,-0.0437,0.2061,0.0396
SCLC,BRD-K88742110,38,-0.02475106685633,-0.1457353445630334,-0.0172,0.2517,0.5545
SCLC,doxorubicin,42,-0.1190341139291791,-0.2103847497763357,-0.0244,0.229,0.6832
SCLC,CHIR-99021,28,0.1763546798029556,0.0576263474420032,-0.0766,0.2361,0.1584
SCLC,Uprosertib,38,0.0054929423350475,-0.0719342159492636,-0.0653,0.2168,0.4059
SCLC,tanespimycin,42,0.1746211814277611,0.0943919226665257,-0.0619,0.2063,0.1188
SCLC,GSK-LSD1,24,-0.4639999999999998,-0.536326626158129,-0.0509,0.2599,0.9505
SCLC,lapatinib,41,0.1034146341463414,0.0204132710847788,-0.0473,0.1947,0.2475
SCLC,nutlin-3,42,-0.2534802690219593,-0.345578103655471,-0.0326,0.1896,0.8515
SCLC,Taselisib,38,0.0906226064120801,-0.0058792899732537,-0.0126,0.1983,0.3069
SCLC,CPI-637,27,-0.1052503052503052,-0.2120920747418612,-0.0592,0.2274,0.5941
SCLC,PRIMA-1-Met,33,0.4076871657754011,0.3821378616752107,0.0107,0.2154,0.0396
SCLC,A-366,27,-0.2623931623931624,-0.318578224421429,-0.0856,0.2419,0.7525
SCLC,MK-1775,42,0.2197390811117413,0.1782971010427094,-0.0772,0.1939,0.0495
SCLC,temozolomide,42,0.2894579045458229,0.218787622815651,-0.0474,0.2026,0.0693
SCLC,Vismodegib,38,0.1150454097822518,0.0144176774612065,-0.0463,0.2308,0.2376
SCLC,GDC0810,37,0.1573587816171885,0.0170871091287439,-0.0366,0.221,0.1881
SCLC,temsirolimus,40,0.2808255159474672,0.2024047347220037,-0.0418,0.2264,0.0891
SCLC,AGI-6780,32,0.4832844574780058,0.4672404087723605,-0.0467,0.2426,0.0198
SCLC,Serdemetan,38,-0.1748331327278695,-0.2531188018504761,-0.0505,0.2207,0.6931
SCLC,ascorbate (vitamin C),25,-0.5312307692307692,-0.6216189035517933,-0.0785,0.2252,0.9703
SCLC,cyclophosphamide,39,0.2285020242914979,0.1502265326717921,-0.0351,0.2161,0.1287
SCLC,Buparlisib,37,0.3303461356092934,0.2765232661585577,-0.0529,0.2368,0.0594
SCLC,foretinib,39,0.1921052631578947,0.1270940414948365,-0.0402,0.2318,0.198
SCLC,selumetinib,42,0.1440888096588607,0.0874152664131501,-0.0519,0.2027,0.1881
SCLC,JQ-1,42,0.1733895146260433,0.124049256563658,-0.0885,0.2203,0.1485
SCLC,Wee1 Inhibitor,36,0.2553410553410554,0.2133557915788257,-0.0286,0.2376,0.1485
SCLC,Oxaliplatin,38,0.1310646679067731,-0.0027924166952194,-0.0658,0.2189,0.2178
SCLC,Dihydrorotenone,24,0.1255652173913043,0.0486792930254266,-0.0595,0.2435,0.2277
SCLC,AZD6738,37,0.0004267425320056,-0.0648941630278669,-0.061,0.2143,0.396
SCLC,VE821,36,-0.1469240669240669,-0.2907513377304456,-0.0341,0.2178,0.6832
SCLC,Osimertinib,37,0.3549549549549549,0.2293652393435189,-0.0524,0.2137,0.0198
SCLC,PD173074,38,-0.0566582777109093,-0.1571324219146481,-0.0504,0.2077,0.5347
SCLC,methotrexate,38,0.3085457927563191,0.2488347213475182,-0.0881,0.2137,0.0297
SCLC,dacarbazine,31,-0.4948387096774194,-0.5708237767724481,-0.0823,0.2342,0.9406
SCLC,olaparib,42,0.0877886719066526,0.0355612702783915,-0.0653,0.2067,0.2178
SCLC,SN-38,40,0.4148217636022514,0.3378706609603973,-0.0546,0.2133,0.0099
SCLC,AGI-5198,37,0.2277382645803698,0.1390303689976565,-0.0765,0.2205,0.1089
SCLC,LBH-589,20,0.311578947368421,0.2679479385473094,-0.0478,0.2878,0.1188
SCLC,L-Oxonoreleagnine,24,-0.1993043478260869,-0.3236813418633553,-0.0688,0.2653,0.6931
SCLC,Vinorelbine,36,0.5065122265122266,0.4650484011433629,-0.0474,0.2217,0.0198
SCLC,SGC-CBP30,24,-0.236,-0.4106017631050588,-0.061,0.2606,0.7327
SCLC,fluorouracil,42,-0.0763471355643789,-0.139689168306974,-0.0203,0.1914,0.604
SCLC,MK-8776,35,-0.2615686274509804,-0.3723416023348798,-0.032,0.2177,0.8515
SCLC,OTX015,32,0.3450146627565982,0.278049316981601,-0.0766,0.2313,0.0396
SCLC,Lenalidomide,38,-0.100120363278258,-0.2904878269904382,-0.0145,0.2222,0.6337
SCLC,Ipatasertib,37,-0.0760075865339023,-0.1619606424999569,-0.0226,0.2214,0.5842
SCLC,bortezomib,42,0.0861032331253545,-0.0595178368308096,-0.0484,0.1963,0.2574
SCLC,GW441756,38,-0.0454535507167086,-0.1302513021431579,-0.0429,0.2169,0.5149
SCLC,Fludarabine,24,0.1071304347826086,0.0619430341597884,-0.0695,0.218,0.198
SCLC,ruxolitinib,38,0.3638691322901849,0.2935703191152333,-0.062,0.219,0.0594
SCLC,nilotinib,42,0.2742565432298841,0.234183542773826,-0.0397,0.2087,0.0792
SCLC,staurosporine,38,0.2957216325637378,0.259098011551486,-0.0121,0.215,0.1089
SCLC,YK 4-279,42,0.2814520703346568,0.2488789199414152,-0.0548,0.1974,0.0495
SCLC,Rucaparib,38,-0.1692307692307692,-0.2419988014947479,-0.0637,0.1944,0.703
SCLC,ABT-737,42,0.509472490073738,0.4772678588627007,-0.0216,0.1901,0.0099
SCLC,Mycophenolic acid,25,-0.132,-0.2688097645568711,-0.0729,0.2462,0.5842
SCLC,Schweinfurthin A,24,0.2721739130434782,0.1777447374552712,-0.0998,0.2561,0.0891
SCLC,Elephantin,24,0.5921739130434782,0.5018418703998717,-0.0631,0.2611,0.0198
SCLC,Talazoparib,37,0.0415836889521099,-0.0742485335610388,-0.0499,0.2333,0.3762
SCLC,AZD7762,42,0.1210112632687788,0.0576161465939779,-0.0628,0.2055,0.2178
SCLC,LY2109761,32,0.1049120234604105,0.0502921326258353,-0.044,0.2421,0.2871
SCLC,AT13148,36,0.0955984555984556,-0.0554843957290943,-0.0711,0.2103,0.2574
SCLC,PFI3,32,0.0908357771260997,0.0229011569112898,-0.0281,0.2265,0.2772
SCLC,entinostat,37,0.3446657183499288,0.3037106157800022,-0.0759,0.238,0.0495
SCLC,SGC0946,36,0.3863577863577864,0.3093186104547888,-0.0985,0.2302,0.0198
SCLC,AZD6482,28,-0.0042692939244663,-0.0939074964642332,-0.0681,0.2619,0.4554
SCLC,GSK2830371,27,-0.15006105006105,-0.2466121776698485,-0.0838,0.2362,0.5743
SCLC,nelarabine,30,0.1661846496106785,0.014639561021886,-0.0316,0.2232,0.2376
SCLC,NU7441,36,0.346975546975547,0.3204029542064878,-0.0075,0.2168,0.0693
SCLC,SB216763,38,0.253134916292811,0.1795563897850039,-0.0451,0.2179,0.0891
SCLC,AZD5363,37,0.1864390706495969,0.0785570792162644,-0.0486,0.2267,0.2079
SCLC,WEHI-539,38,0.0445781814202866,-0.0051555073758344,-0.0543,0.2363,0.3366
SCLC,navitoclax,42,0.4903168300785998,0.4502704515096715,-0.0326,0.2262,0.0099
SCLC,veliparib,42,0.2208410987764363,0.1604420989131562,-0.0698,0.2128,0.099
SCLC,NVP-BEZ235,42,0.1192609999189693,0.0348390451796282,-0.0331,0.1937,0.2277
SCLC,OSI-027,42,0.2194797828376954,0.1494705591721837,-0.0335,0.2,0.1188
SCLC,AZD2014,24,0.2170434782608695,0.186206555212965,-0.0943,0.2589,0.1584
SCLC,Vinblastine,26,0.2072478632478632,0.0460388351058153,-0.0484,0.2354,0.1485
SCLC,VE-822,32,-0.1632697947214076,-0.318003139317614,-0.0867,0.2261,0.6139
SCLC,AZD5991,24,0.1153043478260869,-0.0754848880304323,-0.066,0.249,0.2376
SCLC,GSK2801,24,0.0959999999999999,-0.0507111874869719,-0.0699,0.2377,0.2574
SCLC,Wnt-C59,32,0.0324780058651026,-0.0205397103278962,-0.0517,0.2135,0.3762
SCLC,Mitoxantrone,24,-0.2172173913043478,-0.4478317125420462,-0.0821,0.2811,0.6634
SCLC,XAV939,32,0.23841642228739,0.1707672725105001,-0.0502,0.2385,0.1683
SCLC,daporinad,33,0.2318181818181818,0.1695760463226919,-0.1027,0.2807,0.1386
SCLC,CCT007093,36,-0.2024195624195624,-0.3130212416433554,-0.0245,0.176,0.8614
SCLC,JNK Inhibitor VIII,38,-0.1953605427289637,-0.3196341658802929,-0.0501,0.2194,0.7426
SCLC,Ulixertinib,37,0.2322427690848743,0.1732095199903638,-0.0513,0.219,0.1287
SCLC,crizotinib,42,0.0349242362855522,-0.066793023851193,-0.036,0.2142,0.4158
SCLC,AZD8055,33,0.1241310160427807,0.060436262828901,-0.0685,0.2304,0.2277
SCLC,AMG-319,35,0.1047619047619047,-0.0542109865166914,-0.0224,0.2234,0.3168
SCLC,AZD1332,24,-0.2979130434782608,-0.4153963983576819,-0.0693,0.243,0.8119
SCLC,HKMTI-1-005,25,-0.0246153846153846,-0.1379593564562492,-0.1219,0.2668,0.3663
SCLC,GDC-0941,42,0.3243011101207357,0.2746015439415091,-0.0558,0.2306,0.0396
SCLC,trametinib,40,0.4599249530956849,0.4265508422104286,-0.0397,0.2009,0.0099
SCLC,AZD8186,37,0.3623992413466097,0.3245849567121842,-0.0227,0.2174,0.0396
SCLC,ABT-199,41,0.2428919860627178,0.154620199558292,-0.05,0.2107,0.0891
SCLC,BMS-754807,41,0.1811149825783972,0.0547302161035304,-0.0713,0.2235,0.1485
SCLC,EHT-1864,36,-0.0073616473616473,-0.1552679308403294,-0.0422,0.2483,0.4455
SCLC,NVP-ADW742,42,0.071355643788996,-0.0008001575671132,-0.0229,0.1689,0.2772
SCLC,EPZ5676,37,-0.0616405879563774,-0.1080611521880281,-0.076,0.2256,0.5446
SCLC,Cisplatin,28,0.3574165298303229,0.2764846835583497,-0.0604,0.2245,0.0495
SCLC,Gallibiscoquinazole,24,0.013391304347826,-0.1351380861892259,-0.0648,0.2609,0.4158
SCLC,AZD1208,24,0.1288695652173913,0.0643145929721188,-0.0327,0.2322,0.2178
SCLC,BMS-345541,32,0.2174486803519061,0.1369084898845988,-0.0383,0.2596,0.1881
SCLC,MST-312,42,0.0472733165869864,-0.0710981934338388,-0.0525,0.1954,0.3168
SCLC,sorafenib,42,0.1950085082246171,0.1498736759548692,-0.0569,0.2102,0.1287
SCLC,SB590885,36,0.1590733590733591,0.0370559434312047,-0.0526,0.2238,0.1782
SCLC,KRAS (G12C) Inhibitor-12,32,0.3226539589442815,0.2527912072538966,-0.0161,0.2293,0.0792
SCLC,GSK1904529A,37,0.2844950213371265,0.2255143927211091,-0.0715,0.2098,0.0495
SCLC,pevonedistat,41,0.3737282229965157,0.3072038757205912,-0.045,0.2133,0.0297
SCLC,BIRB-796,42,-0.3983307673608298,-0.4454712760660321,-0.0341,0.2008,0.9406
SCLC,AZD3759,38,0.304431557063136,0.2253516936179453,-0.0744,0.2097,0.0297
SCLC,Luminespib,37,-0.0470365101944049,-0.1077455027937413,-0.0379,0.2287,0.5149
SCLC,RVX-208,32,0.0321114369501466,-0.0463661715659031,-0.07,0.244,0.2871
SCLC,tamoxifen,41,0.2973648680898993,0.1917632445424835,-0.0558,0.2182,0.0693
SCLC,azacitidine,32,-0.1375366568914955,-0.266740451028901,-0.0662,0.2149,0.6238
SCLC,teniposide,26,0.0796581196581196,-0.067875771703986,-0.0757,0.267,0.3168
SCLC,BRD-K70511574,20,0.2021052631578947,0.1228621511334159,-0.1407,0.3083,0.1485
SCLC,ZM447439,36,0.5087258687258687,0.48896976606768,-0.0719,0.2136,0.0099
SCLC,Romidepsin,24,-0.3163478260869564,-0.4590388959972213,-0.0874,0.2666,0.7822
SCLC,bleomycin A2,35,0.1071708683473389,0.0048299317814007,-0.0289,0.2226,0.3069
SCLC,Niraparib,32,0.16524926686217,0.0551847480179572,-0.0551,0.2428,0.1782
SCLC,BIBR-1532,40,0.0285553470919324,-0.0348602353648689,-0.0524,0.2201,0.3366
SCLC,dinaciclib,36,0.265997425997426,0.1850021227421156,-0.0035,0.2061,0.0891
SCLC,GSK-LSD1-2HCl ,27,-0.0053724053724053,-0.0791456877144757,-0.079,0.2364,0.4158
SCLC,linsitinib,42,-0.1213677983955919,-0.1910940667824906,-0.0446,0.1888,0.6931
SCLC,TW-37,26,-0.43808547008547,-0.5658223923415034,-0.0297,0.2481,0.9307
SCLC,N-acetyl cysteine,25,0.2007692307692307,0.0976371256777912,-0.0932,0.2394,0.1386
SCLC,BEN,24,0.1408695652173913,-0.0401254334289017,-0.0453,0.2488,0.2277
SCLC,MN-64,32,-0.0262463343108504,-0.1774717009615839,-0.0846,0.2268,0.4356
SCLC,Sepantronium bromide,37,0.5716927453769559,0.5247496015286829,-0.0549,0.207,0.0099
SCLC,LMP744,24,0.1269565217391304,-0.0091812947882653,-0.0699,0.2522,0.2376
SCLC,sirolimus,40,-0.1169230769230769,-0.1779611779370116,-0.0854,0.2088,0.5842
SCLC,UNC0638,33,0.2491978609625668,0.1199031140574657,-0.0223,0.1849,0.0792
SCLC,Sabutoclax,32,0.4541788856304984,0.384319237332283,-0.041,0.2307,0.0198
SCLC,paclitaxel,42,-0.0731059071388056,-0.1300949300676424,-0.0438,0.2176,0.6139
SCLC,Refametinib,38,0.4677754677754677,0.4112308809812237,-0.0617,0.2173,0.0099
SCLC,BRD-K35604418,33,0.0108957219251336,-0.1401036919467353,-0.0711,0.243,0.3762
SCLC,Ribociclib,38,0.330298719772404,0.2775715370233817,-0.0529,0.2254,0.0396
SCLC,axitinib,42,0.2626853577505875,0.1774119816255402,-0.043,0.2042,0.0594
SCLC,Dactinomycin,37,0.3892840208629681,0.3297985164536979,-0.0436,0.2401,0.0594
SCLC,P22077,37,0.2797060218112849,0.2397206194697154,-0.0527,0.2342,0.0792
SCLC,WIKI4,37,0.251872925557136,0.1804803630911275,-0.0784,0.2389,0.1089
SCLC,AZD5153,24,0.4386086956521738,0.3319233284571599,-0.0821,0.2508,0.0198
SCLC,glutathione,25,-0.2312307692307692,-0.3222716678234789,-0.0392,0.2667,0.7822
SCLC,CZC24832,32,0.1972140762463343,0.1543324887242649,-0.0336,0.2284,0.1782
SCLC,WZ4003,32,0.0526392961876832,-0.0565520389414775,-0.0436,0.2332,0.3465
SCLC,gemcitabine,40,-0.2027016885553471,-0.3111963604179307,-0.0447,0.2243,0.7822
SCLC,tretinoin,27,-0.4863247863247862,-0.5426424622309837,-0.0919,0.2244,0.9703
SCLC,Picolinici-acid,32,-0.0689882697947214,-0.1926431108623992,-0.0404,0.2324,0.5149
SCLC,GSK2606414,31,0.2010483870967742,0.128640603949147,-0.0458,0.2149,0.099
SCLC,BYL-719,42,-0.1197471841828053,-0.1780180164235456,-0.0631,0.2134,0.604
SCLC,AZ960,32,0.5809384164222873,0.5296690903610545,-0.0291,0.2216,0.0198
SCLC,AGK-2,38,0.5928657402341613,0.5540263797458269,-0.0792,0.2378,0.0099
SCLC,POMHEX,27,0.0733821733821733,-0.0186437117413261,-0.0962,0.2514,0.3069
SCLC,GSK591,36,-0.0184813384813384,-0.0793042475481402,-0.0579,0.2368,0.4653
SCLC,PRT062607,32,-0.0831378299120234,-0.1649665580396412,-0.0375,0.2401,0.5545
SCLC,PFI-1,36,0.1973745173745174,0.146696192366694,-0.0438,0.2263,0.1485
SCLC,MG-132,39,0.2923886639676113,0.2741434316492189,-0.0936,0.2014,0.0198
SCLC,topotecan,31,-0.1317741935483871,-0.304646197710718,-0.0412,0.2586,0.6337
SCLC,ICL-SIRT078,25,0.12,0.0622060022362633,-0.0759,0.2819,0.2871
SCLC,LCL161,32,-0.0700879765395894,-0.1781723730405167,-0.0354,0.2376,0.5149
SCLC,cytarabine hydrochloride,33,-0.0678475935828877,-0.2141239396691476,-0.102,0.2356,0.4455
SCLC,Lestaurtinib,38,0.5878761352445563,0.5626221900620927,-0.0287,0.2345,0.0099
SCLC,MK-2206,42,0.0859411717040758,-0.0644707041932307,-0.0103,0.1836,0.3465
SCLC,GSK343,37,0.1350877192982456,0.0948603171701643,-0.0227,0.2468,0.2871
SCLC,afatinib,42,0.0661696783080787,0.0144625063863944,-0.0355,0.1747,0.2772
SCLC,Irinotecan,37,0.137221431958274,0.0320813999352712,-0.0491,0.2368,0.2376
SCLC,Bromosporine,24,0.1353043478260869,0.0396623369193543,-0.0134,0.2413,0.2871
SCLC,piperlongumine,28,-0.1171319102353585,-0.1966036471100277,-0.0293,0.2307,0.6337
SCLC,Pyridostatin,35,-0.00890756302521,-0.0965523832799933,-0.017,0.2138,0.5248
SCLC,Leflunomide,32,-0.1436217008797654,-0.2605338227980054,-0.0157,0.2204,0.7624
SCLC,Podophyllotoxin bromide,24,0.3859130434782608,0.2836558667333437,-0.1133,0.2658,0.0396
SCLC,AZD4547,41,-0.1578745644599303,-0.2417773716060314,-0.0247,0.2026,0.7129
SCLC,Camptothecin,38,0.2575555312397417,0.1661229241801661,-0.0613,0.1839,0.0594
SCLC,ML323,32,0.1154692082111436,0.019670585919078,-0.0352,0.24,0.2673
SCLC,fulvestrant,37,0.3950213371266002,0.3664287425963867,-0.0381,0.2275,0.0198
SCLC,vorinostat,42,0.4787780568835589,0.4335783322427121,0.0011,0.2019,0.0297
SCLC,GSK2578215A,37,-0.0440967283072546,-0.1680089730467339,-0.0407,0.2232,0.5347
SCLC,AZ6102,36,0.2255855855855855,0.1814592900948295,-0.0193,0.2218,0.1683
SCLC,UNC0379,27,0.1384615384615384,0.082793628404705,-0.0557,0.258,0.2475
SCLC,AZD5438,24,0.3259130434782608,0.2536852840780321,-0.0438,0.2559,0.0594
SCLC,AZD5582,32,0.1791055718475073,0.0409682799340979,-0.0716,0.2294,0.1485
SCLC,IWP-2,32,-0.383724340175953,-0.445759327007279,-0.0515,0.2159,0.8911
SCLC,I-BRD9,37,-0.2517306780464675,-0.2893468172606858,-0.0906,0.2145,0.7624
SCLC,UMI-77,26,0.0067692307692307,-0.0757689805161229,-0.0747,0.258,0.396
SCLC,VX-11e,36,0.3806949806949807,0.3345668782598414,-0.0226,0.2004,0.0297
SCLC,EPZ004777,37,0.0558084400189663,-0.0092710762819949,-0.0347,0.1944,0.3366
SCLC,Avagacestat,38,0.0558704453441295,-0.0183150699077705,-0.0495,0.2139,0.3465
SCLC,gefitinib,42,-0.1729681549307187,-0.2076281504605425,-0.0674,0.2006,0.703
SCLC,RO-3306,38,0.334850640113798,0.297315725730826,-0.0296,0.1926,0.0396
SCLC,GNE-317,37,0.1188715030820293,0.0593544999749328,-0.0502,0.2074,0.2475
SCLC,BI-2536,38,0.4498303971988182,0.4159671200248885,-0.0506,0.2212,0.0099
SCLC,Zoledronate,24,-0.4439999999999999,-0.5287672773473625,-0.0638,0.2773,0.9406
SCLC,KU-55933,42,0.3396321205736974,0.2995898489419054,-0.0585,0.2271,0.0198
SCLC,Entospletinib,32,0.2129765395894428,0.1616596115090324,-0.0381,0.2328,0.1485
SCLC,cediranib,40,-0.0556097560975609,-0.1322118254602671,-0.0278,0.2286,0.5644
SCLC,LGK974,37,0.295732574679943,0.22530038232447,-0.0696,0.2224,0.0297
SCLC,Savolitinib,37,0.311379800853485,0.2471809907286611,-0.0107,0.2171,0.099
SCLC,ibrutinib,38,-0.3609804136119925,-0.4998944565939562,-0.0307,0.186,0.9604
SCLC,Mirin,32,-0.0102639296187683,-0.079029914171987,-0.0563,0.2064,0.4554
SCLC,GSK2110183B,24,0.1412173913043478,0.0771407126641619,-0.0496,0.2591,0.2475
SCLC,Sinularin,24,-0.1142608695652173,-0.2769101321543663,-0.0314,0.2791,0.6436
SCLC,OF-1,32,0.1336510263929618,0.0065790867009607,-0.0048,0.2306,0.3069
SCLC,LJI308,36,0.1503217503217503,0.0412006797851115,-0.0888,0.2266,0.1584
SCLC,NSC19630,42,0.0140183129406044,-0.1024278033356788,-0.0416,0.2101,0.396
SCLC,PLX-4720,42,0.3167166356048942,0.2586783042970512,-0.0384,0.1938,0.0396
SCLC,dasatinib,42,0.1998379385787213,0.0744281158188583,-0.0039,0.1894,0.1782
SCLC,docetaxel,40,0.425891181988743,0.3792982015971956,-0.053,0.2356,0.0099
SCLC,alisertib,40,0.4080675422138837,0.3442197520221558,-0.0642,0.2183,0.0099
SCLC,Obatoclax Mesylate,30,0.1605784204671857,0.092689015942568,-0.0632,0.2344,0.198
SCLC,BMS-536924,42,0.1167328417470221,0.0600014863245911,-0.0723,0.1853,0.1683
SCLC,123138,24,-0.1163478260869565,-0.1958906721887495,-0.0729,0.2716,0.5743
SCLC,123829,24,-0.1208695652173912,-0.2937848708623109,-0.1305,0.2616,0.495
SCLC,150412,24,-0.3353043478260869,-0.4452494469491129,-0.0441,0.3201,0.7921
SCLC,50869,24,0.3958260869565217,0.3312756146012753,-0.0843,0.2773,0.0495
SCLC,615590,24,-0.077391304347826,-0.227610011798173,-0.0455,0.2776,0.505
SCLC,630600,24,0.1048695652173913,-0.1788818782068996,-0.0991,0.2505,0.2673
SCLC,667880,24,-0.2452173913043477,-0.3559173738693264,-0.0513,0.2913,0.7327
SCLC,720427,24,-0.2439999999999999,-0.4346529217495619,-0.0573,0.2518,0.7129
SCLC,729189,24,-0.3765217391304347,-0.5071074859709026,-0.1068,0.2751,0.8218
SCLC,741909,24,-0.1643478260869565,-0.2792403389513174,-0.0871,0.2306,0.6139
SCLC,743380,24,0.1111304347826086,-0.0075017237535209,-0.0938,0.2493,0.2178
SCLC,765771,24,-0.0986086956521739,-0.2932893881197622,-0.0539,0.2412,0.5941
SCLC,776928,24,0.3193043478260869,0.1827272666476783,-0.0688,0.2688,0.0891
SCLC,BDF00022089a,24,0.0043478260869565,-0.1361001558476002,-0.0513,0.2799,0.4554
SCLC,BDILV000379a,24,-0.2631304347826087,-0.4445723297994344,-0.06,0.2681,0.7426
SCLC,BDOCA000347a,24,-0.0420869565217391,-0.1366876266416994,-0.0654,0.2474,0.4554
SCLC,BDP-00009066,26,-0.1003076923076922,-0.2376143368129396,-0.0327,0.2777,0.5644
SCLC,BPD-00008900,26,0.030017094017094,-0.0556161587164716,-0.0746,0.2546,0.3663
SCLC,CDK9_5038,24,0.2085217391304347,0.1097704082585913,-0.0491,0.2436,0.1584
SCLC,CDK9_5576,24,0.2883478260869564,0.1639320690994772,-0.0657,0.243,0.0792
SCLC,CT7033-2,27,0.3029304029304029,0.1586362050382896,-0.0531,0.2616,0.1089
SCLC,Eg5_9814,24,0.4081739130434781,0.2953406805446099,-0.0625,0.2799,0.0693
SCLC,ERK_2440,24,-0.2996521739130434,-0.3815506536300821,-0.0242,0.2948,0.8218
SCLC,ERK_6604,24,-0.3638260869565217,-0.4731046910156145,-0.07,0.259,0.8416
SCLC,GSK2256098C,24,-0.3356521739130435,-0.4052284034762128,-0.08,0.2647,0.8416
SCLC,GSK2830371A,24,-0.0055652173913043,-0.1973097259149131,-0.0161,0.2507,0.4356
SCLC,GSK3337463A,24,-0.5761739130434782,-0.6794095684950795,-0.0767,0.2599,0.9604
SCLC,GSK626616AC,24,-0.1125217391304347,-0.1653966411494084,-0.0212,0.2675,0.5545
SCLC,IAP_5620,24,0.0836521739130435,-0.0431797069639871,-0.0531,0.2679,0.297
SCLC,IGF1R_3801,24,0.5483478260869564,0.4725577950902104,-0.0779,0.2713,0.0198
SCLC,IRAK4_4710,24,-0.339304347826087,-0.4747194751150156,-0.0694,0.2375,0.8515
SCLC,JAK1_8709,24,0.1942608695652173,0.0203776277360062,-0.0533,0.2459,0.1683
SCLC,JAK_8517,24,-0.0020869565217391,-0.0587718331717924,-0.1135,0.2447,0.396
SCLC,LMB_AB1,24,-0.132695652173913,-0.3167499091863104,-0.0431,0.2697,0.6139
SCLC,LMB_AB2,24,-0.1975652173913043,-0.3148305407869164,-0.0761,0.2695,0.6337
SCLC,LMB_AB3,24,0.3299130434782608,0.2326403121808192,-0.0807,0.2456,0.0594
SCLC,N25720-51-A1,26,-0.152,-0.3849722109444915,-0.0652,0.2387,0.6337
SCLC,N27922-53-1,26,-0.2032820512820513,-0.3417388983297229,-0.0106,0.2429,0.7822
SCLC,N29087-69-1,26,-0.3604102564102563,-0.4677876425314294,-0.0634,0.2434,0.8911
SCLC,N30652-18-1,26,-0.1381880341880341,-0.2917265941356282,-0.0141,0.2476,0.6931
SCLC,PAK_5339,24,-0.3066086956521738,-0.3874001759344435,-0.0962,0.2803,0.7129
SCLC,PBD-288,27,0.1402930402930403,0.0168505087766022,-0.0584,0.2607,0.2079
SCLC,TAF1_5496,24,0.2953043478260869,0.2297487405497554,-0.1059,0.2505,0.099
SCLC,THR-101,27,0.0064713064713064,-0.1660625076454069,-0.0458,0.2343,0.4158
SCLC,THR-102,27,0.1051282051282051,0.013180925198305,-0.0564,0.2664,0.3267
SCLC,THR-103,27,0.0868131868131868,0.0393202173729758,-0.0379,0.2395,0.297
SCLC,ULK1_4989,24,0.2968695652173913,0.18836322762579,-0.0398,0.2796,0.1386
SCLC,VSP34_8731,24,0.188695652173913,0.0748431762744799,-0.0339,0.2428,0.198
SCLC,VTP-A,25,0.4132307692307692,0.3316126569585071,-0.0426,0.2704,0.0495
SCLC,VTP-B,25,0.0449230769230769,-0.0208658850114758,-0.0516,0.2838,0.4059
SITE_LUNG,GSK525762A,20,-0.1672180451127819,-0.4255232342745996,-0.1045,0.2855,0.5941
SITE_LUNG,erlotinib,20,-0.2454135338345864,-0.5116204631145657,-0.0575,0.3122,0.7129
SITE_LUNG,BRD-K88742110,20,-0.116390977443609,-0.2329801698174879,-0.0671,0.2744,0.5545
SITE_LUNG,doxorubicin,20,0.0866165413533834,-0.0691668667788932,-0.0478,0.274,0.3267
SITE_LUNG,tanespimycin,20,-0.2619548872180451,-0.4243717360908882,-0.0962,0.2791,0.703
SITE_LUNG,lapatinib,20,0.1630075187969924,0.0986252256754359,-0.0903,0.2703,0.2376
SITE_LUNG,nutlin-3,20,0.2342857142857143,0.1108286166426514,-0.0792,0.2996,0.1683
SITE_LUNG,MK-1775,20,-0.2625563909774435,-0.377943512012813,-0.1058,0.2706,0.7129
SITE_LUNG,temozolomide,20,-0.316390977443609,-0.4895161972050623,-0.0381,0.2826,0.8119
SITE_LUNG,foretinib,20,-0.2640601503759398,-0.4101337037375588,-0.0468,0.2635,0.8218
SITE_LUNG,selumetinib,20,0.1639097744360902,0.0033633943267741,-0.0877,0.3106,0.2079
SITE_LUNG,JQ-1,20,-0.1765413533834586,-0.3524787585203873,-0.1135,0.2885,0.5347
SITE_LUNG,olaparib,20,-0.0021052631578947,-0.1697392874315571,-0.0587,0.2917,0.396
SITE_LUNG,SN-38,20,-0.0078195488721804,-0.0803775100379398,-0.0779,0.2641,0.4059
SITE_LUNG,fluorouracil,20,-0.0736842105263157,-0.3267909216230705,-0.0323,0.2631,0.5347
SITE_LUNG,bortezomib,20,-0.437593984962406,-0.623303924700298,-0.1263,0.2766,0.9208
SITE_LUNG,nilotinib,20,0.073984962406015,-0.186708733108254,-0.0658,0.2683,0.2673
SITE_LUNG,YK 4-279,20,0.1533834586466165,0.0699828269106326,-0.073,0.3086,0.2871
SITE_LUNG,ABT-737,20,-0.0541353383458646,-0.1132004838442242,-0.1191,0.2788,0.3861
SITE_LUNG,AZD7762,20,-0.0998496240601503,-0.3734054287555515,-0.133,0.298,0.4455
SITE_LUNG,entinostat,20,-0.2129323308270676,-0.3237416247161109,-0.0651,0.2812,0.7129
SITE_LUNG,navitoclax,20,-0.3314285714285714,-0.450202764881825,-0.1125,0.2389,0.7624
SITE_LUNG,veliparib,20,-0.076390977443609,-0.1941065254791487,-0.1026,0.2666,0.4752
SITE_LUNG,OSI-027,20,0.0742857142857142,-0.0296841428418961,-0.0723,0.2872,0.3465
SITE_LUNG,crizotinib,20,0.1085714285714285,-0.0836964178422215,-0.0803,0.2825,0.2871
SITE_LUNG,GDC-0941,20,-0.152781954887218,-0.2870105621316131,-0.0699,0.279,0.6337
SITE_LUNG,BMS-754807,20,-0.1945864661654135,-0.4082058247453671,-0.1231,0.2509,0.6139
SITE_LUNG,NVP-ADW742,20,0.2778947368421052,0.1929644861700133,-0.0924,0.2925,0.1584
SITE_LUNG,MST-312,20,0.3148872180451127,0.2744792377027811,-0.1107,0.282,0.0495
SITE_LUNG,sorafenib,20,0.303157894736842,0.1705243508917476,-0.0846,0.2746,0.0891
SITE_LUNG,pevonedistat,20,0.0628571428571428,-0.013053473774864,-0.1135,0.2964,0.297
SITE_LUNG,tamoxifen,20,0.1227067669172932,0.0626165816944899,-0.0622,0.2847,0.3069
SITE_LUNG,BIBR-1532,20,0.0496240601503759,-0.0799663365390679,-0.0674,0.2689,0.3069
SITE_LUNG,linsitinib,20,-0.111578947368421,-0.2356957076947597,-0.1026,0.287,0.5446
SITE_LUNG,sirolimus,20,0.2168421052631578,0.1680331146740577,-0.0711,0.2868,0.1683
SITE_LUNG,paclitaxel,20,0.033984962406015,-0.0597330114034866,-0.0968,0.2911,0.3267
SITE_LUNG,axitinib,20,0.4261654135338346,0.3880018292030217,-0.058,0.2701,0.0396
SITE_LUNG,gemcitabine,20,0.2216541353383458,0.1294641448348726,-0.0715,0.2928,0.1782
SITE_LUNG,AGK-2,20,0.1816541353383458,-0.0165076821946436,-0.1124,0.2999,0.1683
SITE_LUNG,MK-2206,20,0.3437593984962406,0.2943208622692655,-0.0941,0.2826,0.0693
SITE_LUNG,AZD4547,20,-0.3329323308270676,-0.4141567993918345,-0.0965,0.2881,0.7723
SITE_LUNG,vorinostat,20,-0.1533834586466165,-0.2861197915476808,-0.0925,0.2945,0.5743
SITE_LUNG,gefitinib,20,0.0833082706766917,-0.1170729018261879,-0.0672,0.2555,0.2574
SITE_LUNG,BI-2536,20,0.1957894736842105,0.0929377174166921,-0.1141,0.2584,0.1188
SITE_LUNG,KU-55933,20,-0.0532330827067669,-0.2490581570026591,-0.0692,0.2496,0.4752
SITE_LUNG,PLX-4720,20,-0.2406015037593984,-0.3543905392520062,-0.1095,0.2742,0.6931
SITE_LUNG,dasatinib,20,0.2881203007518796,0.1636115134461497,-0.0631,0.2861,0.1089
SITE_LUNG,alisertib,20,-0.110375939849624,-0.2484550387832674,-0.0302,0.2641,0.6634
SITE_LUNG,BMS-536924,20,0.1281203007518797,0.0188790414109957,-0.0866,0.2826,0.2574
SKCM,GSK525762A,52,-0.0824041663109365,-0.1678610235347685,-0.0412,0.1735,0.5545
SKCM,erlotinib,52,0.0047639375053359,-0.0543490537562752,-0.043,0.1895,0.3861
SKCM,BMS-270394,45,0.066341477828618,-0.0156858044671481,-0.0599,0.203,0.297
SKCM,KU 0060648,45,-0.2957048748353095,-0.3787863324050752,-0.0506,0.1806,0.9208
SKCM,Merck60,47,0.5015408634399002,0.4858183873000055,-0.0692,0.1859,0.0099
SKCM,pyrazolanthrone,48,0.1862295438577649,0.1103534766176325,-0.0524,0.1875,0.099
SKCM,Afuresertib,33,-0.0057486631016042,-0.1213760549849868,-0.0538,0.2366,0.4851
SKCM,alpha-lipoic acid,22,0.0888763410502541,0.0368657114200932,-0.0812,0.2885,0.3366
SKCM,BRD-K97651142,43,0.2149199637571731,0.1492789891070223,-0.0461,0.2037,0.1386
SKCM,Palbociclib,33,0.1079545454545454,0.0175053071443928,-0.0537,0.2223,0.2376
SKCM,Compound 7d-cis,40,0.1945590994371482,0.1117008286250606,-0.0955,0.2319,0.099
SKCM,BRD-K90370028,29,-0.0662232096963727,-0.189765659683113,0.0164,0.2301,0.6139
SKCM,BRD-K88742110,49,-0.1337483099493868,-0.2147926232061526,-0.0213,0.1869,0.7921
SKCM,BRD-K14844214,47,0.0673681776133209,-0.0029385885625775,-0.0642,0.2267,0.3069
SKCM,bosutinib,44,0.1758985200845665,0.0889767609633389,-0.0394,0.1972,0.1485
SKCM,avrainvillamide,42,-0.0613078356697188,-0.1875221699850759,-0.0283,0.1988,0.6139
SKCM,doxorubicin,53,0.2736171585228188,0.2204007319641487,-0.0351,0.1997,0.0495
SKCM,BRD-K80183349,46,0.6149737897008942,0.5946421322019327,-0.0405,0.1853,0.0099
SKCM,CHIR-99021,48,0.5191055145462441,0.4932877003630346,-0.0391,0.1948,0.0099
SKCM,PYR-41,44,0.0078646934460887,-0.1216082150533483,-0.0717,0.203,0.3762
SKCM,palmostatin B,44,0.2479298074057645,0.2180890889222458,-0.015,0.1646,0.0594
SKCM,UNC0321,47,-0.2167601733098227,-0.3872716941821815,-0.0621,0.172,0.8317
SKCM,PF-4800567 hydrochloride,30,0.3552836484983315,0.3093746158485058,-0.0702,0.2532,0.0594
SKCM,SCH-79797,44,0.2500352360817476,0.2021239825005049,-0.0415,0.2164,0.0693
SKCM,spautin-1,46,-0.1048288621646623,-0.1922493005486105,-0.0424,0.1894,0.6733
SKCM,Uprosertib,33,0.0479946524064171,0.0033834493555603,-0.0332,0.2415,0.3861
SKCM,PF-3758309,31,-0.0103225806451612,-0.084265103849155,-0.0797,0.2343,0.3861
SKCM,tanespimycin,52,0.3171689575685136,0.3020627281987583,-0.0304,0.1954,0.0396
SKCM,BRD-K02492147,42,-0.1579932763314274,-0.254618393675814,-0.042,0.1973,0.7228
SKCM,GSK-LSD1,20,0.3178947368421053,0.2618900832958457,-0.0764,0.2997,0.0891
SKCM,lapatinib,50,0.0048691476590636,-0.0845405642678361,-0.041,0.1796,0.4158
SKCM,SGX-523,46,0.5396453418052732,0.5219741570794341,-0.0297,0.1928,0.0099
SKCM,nutlin-3,50,0.3382953181272509,0.2774527615402573,-0.0182,0.1929,0.0495
SKCM,Repligen 136,46,-0.1767622571692876,-0.2375904327107687,-0.0192,0.1907,0.7921
SKCM,Taselisib,33,-0.1144385026737967,-0.2110408698864194,-0.0706,0.2598,0.5941
SKCM,BRD-K94991378,44,0.5475405214940098,0.4977887118636877,-0.0682,0.2033,0.0099
SKCM,dabrafenib,45,0.4398682476943346,0.4143515148140934,-0.0618,0.2015,0.0099
SKCM,CPI-637,21,0.0867532467532467,-0.1422972143224914,-0.1289,0.2743,0.2178
SKCM,PRIMA-1-Met,37,-0.3292081555239449,-0.3691460632473462,-0.0598,0.208,0.8812
SKCM,StemRegenin 1,45,0.2194202898550724,0.1829239220424057,-0.0697,0.1707,0.0396
SKCM,HBX-41108,44,0.0588019732205778,-0.035224444677558,-0.0519,0.1966,0.2772
SKCM,alvocidib,31,0.2782258064516129,0.2126456978029974,-0.033,0.2355,0.1089
SKCM,PF-750,42,-0.0222357279061003,-0.0883844653300045,-0.0672,0.2053,0.4653
SKCM,A-366,21,0.0509090909090909,-0.059128174003399,-0.0871,0.2366,0.2871
SKCM,erastin,46,0.3297970789294419,0.2935302886312761,-0.0477,0.1638,0.0297
SKCM,MK-1775,52,0.4051225134465978,0.3613887825394022,-0.038,0.204,0.0099
SKCM,sildenafil,44,0.0464054134861503,-0.0371215017778084,-0.0692,0.194,0.3168
SKCM,GMX-1778,46,0.1486584850637256,0.0878331842455414,-0.0283,0.1766,0.1485
SKCM,PX-12,45,0.2277997364953886,0.1336453981227724,-0.0474,0.1864,0.0594
SKCM,temozolomide,52,0.0327854856221898,-0.0649055684066589,-0.021,0.1817,0.4455
SKCM,Vismodegib,33,-0.0760695187165775,-0.3124495294238114,-0.0753,0.2197,0.5446
SKCM,BRD-K66453893,46,0.3502559358618563,0.2542822668149705,-0.0379,0.1807,0.0198
SKCM,GDC0810,33,0.4052139037433155,0.3272999397859632,-0.0583,0.2448,0.0198
SKCM,FQI-2,48,0.1557358808617601,0.0652425762241746,-0.0414,0.1832,0.1881
SKCM,temsirolimus,40,0.1793245778611632,0.1321682773002741,-0.0829,0.1938,0.0792
SKCM,AGI-6780,31,-0.209758064516129,-0.2492942626456789,-0.0563,0.2239,0.7228
SKCM,Serdemetan,33,-0.1676470588235294,-0.3331800867802902,-0.0757,0.2256,0.6436
SKCM,pitstop2,44,-0.0377885056085761,-0.0997133778567495,-0.0845,0.2049,0.4455
SKCM,ascorbate (vitamin C),22,0.2573687182382834,0.0398871266388506,-0.1107,0.2615,0.0891
SKCM,cyclophosphamide,40,-0.0408630393996247,-0.1438897165971126,-0.0328,0.1919,0.5149
SKCM,TGX-221,47,0.3045532076089793,0.2555835919058535,-0.0316,0.1888,0.0396
SKCM,procarbazine,46,-0.3168392032892798,-0.4098291054238014,-0.0182,0.1704,0.9208
SKCM,fluvastatin,45,0.0815546772068511,-0.0158199410786723,-0.0589,0.1976,0.2475
SKCM,BRD-K41597374,47,-0.0094268698637943,-0.0649080935851183,-0.0479,0.2028,0.4059
SKCM,pazopanib,47,-0.2729264838815025,-0.3951978921261704,-0.0437,0.182,0.8812
SKCM,BRD-K28456706,45,0.1094406748537454,0.0519362665429679,-0.0551,0.1758,0.1881
SKCM,quizartinib,45,-0.2046575975285953,-0.3110496778476735,-0.0393,0.1882,0.7723
SKCM,Buparlisib,33,0.2864304812834224,0.253333043736283,-0.0639,0.2184,0.0693
SKCM,16-beta-bromoandrosterone,45,0.0388665589466417,-0.0353833859569337,-0.078,0.1923,0.297
SKCM,KH-CB19,43,-0.1109868837331754,-0.2280632672921384,-0.0642,0.18,0.604
SKCM,foretinib,50,0.3886578631452581,0.3468047455233738,-0.0281,0.2038,0.0099
SKCM,ML029,43,-0.0768045907580791,-0.135596890760329,-0.0695,0.2131,0.5545
SKCM,selumetinib,52,0.6417484845897721,0.5961137939305661,-0.0283,0.1844,0.0099
SKCM,GSK-3 inhibitor IX,43,0.3060102688009664,0.2252461107060717,-0.0714,0.2039,0.0297
SKCM,NSC23766,44,0.17615221987315,0.063402345911528,-0.0771,0.1971,0.099
SKCM,GDC-0879,48,0.5782891880156318,0.5468726967131604,-0.0502,0.1754,0.0099
SKCM,triptolide,47,0.3637593595229397,0.3261184733664653,-0.0456,0.1899,0.0099
SKCM,KHS101,44,0.2304439746300211,0.1798578444224107,-0.0782,0.2061,0.0891
SKCM,SB-525334,48,0.3662062041677553,0.3155003254840864,-0.0511,0.1768,0.0198
SKCM,JQ-1,53,-0.2629898403483309,-0.3658570842162384,-0.0278,0.1807,0.8911
SKCM,Wee1 Inhibitor,33,0.2589572192513369,0.1556526272671778,-0.0794,0.2156,0.0594
SKCM,ETP-46464,44,-0.0592550830206841,-0.1470870767129516,-0.0558,0.2095,0.495
SKCM,Oxaliplatin,33,0.0365641711229946,-0.070396527008781,-0.0666,0.2122,0.3267
SKCM,AZD7545,46,0.211322849213691,0.098817436821973,-0.0282,0.1988,0.0891
SKCM,Dihydrorotenone,20,0.4646616541353382,0.4060393927572076,-0.1106,0.2796,0.0099
SKCM,AZD6738,33,0.2060828877005348,0.1696893051998229,-0.0539,0.2374,0.1485
SKCM,VE821,33,-0.0860962566844919,-0.1842566113871483,-0.0633,0.2198,0.5743
SKCM,NPC-26,47,0.1161644834872225,-0.0424695048310056,-0.028,0.2028,0.297
SKCM,PD173074,33,-0.0130347593582887,-0.1084655804375198,-0.0324,0.2145,0.4752
SKCM,triazolothiadiazine,47,0.5165356151711379,0.4811690772270423,-0.0562,0.1945,0.0099
SKCM,CAY10594,44,0.1959618028631235,0.1311451866214917,-0.0078,0.1884,0.1584
SKCM,methotrexate,50,0.3861608643457382,0.3667762296143893,-0.0678,0.1944,0.0099
SKCM,Compound 1541A,46,-0.2725848371497877,-0.412243804110733,-0.0402,0.1942,0.8911
SKCM,dacarbazine,47,-0.08298112229191,-0.1776094054986615,-0.0488,0.1987,0.604
SKCM,olaparib,51,0.3684162895927602,0.341665901883354,-0.0575,0.1898,0.0198
SKCM,BRD-K48477130,29,-0.2796897906816301,-0.4259125791879478,-0.0757,0.2409,0.7822
SKCM,OSI-930,42,0.1547101010143103,0.023680179469236,-0.0474,0.1893,0.1683
SKCM,SB-431542,46,-0.0496853817590275,-0.1050091295464079,-0.0437,0.2152,0.495
SKCM,SN-38,51,0.2079095022624434,0.142831531256585,-0.0317,0.2061,0.1287
SKCM,regorafenib,46,-0.2157631822386679,-0.2967896542191989,-0.045,0.2138,0.8218
SKCM,necrosulfonamide,42,0.1363746860059962,0.0762752279480886,-0.0625,0.2044,0.1485
SKCM,AGI-5198,33,0.0126336898395721,-0.0775343359446885,-0.0735,0.2192,0.3168
SKCM,Ch-55,47,0.0529370952821461,-0.0440114772224646,-0.0561,0.1967,0.297
SKCM,LBH-589,45,0.2035836627140975,0.1828369015225925,-0.0421,0.2016,0.1089
SKCM,SU11274,47,0.0873265494912118,0.0482363300100729,-0.0307,0.1806,0.2772
SKCM,BRD-K13999467,44,0.288738548273432,0.2234524750222421,-0.0573,0.2017,0.0594
SKCM,GW-405833,45,-0.1794789025645094,-0.3239149249575205,-0.0408,0.1924,0.7327
SKCM,BRD-K85133207,46,0.4289978415047795,0.3935803360888104,-0.0518,0.2044,0.0198
SKCM,EX-527,44,-0.0196504089914014,-0.114187913487369,-0.0282,0.2067,0.495
SKCM,tosedostat,46,0.3280542707369719,0.2466544883435672,-0.0238,0.2091,0.0594
SKCM,BRD-K64610608,46,0.1536439663106141,0.0906854081053561,-0.0508,0.206,0.1584
SKCM,purmorphamine,46,0.1120848623678854,0.0126329839557817,-0.0747,0.2089,0.2178
SKCM,L-Oxonoreleagnine,20,-0.3359398496240601,-0.4844521261808776,-0.1007,0.297,0.7624
SKCM,Vinorelbine,33,0.1711229946524064,0.064256139070401,-0.0796,0.2099,0.1386
SKCM,cytochalasin B,48,0.2580400033517384,0.1941197575959295,-0.0507,0.1977,0.0891
SKCM,BRD-K04800985,45,0.0636220727282866,-0.0858755291015952,-0.0255,0.194,0.3465
SKCM,B02,46,0.2553314831945729,0.2049506519581864,-0.0432,0.1973,0.0792
SKCM,SGC-CBP30,20,0.5070676691729323,0.457341799038114,-0.1061,0.2771,0.0099
SKCM,fluorouracil,51,0.0503348416289592,-0.0299686111477923,-0.056,0.1954,0.3168
SKCM,ML203,45,-0.1716996047430829,-0.2679763601075055,-0.0657,0.1845,0.7228
SKCM,MK-8776,33,-0.0175802139037433,-0.1468331345634738,-0.0293,0.2282,0.4653
SKCM,OTX015,31,-0.2066129032258064,-0.2964669154454436,-0.0492,0.2204,0.7327
SKCM,IC-87114,48,0.2383237447548485,0.2061207096458163,-0.0683,0.1885,0.0693
SKCM,Lenalidomide,33,0.164572192513369,0.1461545333707983,-0.0733,0.2292,0.1881
SKCM,PLX-4032,45,0.4199472990777337,0.3833587755318183,-0.0858,0.1828,0.0099
SKCM,hyperforin,44,-0.0358856901452573,-0.1312054652579121,-0.034,0.2098,0.5545
SKCM,Ipatasertib,33,0.267379679144385,0.2162016029412184,-0.0529,0.2479,0.1485
SKCM,cerulenin,48,-0.0653712548849327,-0.1602074745265213,-0.0331,0.19,0.5743
SKCM,SRT-1720,46,-0.1843601603453592,-0.2549093682538236,-0.0405,0.2044,0.7525
SKCM,bortezomib,52,0.1634764791257577,0.0731676431909852,-0.0386,0.1574,0.099
SKCM,GW441756,33,-0.2231283422459893,-0.3072893504741784,-0.1017,0.2224,0.6733
SKCM,LY-2183240,46,0.0959975331483194,-0.0145322940348124,-0.0336,0.1934,0.297
SKCM,Fludarabine,20,0.1431578947368421,0.0824006273512346,-0.1117,0.2537,0.1683
SKCM,SCH772984,33,0.1471256684491979,0.0168540446669911,-0.0516,0.2172,0.2079
SKCM,BRD8958,45,0.0894395261226249,0.0569758550320347,-0.0125,0.1855,0.3168
SKCM,PF-573228,46,0.3058497025722557,0.2449577092308559,-0.0609,0.1992,0.0297
SKCM,ruxolitinib,51,0.2159958370651699,0.1176382704406266,-0.0849,0.1893,0.0594
SKCM,ZSTK474,46,0.1284529279959458,0.046381459349446,-0.0329,0.181,0.1881
SKCM,nilotinib,51,0.3851221719457013,0.3473856047770138,-0.0233,0.1603,0.0198
SKCM,XL765,45,0.1275404328897703,0.024901540260745,-0.0397,0.2082,0.2475
SKCM,avicin D,29,0.2278817733990147,0.0552877412639019,-0.0432,0.2482,0.1683
SKCM,importazole,40,0.058499061913696,0.0220059936821993,-0.034,0.2355,0.3663
SKCM,staurosporine,33,0.5543449197860962,0.5387537354538293,-0.0744,0.2403,0.0099
SKCM,YK 4-279,52,0.3447280799112097,0.2869851949397846,-0.0549,0.1976,0.0297
SKCM,Rucaparib,33,0.2170454545454546,0.0978788911304572,-0.0441,0.2346,0.1485
SKCM,ML083,45,-0.188902810912925,-0.3362011027812269,-0.0327,0.1965,0.7822
SKCM,ABT-737,50,-0.0562881152460984,-0.1424784357231951,-0.0538,0.2013,0.495
SKCM,Mycophenolic acid,21,0.4511688311688311,0.369437936315332,-0.0957,0.3103,0.0297
SKCM,RG-108,47,-0.2214564483016123,-0.3316681506841334,-0.0479,0.2064,0.7921
SKCM,IPR-456,46,-0.2077153166364247,-0.3191358234678361,-0.0625,0.1871,0.802
SKCM,salermide,44,-0.0105500731453134,-0.0674802783391795,-0.0657,0.172,0.4356
SKCM,BRD1812,47,-0.0724098057354301,-0.1862096034870431,-0.0296,0.1871,0.5941
SKCM,Schweinfurthin A,20,0.4381954887218045,0.3625244233235682,-0.1045,0.281,0.0297
SKCM,Elephantin,20,-0.3305263157894736,-0.4362805890638405,-0.1321,0.2722,0.7426
SKCM,BRD-K66532283,43,0.3200543642404107,0.2858493467609303,-0.0406,0.1796,0.0297
SKCM,KX2-391,47,0.3209990749306198,0.2519057460941082,-0.0446,0.202,0.0693
SKCM,PHA-793887,47,0.2501618871415356,0.1700154441095016,-0.0831,0.1757,0.0297
SKCM,BRD-K17060750,45,0.1371116107064054,0.0560029057514101,-0.0181,0.2025,0.297
SKCM,Talazoparib,33,0.4139705882352941,0.338595759605587,-0.0793,0.2272,0.0099
SKCM,NSC 74859,46,0.3580005552289543,0.3312015653602604,-0.0319,0.1893,0.0198
SKCM,AC55649,45,0.0374340660285105,-0.0803813510000929,-0.06,0.2055,0.2772
SKCM,skepinone-L,30,0.092146829810901,-0.0098867642107015,-0.0614,0.232,0.2475
SKCM,PRL-3 inhibitor I,44,-0.2824317224464938,-0.4331471195875686,-0.0719,0.2033,0.8515
SKCM,omacetaxine mepesuccinate,44,0.2452713178294573,0.175602105346315,-0.0317,0.201,0.0792
SKCM,isonicotinohydroxamic acid,44,0.0829316420014094,0.0386658883750397,-0.0443,0.2035,0.2772
SKCM,AZD7762,53,0.4705370101596517,0.4476751150348951,-0.0469,0.1796,0.0198
SKCM,NVP-BSK805,48,0.1859798627438781,0.0753651383208403,-0.0503,0.1909,0.1485
SKCM,CBB-1007,30,0.0082313681868743,-0.1097930011287409,-0.0495,0.2541,0.4158
SKCM,BRD-K52037352,42,-0.1251526016728048,-0.1583463319583676,-0.0513,0.1884,0.6436
SKCM,BRD-K16147474,42,0.41913459714671,0.3909806719422097,-0.0173,0.2086,0.0099
SKCM,CCT036477,46,0.2794412409975179,0.2584737239115648,-0.0546,0.2067,0.0693
SKCM,AT13387,29,0.1276847290640393,0.0724056838311943,-0.0856,0.231,0.1584
SKCM,CAL-101,46,0.1674550557396735,0.0540611058163805,-0.0479,0.1841,0.1485
SKCM,LY2109761,31,-0.1493548387096774,-0.2577937785959694,-0.0513,0.2146,0.7129
SKCM,AT13148,33,0.2101604278074866,0.1326285918112085,-0.0674,0.2091,0.1584
SKCM,myricetin,46,0.3293856459060133,0.2927379232049562,-0.0386,0.1818,0.0198
SKCM,BRD-A05715709,29,0.2781280788177339,0.1693349773367787,-0.063,0.2306,0.0891
SKCM,PFI3,31,0.2920967741935484,0.2300060827026083,-0.0334,0.2456,0.099
SKCM,WAY-362450,46,-0.028949397158295,-0.1113531882248409,-0.0477,0.213,0.4455
SKCM,entinostat,52,0.4304448049176129,0.3939468242540245,-0.0713,0.1921,0.0099
SKCM,BRD-M00053801,38,0.1286855672724103,0.0449236310520921,-0.0253,0.2285,0.2376
SKCM,SGC0946,33,0.3177807486631016,0.2729159313044326,-0.078,0.2434,0.0792
SKCM,istradefylline,30,0.2331676100672925,0.1796897908055638,-0.0703,0.2184,0.099
SKCM,AZD6482,51,0.2324524886877828,0.1590038049262666,-0.021,0.1869,0.0693
SKCM,WZ4002,43,-0.0228942500257552,-0.0956633481275185,-0.0527,0.199,0.4554
SKCM,BRD-A71883111,47,-0.1299256994103103,-0.2043747294310101,-0.0437,0.1963,0.6931
SKCM,GSK2830371,21,0.3348051948051948,0.257612843023728,-0.1284,0.2518,0.0495
SKCM,LRRK2-IN-1,42,-0.1480491067217395,-0.1823280363956065,-0.0809,0.2036,0.6238
SKCM,VU0155056,47,-0.3546587264064774,-0.4180567359771872,-0.0596,0.1844,0.9406
SKCM,nelarabine,48,0.1629830655666521,0.092105024571311,-0.0477,0.1753,0.1089
SKCM,NU7441,33,0.1282085561497326,0.059050698298834,-0.0539,0.1851,0.1881
SKCM,serdemetan,46,-0.065176231182118,-0.1734621225839721,-0.0168,0.1918,0.6238
SKCM,chlorambucil,46,0.3252251147174753,0.2437716817098584,-0.0225,0.186,0.0396
SKCM,SB216763,33,0.1427807486631016,0.0829545282167742,-0.0618,0.2546,0.2277
SKCM,AZD5363,33,0.3711898395721925,0.3087264383230579,-0.0565,0.2289,0.0396
SKCM,PIK-93,47,0.1428695325970664,0.0677198316696279,-0.0313,0.2039,0.1881
SKCM,WEHI-539,33,0.2747326203208556,0.1214581283216204,-0.0603,0.2373,0.099
SKCM,navitoclax,52,-0.0269364581393667,-0.1062792977190452,-0.0721,0.201,0.4158
SKCM,veliparib,52,0.0700418338598138,-0.0118244470434391,-0.0711,0.1757,0.2475
SKCM,NVP-BEZ235,51,-0.3190045248868778,-0.3961154996676802,-0.0385,0.1819,0.9604
SKCM,TG-101348,46,0.4785815602836879,0.3894458380497932,-0.0896,0.1952,0.0099
SKCM,BRD6340,46,-0.0156521739130434,-0.0689113219571189,-0.0561,0.1768,0.4455
SKCM,ML031,43,-0.1986408939897312,-0.2735545348215758,-0.0128,0.2094,0.8218
SKCM,OSI-027,53,0.0001612643122077,-0.0348477510377875,-0.0469,0.1674,0.3663
SKCM,GW-843682X,46,0.1205427073697193,0.0888873492652657,-0.0026,0.1857,0.2475
SKCM,lomeguatrib,47,-0.2718783438483664,-0.3071611994071253,-0.0757,0.203,0.8515
SKCM,PF-184,44,-0.0381972585599557,-0.1332124275136759,-0.0425,0.1966,0.5545
SKCM,AZD2014,20,-0.1314285714285714,-0.1852178432378537,-0.1374,0.2923,0.4653
SKCM,IU1,44,-0.0263002114164904,-0.0963619008720462,-0.0655,0.2147,0.4653
SKCM,neratinib,46,-0.1282392846130126,-0.2116015346725445,-0.0487,0.1993,0.6931
SKCM,apicidin,47,0.3221554116558742,0.2836184736084856,-0.0269,0.2052,0.0495
SKCM,Vinblastine,21,0.5711688311688312,0.4678271384473287,-0.0754,0.273,0.0099
SKCM,VE-822,31,0.0473387096774193,-0.0614452820559242,-0.102,0.215,0.2376
SKCM,BRD8899,47,-0.22845289119654,-0.3185731695202619,-0.0356,0.2052,0.8119
SKCM,pandacostat,46,0.0574071790903106,0.0060924239999994,-0.057,0.2077,0.297
SKCM,GSK2801,20,0.2977443609022556,0.1315117367920661,-0.1206,0.2548,0.0495
SKCM,Wnt-C59,31,-0.0680645161290322,-0.1205186014970968,-0.0507,0.2333,0.5545
SKCM,WZ8040,44,0.0844538407329104,-0.0056730419727825,-0.0573,0.204,0.2772
SKCM,BRD-A86708339,29,0.1273891625615763,0.0884001943361692,-0.054,0.2278,0.2475
SKCM,fingolimod,46,0.1420580345428565,0.0946781186422766,-0.0697,0.1919,0.1584
SKCM,Mitoxantrone,20,0.5834586466165412,0.5160869361705309,-0.1124,0.2832,0.0198
SKCM,XAV939,31,0.1141129032258064,0.0192478531202504,-0.0807,0.2511,0.2376
SKCM,CR-1-31B,42,0.4691191961753504,0.4262521697578693,-0.0378,0.2078,0.0099
SKCM,BRD-K71781559,45,-0.0340447957839262,-0.1188023689851413,-0.0509,0.1864,0.505
SKCM,daporinad,50,0.0910295813573611,0.0703197614050532,-0.0605,0.1775,0.2277
SKCM,CCT007093,33,-0.025,-0.0972982446925342,-0.104,0.2214,0.3564
SKCM,JNK Inhibitor VIII,33,-0.0828208556149732,-0.1986886765403345,-0.1179,0.2194,0.4653
SKCM,brefeldin A,47,-0.0839962997224792,-0.1262613925811204,-0.0981,0.1894,0.4752
SKCM,BRD-K99006945,30,0.3710344827586207,0.279631253173277,-0.0546,0.2515,0.0594
SKCM,JW-74,44,0.1529635637035884,0.0938246926646636,-0.0636,0.2022,0.1386
SKCM,O-6-benzylguanine,29,-0.1057273071204709,-0.2280246991008059,-0.0864,0.2405,0.5446
SKCM,Ulixertinib,33,0.3024064171122995,0.1646387650979452,-0.057,0.2251,0.0693
SKCM,crizotinib,52,0.0562451976436438,0.0291597249774852,-0.0471,0.1775,0.3069
SKCM,parthenolide,46,0.1740080553468831,0.0845747940755171,-0.0537,0.1974,0.1089
SKCM,imatinib,47,-0.0453746530989824,-0.1034287078337111,-0.0413,0.1882,0.5545
SKCM,Bax channel blocker,41,-0.2024738675958188,-0.280838895488806,-0.0196,0.1921,0.8317
SKCM,AZD8055,50,-0.2227418967587034,-0.2728528897442059,-0.0352,0.2078,0.8119
SKCM,GANT-61,48,0.067867998263135,-0.0186699195925625,-0.0472,0.1814,0.2475
SKCM,AMG-319,33,0.3018716577540107,0.2465464977068956,-0.0499,0.2197,0.0792
SKCM,R428,44,-0.0538689217758985,-0.1466138512443151,-0.0291,0.201,0.5545
SKCM,RITA,44,-0.0305849189570119,-0.1136579730451729,-0.0404,0.1837,0.4554
SKCM,AZD1332,20,0.0595488721804511,-0.0436368082880112,-0.1027,0.286,0.2574
SKCM,BRD-K37390332,48,0.4236446663424975,0.3971273641529984,-0.0239,0.1925,0.0099
SKCM,HKMTI-1-005,21,-0.4833766233766233,-0.6029057048685935,-0.117,0.2974,0.8812
SKCM,CD-437,46,0.3000801726796177,0.2377672331573594,-0.05,0.2031,0.0297
SKCM,CAY10576,43,-0.1319187499041529,-0.1902776689204177,-0.0672,0.1923,0.5941
SKCM,Ki8751,45,0.0838208168642951,0.0532494705345086,-0.0533,0.2001,0.198
SKCM,GDC-0941,53,0.2956136107079503,0.2386027017660477,-0.0449,0.1968,0.0792
SKCM,WP1130,42,-0.047078842881452,-0.1254472343670405,-0.0276,0.2117,0.5347
SKCM,trametinib,46,0.566154794942954,0.5337757441327493,-0.0491,0.1856,0.0099
SKCM,AZD8186,33,0.1663770053475936,0.0799775622853004,-0.0861,0.2155,0.1386
SKCM,ML334 diastereomer,45,-0.012841560148022,-0.0936815381058381,-0.0292,0.1876,0.4851
SKCM,valdecoxib,47,-0.0819403891527975,-0.1806003130509979,-0.0942,0.1893,0.4851
SKCM,HLI 373,44,0.1733333333333333,0.1353495504455456,-0.0432,0.2155,0.198
SKCM,NSC48300,47,-0.179364574675281,-0.2817103080997925,-0.0772,0.1978,0.703
SKCM,ouabain,47,0.1530296022201665,0.0372456472164428,-0.04,0.2078,0.1386
SKCM,ABT-199,48,0.1414893617021276,0.0529545961689616,-0.0663,0.1827,0.1089
SKCM,BMS-754807,52,0.3042602236830872,0.2837027806316659,-0.0143,0.1561,0.0396
SKCM,elocalcitol,44,0.0810993657505285,-0.004532908868926,-0.0592,0.1978,0.2376
SKCM,EHT-1864,33,-0.2265374331550802,-0.3650012159048494,-0.0487,0.212,0.8218
SKCM,NVP-ADW742,52,-0.1866086103176348,-0.2764741487231926,-0.0394,0.1878,0.7723
SKCM,PD 153035,45,0.1848941006965027,0.1053964422152527,-0.0639,0.211,0.1287
SKCM,AT-406,38,0.2946274209432104,0.2530854191754299,-0.0997,0.23,0.0495
SKCM,EPZ5676,32,0.0824046920821114,-0.0587780181576437,-0.1036,0.2349,0.198
SKCM,Cisplatin,21,0.5477922077922078,0.4826942295067072,-0.0584,0.2765,0.0099
SKCM,narciclasine,38,0.5587701061385271,0.5288399445956508,-0.0443,0.2248,0.0099
SKCM,Gallibiscoquinazole,20,0.0790977443609022,-0.0843141001122797,-0.1299,0.2919,0.297
SKCM,AT7867,46,0.1414369411039161,0.0858410208487514,-0.0729,0.2033,0.1386
SKCM,NSC95397,43,-0.3330715795832075,-0.4143717599648178,-0.0502,0.2135,0.9208
SKCM,AZD1208,20,-0.0484210526315789,-0.2305087962366638,-0.0869,0.2788,0.4356
SKCM,COL-3,44,0.2426497533474278,0.1565706437779944,-0.0425,0.2106,0.099
SKCM,BMS-345541,31,-0.1884677419354838,-0.3155764800738756,-0.0818,0.2199,0.6436
SKCM,MST-312,53,0.4382035155620061,0.4237035232080487,-0.0521,0.1798,0.0099
SKCM,BRD9876,46,-0.146000810403319,-0.262594764548651,-0.0328,0.2013,0.6733
SKCM,sorafenib,52,0.1265602322206095,0.0915846995367935,-0.0324,0.186,0.1881
SKCM,SB590885,33,0.0790775401069518,-0.0348506086868903,-0.0268,0.2419,0.396
SKCM,MI-1,43,0.15840104397009,0.0940378545522252,-0.0428,0.1953,0.1881
SKCM,oligomycin A,45,0.294729907773386,0.2184221098665805,-0.0524,0.1678,0.0099
SKCM,KRAS (G12C) Inhibitor-12,31,0.0191129032258064,-0.1359713861145652,-0.0818,0.2175,0.3366
SKCM,GSK1904529A,33,-0.1964572192513369,-0.2740432781965627,-0.0376,0.2336,0.703
SKCM,pevonedistat,52,-0.1380517373858106,-0.1913845372385554,-0.0622,0.1933,0.6931
SKCM,linifanib,46,0.0778908418131359,0.0067106956185659,-0.0824,0.2021,0.2574
SKCM,SB-225002,47,0.1447733580018501,0.0836583020348446,-0.0601,0.1852,0.1683
SKCM,BRD-A02303741,44,0.4334438055661708,0.4166301307850205,-0.0598,0.2091,0.0198
SKCM,methylstat,41,-0.2755749128919861,-0.3813656794171182,-0.0325,0.202,0.8911
SKCM,silmitasertib,45,0.3227931488801054,0.2491572237027649,-0.0539,0.1924,0.0198
SKCM,L-685458,48,0.2142504975071704,0.1423135510582819,-0.0501,0.202,0.1089
SKCM,NSC30930,45,-0.1708563899868247,-0.282673529094359,-0.0512,0.1984,0.7426
SKCM,BIRB-796,51,0.0566515837104072,-0.0099187917588119,-0.0278,0.181,0.3069
SKCM,NVP-231,45,0.1963109354413702,0.1578628593313215,-0.0355,0.1969,0.198
SKCM,MLN2238,47,0.2594125809435708,0.2116463831692328,-0.0917,0.1761,0.0198
SKCM,AZD3759,33,0.4998663101604277,0.460210089168809,-0.0583,0.2265,0.0198
SKCM,BRD-K61166597,46,0.3931666103198359,0.3553990422684466,0.0041,0.1985,0.0099
SKCM,bexarotene,45,0.2132033224465496,0.1419362234315776,-0.0475,0.2137,0.1485
SKCM,pluripotin,48,0.2016066000868432,0.1615145602112614,-0.0438,0.1978,0.1485
SKCM,SCH-529074,45,0.3012384716732542,0.2458974465551593,-0.0576,0.1822,0.0297
SKCM,belinostat,30,0.4781757508342602,0.4096325858643941,-0.0446,0.2327,0.0099
SKCM,HC-067047,46,-0.2140306516790523,-0.2451898173484819,-0.0478,0.193,0.7921
SKCM,Luminespib,33,0.4875668449197862,0.436238310758257,-0.0691,0.2314,0.0198
SKCM,RVX-208,31,0.0552419354838709,0.0138815526337216,-0.0684,0.2527,0.2772
SKCM,ML311,48,0.2186495874945722,0.1358100042053668,-0.0673,0.1943,0.0495
SKCM,STF-31,46,0.1916127042861548,0.1743341536012366,-0.0875,0.1952,0.0891
SKCM,tamatinib,46,0.2275794017884674,0.1545429033834477,-0.0464,0.1961,0.099
SKCM,tamoxifen,51,-0.0192036199095022,-0.0569414709998597,-0.0367,0.1788,0.4257
SKCM,KPT185,45,0.1035046113306982,-0.0185932626000512,-0.0661,0.1826,0.2178
SKCM,azacitidine,47,0.0133595517701625,-0.0314903835590908,-0.0594,0.1896,0.3366
SKCM,C6-ceramide,47,-0.3171592290371047,-0.3876857838098961,-0.0759,0.2001,0.8812
SKCM,PF-543,46,-0.138082022818378,-0.2959963667776936,-0.0604,0.2084,0.6832
SKCM,teniposide,32,0.2536656891495601,0.1786949583116791,-0.072,0.2305,0.099
SKCM,ML239,46,-0.2035713208474252,-0.2748207208993494,-0.0327,0.1866,0.7525
SKCM,mitomycin,47,-0.1489824236817761,-0.2302367124855964,-0.0175,0.1905,0.6931
SKCM,etomoxir,46,0.338647507022152,0.3137403830614387,-0.0572,0.1654,0.0099
SKCM,BRD-K51490254,46,-0.2553808202281837,-0.312576529448774,-0.0385,0.2,0.8812
SKCM,Ko-143,45,-0.200395256916996,-0.2401030444311807,-0.0427,0.2127,0.7822
SKCM,Mdivi-1,45,0.0770750988142292,0.0109882486189977,-0.0496,0.2033,0.3168
SKCM,cucurbitacin I,45,-0.1421607378129117,-0.2523231417696596,-0.0612,0.207,0.6535
SKCM,sotrastaurin,41,0.5480378070445203,0.5233889400939179,-0.0446,0.226,0.0099
SKCM,BRD-K70511574,46,0.1863583102065988,0.1159574112875193,-0.0372,0.1793,0.0891
SKCM,BRD-K92856060,45,0.2483530961791831,0.1825777682245229,-0.0365,0.198,0.0495
SKCM,ZM447439,33,-0.2165775401069519,-0.3545409169184996,-0.0684,0.2125,0.7228
SKCM,vincristine,48,0.389448545375597,0.3064104705839851,-0.0452,0.1887,0.0198
SKCM,Romidepsin,20,-0.0201503759398496,-0.1669358334154312,-0.104,0.2671,0.396
SKCM,RO4929097,27,0.3298717781032262,0.2089989571032263,-0.1398,0.2546,0.0792
SKCM,pifithrin-alpha,44,0.2509638101207887,0.1864812066249211,-0.054,0.2012,0.0693
SKCM,BRD9647,46,-0.330200431699044,-0.4469507368166389,-0.0736,0.2019,0.8911
SKCM,canertinib,47,0.3229185938945421,0.250321705378233,-0.0617,0.2072,0.0297
SKCM,cabozantinib,46,0.2687264878199198,0.2239925104131131,-0.0791,0.1765,0.0396
SKCM,BIX-01294,47,0.1701483045433618,0.0827101739917644,-0.0531,0.2038,0.1386
SKCM,SID 26681509,41,0.2623633436000582,0.161641800225568,-0.0634,0.2128,0.0693
SKCM,birinapant,48,-0.0248371689101172,-0.1163680946493544,-0.0352,0.2037,0.4752
SKCM,YM-155,46,0.2866851680542707,0.2389998892734738,-0.0407,0.1953,0.0594
SKCM,saracatinib,46,0.0757940178846746,-0.0163260430979887,-0.0174,0.1729,0.396
SKCM,SNS-032,44,0.1754193093727977,0.1279920451601281,-0.0334,0.203,0.198
SKCM,rigosertib,46,0.2503977798334875,0.1904398781544106,-0.0304,0.1936,0.0693
SKCM,BRD-K63431240,47,0.1895235892691952,0.0860369568024893,-0.0394,0.1729,0.099
SKCM,bleomycin A2,47,0.3925992311779039,0.3694254171778097,-0.0554,0.1987,0.0099
SKCM,SR1001,45,-0.1235046113306982,-0.2274766595895703,-0.11,0.204,0.505
SKCM,Niraparib,31,0.4348387096774194,0.3783316952500005,-0.0459,0.2374,0.0495
SKCM,JW-480,46,-0.1704224483502929,-0.2813554864154111,-0.0212,0.2024,0.7624
SKCM,AZD1480,29,0.3327010740841288,0.2291442370025445,-0.0934,0.2606,0.0495
SKCM,BIBR-1532,50,-0.4224249699879951,-0.5300371301940865,-0.0632,0.2131,0.9505
SKCM,SB-743921,47,0.3364708603145235,0.2618034003464228,-0.0442,0.1636,0.0099
SKCM,dinaciclib,45,0.1206587615283267,0.0439210643010213,-0.0344,0.1869,0.2376
SKCM,GSK-LSD1-2HCl ,21,-0.2618181818181818,-0.43730433629546,-0.1315,0.2391,0.7129
SKCM,linsitinib,52,0.2410825578417143,0.2085000488638206,-0.0606,0.1791,0.0693
SKCM,NSC632839,46,-0.1483194572926302,-0.2451157897867596,-0.0324,0.1752,0.7327
SKCM,semagacestat,48,0.0704592339403683,0.0131323057557738,-0.045,0.1844,0.3168
SKCM,tipifarnib-P1,45,-0.1135704874835309,-0.1670940380631881,-0.021,0.1933,0.6733
SKCM,AA-COCF3,46,0.1125886642748837,0.0240802189379089,-0.0699,0.2052,0.1782
SKCM,ciclosporin,47,0.1141518756880811,0.052628574951835,-0.0627,0.1869,0.2178
SKCM,BRD4132,45,-0.1759156785243741,-0.3206002739310005,-0.0269,0.2312,0.6832
SKCM,TW-37,49,0.0697142857142857,-0.0095933532620449,-0.0741,0.1926,0.297
SKCM,A-804598,44,0.1894723515281935,0.1189067834230805,-0.0206,0.1997,0.1683
SKCM,BMS-345541,44,0.3295278365045807,0.2647280117879156,-0.0321,0.1862,0.0396
SKCM,N-acetyl cysteine,22,0.1850931677018633,0.0591903286579647,-0.0616,0.2901,0.2376
SKCM,BEN,20,0.3717293233082707,0.3315823136777706,-0.0794,0.3138,0.1287
SKCM,BRD-K45681478,46,0.093777366635831,0.0320187196455632,-0.048,0.2065,0.2574
SKCM,MN-64,31,-0.0061290322580645,-0.1334125387912356,-0.0657,0.2242,0.3762
SKCM,BRD-K02251932,45,-0.2920375595539203,-0.3497791579141036,-0.0504,0.2053,0.8911
SKCM,DBeQ,47,-0.0853839037927844,-0.104720013003027,-0.0529,0.206,0.5446
SKCM,Sepantronium bromide,33,0.4009358288770054,0.2664273294504999,-0.0422,0.2103,0.0198
SKCM,gossypol,44,-0.0276532769556025,-0.0677739409775893,-0.0747,0.1865,0.4455
SKCM,LMP744,20,0.386766917293233,0.3099349525694015,-0.1318,0.2908,0.0396
SKCM,GSK1059615,41,0.1393379790940767,0.0613317550253764,-0.0467,0.1985,0.198
SKCM,sirolimus,53,0.0055958716336074,-0.091585788657807,-0.043,0.1838,0.4257
SKCM,betulinic acid,46,0.1843258604585928,0.1091132978156121,-0.0657,0.1939,0.099
SKCM,BRD1835,45,0.1616785797510714,0.0746139496582257,-0.0696,0.1905,0.1386
SKCM,tacrolimus,44,-0.0839946439467087,-0.2227794981514311,-0.0901,0.219,0.4851
SKCM,lovastatin,47,0.2238205365402405,0.1732445938792195,-0.0454,0.1621,0.0495
SKCM,UNC0638,48,0.4481762917933131,0.3536410319887801,-0.0507,0.1836,0.0099
SKCM,NVP-TAE684,44,0.3798731501057082,0.349451492981629,-0.0792,0.1872,0.0198
SKCM,BRD-K19103580,45,-0.27699604743083,-0.309616045444417,-0.0343,0.1789,0.8713
SKCM,marinopyrrole A,40,0.0987617260787992,0.0334042682352063,-0.0501,0.1851,0.2475
SKCM,barasertib,46,-0.0654332408263953,-0.1625553986730865,-0.0379,0.1924,0.5644
SKCM,Sabutoclax,31,0.1649999999999999,0.0907309519137208,-0.035,0.2304,0.198
SKCM,BRD-K24690302,46,0.6312744768489063,0.6099743155037569,-0.0357,0.2026,0.0099
SKCM,paclitaxel,51,0.2618461538461538,0.154149301738683,-0.0353,0.1815,0.0495
SKCM,Refametinib,33,0.1108957219251336,-0.0392156482306801,-0.0256,0.2258,0.2772
SKCM,PRIMA-1,41,-0.1111720894821682,-0.2958272226627086,-0.0633,0.2312,0.5842
SKCM,KU-0063794,48,-0.1913156752062527,-0.2382704563393169,-0.0625,0.194,0.7525
SKCM,obatoclax,47,-0.0240980573543015,-0.1619392648841076,-0.0344,0.1933,0.495
SKCM,BRD-K35604418,49,0.1567755102040816,0.0805384431041465,-0.062,0.1957,0.1287
SKCM,Ribociclib,33,0.0982620320855615,0.00470543083083,-0.0861,0.1988,0.198
SKCM,axitinib,50,0.413781512605042,0.3677678194422724,-0.0244,0.2046,0.0297
SKCM,niclosamide,47,0.142900092506938,0.0856369654778343,-0.0152,0.1784,0.198
SKCM,Dactinomycin,33,-0.1510695187165775,-0.2701523993179255,-0.0598,0.2349,0.6931
SKCM,SJ-172550,45,-0.0198042051840152,-0.0772268672747807,-0.0482,0.1909,0.4554
SKCM,P22077,33,0.3370989304812834,0.2783303120598245,-0.0222,0.2464,0.0891
SKCM,BRD-K51831558,30,0.3814357852706057,0.3476852599388636,-0.0647,0.2466,0.0297
SKCM,WIKI4,33,0.1457887700534759,0.0861763266147357,-0.1113,0.237,0.1782
SKCM,zebularine,47,0.1169784048362545,-0.000272847655544,-0.0528,0.1705,0.1683
SKCM,BRD-K29313308,47,0.4174958806057861,0.3945202285271326,0.0006,0.2084,0.0099
SKCM,AZD5153,20,-0.4842105263157895,-0.5477124664349068,-0.0794,0.297,0.9109
SKCM,PL-DI,44,-0.0107681465821,-0.1187769984795529,-0.0355,0.1762,0.4851
SKCM,glutathione,22,0.2767927724449464,0.1910935239114478,-0.1109,0.2894,0.1089
SKCM,CZC24832,31,-0.1545317076106141,-0.2205954134147128,-0.0475,0.2311,0.6832
SKCM,simvastatin,43,-0.1121413470250679,-0.184562281577595,-0.0402,0.2192,0.604
SKCM,TPCA-1,47,-0.1217160037002775,-0.1969065352177919,-0.0455,0.2108,0.6436
SKCM,KU-60019,48,-0.143762043095796,-0.1794351862953025,-0.0382,0.1965,0.7525
SKCM,ciclopirox,47,0.0102451433857539,-0.018311172776602,-0.0505,0.1532,0.3366
SKCM,WZ4003,31,-0.0883064516129032,-0.1801319368828283,-0.0492,0.2538,0.5446
SKCM,gemcitabine,48,0.2599001302648719,0.2066728061654663,-0.0547,0.2141,0.0693
SKCM,indisulam,43,0.1475893835763231,0.0390123237018763,-0.0592,0.2099,0.1683
SKCM,SMER-3,39,0.160080971659919,0.1038243002096818,-0.0433,0.2006,0.1683
SKCM,tretinoin,51,0.1175528305651697,0.0450219052293622,-0.0552,0.1778,0.1782
SKCM,BRD-K71935468,46,0.5052482269503547,0.4706528912637224,-0.0456,0.2042,0.0099
SKCM,Picolinici-acid,31,0.2028225806451613,0.1354919205120197,-0.0757,0.2398,0.1386
SKCM,GSK2606414,31,0.1087903225806451,0.0097034734105361,-0.0503,0.2356,0.2673
SKCM,CAY10618,46,0.1230010176661774,0.0753774466776791,-0.0231,0.1725,0.198
SKCM,necrostatin-7,45,0.0393542031246769,-0.0873456277985147,-0.03,0.1915,0.3762
SKCM,tivozanib,45,0.020224645091508,-0.1676424345910744,-0.0737,0.2006,0.3564
SKCM,BCL-LZH-4,30,0.2342602892102336,0.1800080754287239,-0.0528,0.2489,0.1089
SKCM,MI-2,30,0.0280787631062231,-0.0905895308644706,-0.0775,0.224,0.3168
SKCM,BYL-719,51,-0.123076923076923,-0.2125613753015574,-0.0285,0.1846,0.6832
SKCM,PD0325901,33,0.3072192513368984,0.1892876364263122,-0.0462,0.2405,0.099
SKCM,AZ960,31,0.3024193548387097,0.2451179700450453,-0.096,0.2453,0.0792
SKCM,AGK-2,50,-0.211056682359035,-0.2978879147402725,-0.0433,0.1718,0.802
SKCM,neuronal differentiation inducer III,46,0.3797101449275362,0.3165185594419913,-0.0744,0.1945,0.0198
SKCM,AM-580,46,0.1477813069252377,0.0812463664923331,-0.0296,0.185,0.1782
SKCM,PI-103,47,0.1568223866790009,0.0455100262871436,-0.0818,0.1891,0.099
SKCM,POMHEX,21,0.2828571428571428,0.2021000148806709,-0.1066,0.2835,0.1485
SKCM,GSK591,33,0.0392379679144385,-0.0904033167072909,-0.0597,0.1923,0.3267
SKCM,isoevodiamine,47,0.1572200862152744,0.0621536533635253,-0.0352,0.1947,0.198
SKCM,PRT062607,31,0.4492741935483871,0.3426115600344083,-0.0627,0.2366,0.0099
SKCM,"1S,3R-RSL-3",47,0.6985979014800952,0.6937845404384911,-0.045,0.1899,0.0099
SKCM,necrostatin-1,45,-0.1163372859025032,-0.2085609640639449,-0.0517,0.1972,0.5941
SKCM,PFI-1,33,-0.3660427807486631,-0.4563715251642063,-0.0787,0.2344,0.8614
SKCM,SR-II-138A,46,0.4072895467160037,0.3552618119056033,-0.0311,0.1941,0.0297
SKCM,SZ4TA2,31,-0.235,-0.3258800179571492,-0.0558,0.2214,0.7822
SKCM,MG-132,43,0.0579885231048021,-0.0023231421995386,-0.0438,0.2141,0.3663
SKCM,Bosutinib,33,-0.3151737967914438,-0.4407109939367953,-0.045,0.2212,0.8812
SKCM,ML258,45,0.1030502670396271,0.0266258059617773,-0.0497,0.2119,0.297
SKCM,tivantinib,30,0.2128142380422692,0.1207288571930255,-0.0425,0.2064,0.099
SKCM,topotecan,48,0.4409900130264872,0.4081289600859292,-0.072,0.1691,0.0099
SKCM,ICL-SIRT078,21,-0.4135064935064935,-0.479701037737498,-0.0641,0.3006,0.8713
SKCM,thalidomide,30,-0.1519252320559819,-0.2199684803583094,-0.0475,0.2466,0.6436
SKCM,MGCD-265,47,-0.1550878815911193,-0.2884778635340483,-0.0431,0.2225,0.6931
SKCM,LCL161,31,0.2668548387096774,0.1908410064822049,-0.0741,0.2742,0.1287
SKCM,cytarabine hydrochloride,48,0.0319366044290056,-0.0369752115999675,-0.0604,0.1695,0.3069
SKCM,vandetanib,43,-0.2276049531863485,-0.3734580605829378,-0.0195,0.1813,0.8515
SKCM,Lestaurtinib,33,-0.1885026737967914,-0.2885152098293557,-0.0887,0.2373,0.6337
SKCM,TG-100-115,48,0.0190620929222752,-0.0406903236830516,-0.0667,0.1884,0.3465
SKCM,MK-2206,52,0.2855288995133612,0.2181409506015995,-0.046,0.1963,0.0693
SKCM,GSK343,33,0.0047459893048128,-0.0932537479621288,-0.0711,0.2239,0.3564
SKCM,afatinib,48,-0.075358228397742,-0.1028001214096657,-0.0392,0.1991,0.5743
SKCM,ML162,46,0.7101695960530373,0.691232199098719,-0.0661,0.1896,0.0099
SKCM,dexamethasone,46,0.2386675005578913,0.2046847369671716,-0.0785,0.1984,0.0891
SKCM,CID-5951923,47,0.0542090656799259,-0.0232661204000873,-0.0696,0.1902,0.2277
SKCM,fumonisin B1,46,0.0209065679925994,-0.031381652824731,-0.0375,0.2044,0.3762
SKCM,Irinotecan,33,0.429946524064171,0.3539344642681347,-0.0522,0.2587,0.0396
SKCM,tandutinib,46,0.0956521739130434,0.0476879887748853,-0.0285,0.2041,0.3267
SKCM,Bromosporine,20,-0.6081203007518796,-0.6861036813238282,-0.1435,0.3066,0.9703
SKCM,PDMP,45,0.2525164690382081,0.1890689991748986,-0.0603,0.1999,0.0693
SKCM,piperlongumine,50,-0.1215750300120048,-0.1920722915456064,-0.0535,0.1932,0.6238
SKCM,tacedinaline,44,0.5214376321353066,0.4989778069116017,-0.0501,0.1796,0.0099
SKCM,curcumin,47,0.2298103607770583,0.1943109159212579,-0.0468,0.1891,0.0792
SKCM,phloretin,46,0.1229023405561363,0.0877902718187047,-0.0533,0.1895,0.1782
SKCM,Pyridostatin,33,0.113168449197861,0.0097899004621586,-0.0862,0.2173,0.198
SKCM,Leflunomide,31,-0.0689516129032258,-0.2392621865421993,-0.0673,0.2659,0.5149
SKCM,itraconazole,43,-0.0603443068559347,-0.1126309233943075,-0.0977,0.205,0.4158
SKCM,ML210,45,0.6340711462450592,0.6221216664966333,-0.0905,0.2066,0.0099
SKCM,etoposide,47,0.0935938945420906,0.0310942413952927,-0.034,0.1894,0.2574
SKCM,Podophyllotoxin bromide,20,0.1777443609022556,0.1253723525617525,-0.1078,0.2981,0.198
SKCM,AZD4547,49,0.3637337688369494,0.3215441751629368,-0.0392,0.1869,0.0297
SKCM,Camptothecin,33,0.4679812834224598,0.4313486496219675,-0.0486,0.2448,0.0198
SKCM,BRD-K50799972,46,-0.2712399882270825,-0.3337502947959098,-0.0484,0.1964,0.8812
SKCM,ML323,31,-0.1813709677419354,-0.274252668653385,-0.0624,0.2335,0.6733
SKCM,I-BET151,46,0.1990379278445883,0.1698230460135168,-0.032,0.207,0.1089
SKCM,MLN2480,30,0.2743937708565072,0.1746073047042869,-0.0972,0.2388,0.0891
SKCM,fulvestrant,33,-0.2141711229946524,-0.3310719079087862,-0.0372,0.2212,0.802
SKCM,austocystin D,42,0.4031927396851051,0.3426992111029888,-0.0368,0.2087,0.0396
SKCM,BRD-K42260513,30,0.2277895219346379,0.1679896474477187,-0.0847,0.2222,0.1287
SKCM,BRD-K09587429,42,0.088274053433784,0.0475936238145774,-0.0406,0.2128,0.3168
SKCM,erismodegib,44,-0.0365597484819816,-0.1255606967775493,-0.0284,0.204,0.5743
SKCM,vorinostat,52,0.4099035259967557,0.3862029906847354,-0.0525,0.1958,0.0099
SKCM,CI-976,44,-0.1141246134823431,-0.2081003076607664,-0.0409,0.2027,0.6139
SKCM,BRD-K26531177,45,-0.190961791831357,-0.324585582472962,-0.0365,0.209,0.7921
SKCM,GSK2578215A,33,0.1166443850267379,0.0885506836799356,-0.0443,0.213,0.2871
SKCM,AZ6102,33,-0.0457219251336898,-0.1065348952875046,-0.0441,0.2271,0.495
SKCM,brivanib,45,0.2608695652173912,0.2237846246978621,-0.0534,0.2064,0.0891
SKCM,clofarabine,46,0.2805427073697193,0.2305540225073805,-0.0112,0.196,0.0792
SKCM,UNC0379,21,-0.1335064935064935,-0.2145998974632226,-0.1078,0.2798,0.5446
SKCM,BMS-195614,46,0.0698575222733282,0.0258037772225114,-0.0527,0.1851,0.297
SKCM,N9-isopropylolomoucine,46,0.104582176996608,-0.0297654350840994,-0.0751,0.2042,0.2277
SKCM,prochlorperazine,45,0.0676152832674571,-0.0233524729066845,-0.0452,0.2206,0.3465
SKCM,sunitinib,47,0.0199814986123959,-0.048481020731337,-0.0498,0.1775,0.3267
SKCM,BRD-K34222889,46,-0.0346469318532223,-0.0887093163005963,-0.0436,0.1891,0.5149
SKCM,masitinib,45,-0.0246253170527872,-0.1449005498956493,-0.054,0.195,0.4455
SKCM,AZD5438,20,0.5320300751879699,0.4619756475942427,-0.1546,0.2941,0.0099
SKCM,AZD5582,31,0.0957258064516129,0.0298688370692226,-0.0506,0.2218,0.2673
SKCM,epigallocatechin-3-monogallate,42,-0.1228038901925321,-0.1906141431857653,-0.0464,0.208,0.6832
SKCM,lenvatinib,47,0.0569346870378067,-0.0012502083247542,-0.0683,0.1958,0.3168
SKCM,bardoxolone methyl,39,0.2853036437246964,0.2384944720801352,-0.0403,0.2179,0.0693
SKCM,IWP-2,31,0.1907258064516129,0.1458984198562533,-0.0619,0.2204,0.1287
SKCM,I-BRD9,33,-0.2636363636363636,-0.4257409096772497,-0.0646,0.2431,0.7624
SKCM,UMI-77,21,-0.4576623376623376,-0.5529371745577873,-0.1007,0.2661,0.8911
SKCM,VX-11e,33,-0.0631684491978609,-0.2030844433615128,-0.0569,0.2219,0.5446
SKCM,ISOX,48,0.4614633087277464,0.4091828985758585,-0.0266,0.1981,0.0099
SKCM,EPZ004777,33,0.292379679144385,0.2375124973683081,-0.0702,0.2199,0.0693
SKCM,BRD-K33199242,47,0.1480886071977407,0.0942091539763456,-0.0529,0.2023,0.1782
SKCM,GSK4112,47,-0.0158787985583807,-0.0867028163771228,-0.0448,0.1983,0.4752
SKCM,decitabine,46,0.0752513105149552,-0.0242740886046009,-0.0274,0.1765,0.2871
SKCM,ML006,45,0.0176307815471868,-0.0952345068534062,-0.0329,0.2014,0.3762
SKCM,MK-0752,44,-0.0798731289933533,-0.2147550754852604,-0.033,0.1856,0.5743
SKCM,Avagacestat,33,-0.0283422459893048,-0.1370037246019422,-0.0194,0.1959,0.5446
SKCM,gefitinib,52,-0.1152736275932724,-0.1830033448067875,-0.0407,0.1746,0.6634
SKCM,BRD-K55116708,41,0.1844223760354532,0.1085242109668613,-0.1016,0.216,0.099
SKCM,manumycin A,47,0.0075161887141535,-0.0770313928517704,-0.048,0.188,0.3663
SKCM,RO-3306,33,-0.023663101604278,-0.1366710650618465,-0.064,0.242,0.4653
SKCM,GNE-317,32,0.0955278592375366,0.0610091881107637,0.0133,0.2436,0.396
SKCM,BI-2536,53,0.4954684728269634,0.4398528487467181,-0.0565,0.169,0.0099
SKCM,Zoledronate,20,0.4730827067669172,0.4144337780290003,-0.0626,0.282,0.0099
SKCM,KU-55933,50,-0.0020456182472989,-0.0644431169106777,-0.0428,0.196,0.4257
SKCM,Entospletinib,31,0.3112903225806452,0.2664977836923166,-0.077,0.2512,0.0594
SKCM,GSK2636771,44,-0.0093023255813953,-0.1033720582483238,-0.0569,0.2043,0.4158
SKCM,VAF-347,40,-0.3175963841373864,-0.3843819573961163,-0.0433,0.2113,0.901
SKCM,cediranib,45,0.1820553359683794,0.0754132836755109,-0.0618,0.1838,0.1089
SKCM,PD318088,48,0.5562092922275294,0.525757183614695,-0.0553,0.1686,0.0099
SKCM,LGK974,33,0.2663101604278075,0.2271358159142613,-0.0588,0.2237,0.0891
SKCM,ibrutinib,50,0.2650564225690276,0.2391823464592827,-0.0574,0.1981,0.0297
SKCM,nintedanib,45,0.0561019796740332,0.0175289165125896,-0.0444,0.2126,0.3366
SKCM,RAF265,33,0.4303501310253784,0.3665919170621779,-0.1082,0.2178,0.0099
SKCM,leptomycin B,48,0.3600955275727312,0.2880590132665082,-0.0149,0.2111,0.0297
SKCM,Mirin,31,-0.2008870967741935,-0.265124037733169,-0.0602,0.2283,0.7228
SKCM,BRD-K11533227,44,0.4595651717148921,0.4253887075851135,-0.0438,0.1851,0.0099
SKCM,GSK2110183B,20,0.5061654135338346,0.443291751352267,-0.1473,0.2829,0.0099
SKCM,ceranib-2,46,0.1937095282146161,0.1376541453047488,-0.0643,0.1845,0.0891
SKCM,Sinularin,20,0.1624060150375939,-0.0244022784189737,-0.0991,0.2604,0.1683
SKCM,ML050,46,0.0146654332408263,-0.0442316242653853,-0.0561,0.1962,0.3564
SKCM,compound 1B,45,0.3691963109354413,0.2814425218265222,-0.0768,0.214,0.0198
SKCM,PAC-1,47,0.3861702127659575,0.3392225058554796,-0.0553,0.1985,0.0297
SKCM,parbendazole,47,0.2465078630897317,0.1605363241979951,-0.0586,0.197,0.0495
SKCM,CD-1530,44,-0.1184214235377026,-0.1609200335976028,-0.0469,0.1834,0.6931
SKCM,bendamustine,44,-0.1373079633544749,-0.1769345513960112,-0.0563,0.203,0.6634
SKCM,AZ-3146,44,-0.5000035240427567,-0.6570744627444814,-0.0489,0.1854,1.0
SKCM,OF-1,31,-0.0616129032258064,-0.1678074987944684,-0.0949,0.2451,0.4356
SKCM,LJI308,33,0.2786096256684492,0.1777848000677812,-0.0597,0.2508,0.099
SKCM,ML320,45,0.2117538561011157,0.1350935466992121,-0.0143,0.2037,0.1386
SKCM,NSC19630,51,-0.3132307692307692,-0.3840124081230927,-0.0643,0.1884,0.901
SKCM,KW-2449,46,0.1569781066913352,0.0841673413172076,-0.0592,0.1803,0.1287
SKCM,PLX-4720,53,0.5044347685857119,0.4647659341805004,-0.0458,0.1721,0.0099
SKCM,LE-135,46,0.0196978106691335,-0.0232777128739803,-0.0646,0.1933,0.4059
SKCM,vorapaxar,45,0.1221120590932222,0.0906711802248669,-0.0535,0.2155,0.2079
SKCM,dasatinib,51,0.4275656108597285,0.3976485727723711,-0.0336,0.1902,0.0099
SKCM,docetaxel,45,0.4760474308300395,0.4291571047406546,-0.0572,0.1972,0.0099
SKCM,trifluoperazine,44,-0.1530091613812543,-0.2692714574149704,-0.0391,0.1892,0.7426
SKCM,SKI-II,45,-0.0049538866930171,-0.0514370039437821,-0.047,0.1995,0.4257
SKCM,SNX-2112,47,0.2067530064754856,0.084006935073921,-0.0517,0.1951,0.0891
SKCM,GSK461364,42,0.3350295762093834,0.2644258705752603,-0.0751,0.196,0.0495
SKCM,Compound 23 citrate,44,0.0665257223396758,-0.0050745411686485,-0.0562,0.197,0.2772
SKCM,alisertib,52,0.4339451891061213,0.4000813826819922,-0.0211,0.1967,0.0099
SKCM,CHM-1,47,0.1584875115633672,0.0328912026602103,-0.0753,0.2019,0.1386
SKCM,3-Cl-AHPC,45,0.3952042160737812,0.3598818681197795,-0.0976,0.2054,0.0099
SKCM,Obatoclax Mesylate,22,0.0757763975155279,0.0040575667765911,-0.158,0.2761,0.2475
SKCM,momelotinib,46,0.0749575997149378,-0.0290602367327681,-0.0487,0.206,0.2673
SKCM,BMS-536924,52,0.2286860753009477,0.1903334058997272,-0.0357,0.1915,0.0792
SKCM,VER-155008,45,0.1425211634884964,0.06628403898163,-0.0632,0.2026,0.1782
SKCM,nakiterpiosin,47,0.3855457909343201,0.3025159844194466,-0.0539,0.2036,0.0198
SKCM,pifithrin-mu,47,0.01130930011169,-0.0327768376097042,-0.0371,0.1914,0.3366
SKCM,123138,20,-0.0336842105263157,-0.1677379658167932,-0.0786,0.3141,0.4455
SKCM,123829,20,-0.071578947368421,-0.2608968435567489,-0.1073,0.2836,0.4455
SKCM,150412,20,0.1494736842105263,0.0266720113443729,-0.0926,0.2689,0.1782
SKCM,50869,20,0.0354887218045112,-0.0985909518674019,-0.1463,0.292,0.2871
SKCM,615590,20,0.3034586466165413,0.0758912638829639,-0.1079,0.3185,0.1188
SKCM,630600,20,0.0189473684210526,-0.0802200822303484,-0.1348,0.2646,0.2772
SKCM,667880,20,0.1266165413533834,-0.0765369071935454,-0.0716,0.2975,0.2673
SKCM,720427,20,0.2748872180451127,0.202503065879293,-0.0959,0.2802,0.1089
SKCM,729189,20,0.46796992481203,0.41762769876876,-0.1016,0.2903,0.0297
SKCM,741909,20,0.3521804511278195,0.2192923716697664,-0.1375,0.2644,0.0396
SKCM,743380,20,0.4264661654135338,0.3619760201464847,-0.1339,0.2193,0.0198
SKCM,765771,20,-0.3843609022556391,-0.5081033494635283,-0.0722,0.2935,0.8416
SKCM,776928,20,0.461954887218045,0.3742569316390101,-0.0974,0.2556,0.0198
SKCM,BDF00022089a,20,-0.0012030075187969,-0.0901696052533702,-0.0704,0.2884,0.4158
SKCM,BDILV000379a,20,0.3380451127819548,0.2089066438614791,-0.1054,0.2782,0.099
SKCM,BDOCA000347a,20,-0.0676691729323308,-0.160532328440689,-0.075,0.2663,0.4653
SKCM,BDP-00009066,21,0.0854545454545454,0.0108184497845581,-0.0816,0.2937,0.3564
SKCM,BPD-00008900,21,0.007012987012987,-0.1654941032712882,-0.1299,0.2822,0.3366
SKCM,CDK9_5038,20,-0.1010526315789473,-0.2340093325057138,-0.1398,0.2859,0.4356
SKCM,CDK9_5576,20,0.1224060150375939,-0.0044561995727653,-0.1229,0.2987,0.1782
SKCM,CT7033-2,21,-0.1127272727272727,-0.3376227555227664,-0.0855,0.2629,0.505
SKCM,Eg5_9814,20,-0.2439097744360902,-0.3659834981305057,-0.0349,0.2837,0.7624
SKCM,ERK_2440,20,-0.3584962406015037,-0.5026421439093787,-0.1534,0.243,0.8119
SKCM,ERK_6604,20,0.0165413533834586,-0.1502833443635876,-0.1363,0.269,0.3267
SKCM,GSK2256098C,20,0.1642105263157894,0.0310253425091979,-0.0889,0.317,0.2574
SKCM,GSK2276186C,20,-0.2036090225563909,-0.4272977813955979,-0.1123,0.2538,0.5941
SKCM,GSK2830371A,20,-0.0872180451127819,-0.2174270311905548,-0.0917,0.2796,0.5149
SKCM,GSK3337463A,20,0.1690225563909774,-0.0117657647575743,-0.0935,0.279,0.2178
SKCM,GSK626616AC,20,0.260699529530689,0.1232979667669315,-0.0845,0.3094,0.1683
SKCM,IAP_5620,20,-0.2222556390977443,-0.354908175453677,-0.065,0.2909,0.6832
SKCM,IGF1R_3801,20,0.4117293233082706,0.3344745295547777,-0.0842,0.2985,0.0495
SKCM,IRAK4_4710,20,-0.1245112781954887,-0.3209228129115768,-0.1188,0.281,0.505
SKCM,JAK1_8709,20,-0.2520300751879699,-0.4174995488186099,-0.1281,0.286,0.6634
SKCM,JAK_8517,20,0.501954887218045,0.4056187628188046,-0.1383,0.2605,0.0198
SKCM,LMB_AB1,20,0.1157894736842105,0.0326444247096921,-0.0756,0.2968,0.3069
SKCM,LMB_AB2,20,0.02796992481203,-0.1080906385320444,-0.1484,0.2919,0.2871
SKCM,LMB_AB3,20,-0.0168421052631578,-0.1990729156516529,-0.0966,0.277,0.3663
SKCM,N25720-51-A1,21,-0.2483116883116883,-0.3708440641986181,-0.1077,0.256,0.7129
SKCM,N27922-53-1,21,0.074025974025974,0.0097261597517284,-0.0988,0.2746,0.2772
SKCM,N29087-69-1,21,0.1054545454545454,0.0157425286986323,-0.1151,0.2815,0.2574
SKCM,N30652-18-1,21,-0.2636363636363636,-0.3596340908821877,-0.0941,0.2787,0.6931
SKCM,PAK_5339,20,-0.1660150375939849,-0.242604661736657,-0.1262,0.2932,0.5347
SKCM,PBD-288,21,0.551948051948052,0.4914914969575275,-0.1178,0.2893,0.0099
SKCM,TAF1_5496,20,0.5684210526315789,0.5352713460402467,-0.1095,0.3222,0.0099
SKCM,THR-101,21,-0.3405194805194805,-0.4253537944876284,-0.1108,0.2778,0.7426
SKCM,THR-102,21,-0.3584415584415584,-0.4583940099471792,-0.0833,0.2948,0.7921
SKCM,THR-103,21,-0.0581818181818181,-0.2624335701493795,-0.0517,0.2854,0.4752
SKCM,ULK1_4989,20,0.1852631578947368,0.0972290572241078,-0.1279,0.2736,0.1188
SKCM,VSP34_8731,20,0.5407518796992481,0.4828707865700729,-0.1119,0.2972,0.0297
SKCM,VTP-A,21,0.116103896103896,-0.0613867634105584,-0.1168,0.2856,0.2871
SKCM,VTP-B,21,-0.0851948051948052,-0.228091191398525,-0.1326,0.2518,0.495
STAD,GSK525762A,30,0.1759733036707452,0.0953985777300224,-0.0363,0.2414,0.198
STAD,erlotinib,32,-0.0381964809384164,-0.1538998370197086,-0.071,0.2114,0.4653
STAD,BMS-270394,23,0.2224857987367789,0.1330893711311323,-0.1091,0.2471,0.1188
STAD,KU 0060648,24,0.2344347826086956,0.1408001404484546,-0.0795,0.2539,0.1188
STAD,Merck60,24,-0.0559999999999999,-0.2002985863004817,-0.0792,0.2689,0.4752
STAD,pyrazolanthrone,24,-0.1681739130434782,-0.2941211813202829,-0.1054,0.2628,0.5842
STAD,Afuresertib,22,-0.413664596273292,-0.5320254257066992,-0.1109,0.2717,0.8416
STAD,BRD-K97651142,22,0.2074534161490683,0.0485870986523241,-0.0809,0.2524,0.1089
STAD,Palbociclib,22,0.1317899491812535,0.0664001586008437,-0.0852,0.238,0.2277
STAD,Compound 7d-cis,23,0.1395256916996047,0.0255323343252692,-0.1175,0.2434,0.198
STAD,BRD-K88742110,30,-0.01321468298109,-0.2053197740605596,-0.0442,0.2256,0.5149
STAD,BRD-K14844214,22,0.3086391869000565,0.2131211625241587,-0.1207,0.2756,0.0594
STAD,bosutinib,22,-0.3183512140033879,-0.4441216778026441,-0.1073,0.2599,0.7525
STAD,doxorubicin,32,-0.0110703812316715,-0.1307281716321258,-0.0663,0.2217,0.4257
STAD,BRD-K80183349,24,-0.4279999999999999,-0.5556935335911062,-0.1135,0.2456,0.8911
STAD,CHIR-99021,23,-0.3047430830039525,-0.4502213964942465,-0.0813,0.253,0.7921
STAD,PYR-41,23,-0.0041501976284585,-0.2290790418331106,-0.1075,0.2202,0.3168
STAD,UNC0321,23,0.1705955080496137,0.0971199170518162,-0.0705,0.2558,0.2079
STAD,SCH-79797,23,0.0812252964426877,-0.0456810424842855,-0.081,0.2577,0.2871
STAD,spautin-1,23,-0.1863636363636363,-0.2859356489921159,-0.1135,0.2424,0.6238
STAD,Uprosertib,21,-0.1275324675324675,-0.215239538216272,-0.0878,0.273,0.5842
STAD,tanespimycin,32,0.2617302052785923,0.1902049381755583,-0.0337,0.2307,0.1485
STAD,lapatinib,32,-0.1721407624633431,-0.2528657134742041,-0.0378,0.2405,0.7327
STAD,SGX-523,23,0.082036078610185,-0.060522096417518,-0.0783,0.2641,0.3168
STAD,nutlin-3,32,0.3283724340175953,0.2686346124451745,-0.0677,0.2367,0.0594
STAD,Repligen 136,23,-0.0907114624505928,-0.1856904819161398,-0.1123,0.2607,0.505
STAD,Taselisib,22,-0.3590062111801242,-0.505132735944883,-0.1389,0.2588,0.8416
STAD,BRD-K94991378,22,0.1153020892151327,-0.0157058130015615,-0.0629,0.2393,0.2673
STAD,CPI-637,20,-0.353984962406015,-0.5032644448478976,-0.0709,0.2914,0.8119
STAD,PRIMA-1-Met,27,0.2245421245421245,0.0594189485998814,-0.0983,0.2482,0.0891
STAD,StemRegenin 1,23,-0.0059288537549407,-0.1045344207947365,-0.0795,0.239,0.396
STAD,PF-750,23,-0.3575098814229249,-0.453126551899278,-0.1111,0.2689,0.802
STAD,A-366,20,-0.3007518796992481,-0.4413416623315909,-0.0737,0.2666,0.8119
STAD,erastin,24,0.1516521739130434,0.0835387920900504,-0.0965,0.2611,0.1584
STAD,MK-1775,32,-0.0474340175953079,-0.1994064588488452,-0.0622,0.2377,0.505
STAD,sildenafil,23,-0.2968379446640316,-0.3792983971609678,-0.0527,0.2509,0.8317
STAD,GMX-1778,23,-0.3725296442687747,-0.4674782490227165,-0.0698,0.2686,0.8317
STAD,PX-12,23,0.1367588932806324,0.0412124701783248,-0.0387,0.2458,0.2772
STAD,temozolomide,32,0.2500092778042012,0.1598800877747191,-0.1029,0.2556,0.1089
STAD,Vismodegib,21,-0.1602597402597402,-0.3621523195035525,-0.059,0.2695,0.6535
STAD,BRD-K66453893,24,-0.3182608695652173,-0.3837730381631544,-0.06,0.2823,0.802
STAD,GDC0810,22,-0.0168266516092603,-0.1297502133129984,-0.0741,0.274,0.4752
STAD,FQI-2,24,-0.2100869565217391,-0.3459926396404731,-0.0653,0.2678,0.6436
STAD,temsirolimus,28,0.1770114942528735,0.1386875598633286,-0.0748,0.2293,0.1287
STAD,Serdemetan,21,-0.2615584415584416,-0.3654229687079934,-0.032,0.2761,0.802
STAD,cyclophosphamide,28,0.2296661193212917,0.0742743069687029,-0.0628,0.2445,0.099
STAD,TGX-221,23,-0.0381422924901185,-0.2367262957144692,-0.1063,0.2719,0.3762
STAD,procarbazine,23,0.2840753120596199,0.1482761076188703,-0.0873,0.2525,0.099
STAD,fluvastatin,24,0.3146086956521739,0.2641433047601695,-0.0682,0.2899,0.1089
STAD,BRD-K41597374,23,-0.0383399209486166,-0.1433283318345193,-0.1091,0.2676,0.4158
STAD,pazopanib,23,0.0011857707509881,-0.1128454219376687,-0.0878,0.2861,0.3861
STAD,BRD-K28456706,24,-0.1568695652173913,-0.3289703857499422,-0.1001,0.2466,0.5347
STAD,quizartinib,23,0.0965381283322385,-0.0190963508468395,-0.0726,0.2865,0.3366
STAD,Buparlisib,22,-0.431055900621118,-0.5305311963914265,-0.0601,0.2717,0.8713
STAD,16-beta-bromoandrosterone,22,-0.4198814061814562,-0.5535775047235201,-0.1023,0.2989,0.8515
STAD,foretinib,32,-0.0004398826979472,-0.0799408296636945,-0.0285,0.2039,0.4356
STAD,ML029,22,-0.0486730660643704,-0.2195436551248558,-0.1108,0.2521,0.4158
STAD,selumetinib,31,0.2294354838709678,0.1324020217666501,-0.0642,0.2265,0.099
STAD,GSK-3 inhibitor IX,23,-0.0776679841897233,-0.1964824202712665,-0.0875,0.2617,0.4851
STAD,NSC23766,23,-0.025494071146245,-0.2047174319144232,-0.0633,0.2732,0.4653
STAD,GDC-0879,23,-0.0098814229249011,-0.0878513045577734,-0.0563,0.2559,0.4356
STAD,triptolide,22,-0.4199887069452287,-0.4645421002917713,-0.0736,0.2448,0.901
STAD,Sapitinib,22,0.1442123094297007,0.0140263553728512,-0.0495,0.2666,0.2574
STAD,KHS101,24,0.140695652173913,0.0861847573089485,-0.1113,0.2577,0.2079
STAD,SB-525334,24,0.0968695652173912,-0.1187136601138816,-0.072,0.2714,0.3069
STAD,JQ-1,32,0.2632697947214076,0.1338831457634175,-0.0264,0.2383,0.1485
STAD,Wee1 Inhibitor,22,-0.2533032185206098,-0.3747248094223728,-0.0666,0.26,0.7129
STAD,Oxaliplatin,22,0.2207792207792208,0.1085140096229706,-0.0864,0.266,0.1386
STAD,AZD7545,23,0.0330039525691699,-0.0733038239212753,-0.0634,0.2702,0.3564
STAD,AZD6738,22,-0.221682665160926,-0.3955671213093978,-0.0896,0.2893,0.6733
STAD,VE821,21,-0.069090909090909,-0.3280743662351447,-0.0446,0.2314,0.5347
STAD,Osimertinib,22,0.0450592885375494,-0.1733641647574298,-0.0434,0.2616,0.4455
STAD,NPC-26,23,-0.3256733482175417,-0.3981710815032416,-0.0748,0.279,0.7822
STAD,PD173074,22,-0.3870129870129871,-0.5582370308917775,-0.0851,0.2599,0.8515
STAD,triazolothiadiazine,23,0.1138339920948616,0.0022215496346211,-0.0865,0.2456,0.2178
STAD,CAY10594,23,0.1814229249011857,-0.0134256081171975,-0.0396,0.2643,0.2376
STAD,methotrexate,31,-0.0203225806451612,-0.1323995742120514,-0.0777,0.2562,0.3861
STAD,Compound 1541A,23,0.1594461709749677,0.0657650043348429,-0.0803,0.2509,0.2178
STAD,dacarbazine,30,-0.1950166852057842,-0.39654388400722,-0.0717,0.2168,0.7228
STAD,olaparib,32,-0.2222140762463342,-0.3652993205882067,-0.0172,0.2032,0.8416
STAD,OSI-930,23,0.2800395256916996,0.1241230969246973,-0.0638,0.2669,0.1386
STAD,SB-431542,24,-0.4302608695652173,-0.5095476726588061,-0.0676,0.274,0.9109
STAD,SN-38,32,-0.0551319648093841,-0.190413895646309,-0.0656,0.2371,0.4752
STAD,regorafenib,20,0.2078195488721804,0.1106439583071519,-0.0657,0.2648,0.1485
STAD,AGI-5198,22,-0.5521174477696217,-0.713243929546741,-0.0122,0.2725,0.9802
STAD,Ch-55,24,0.4234782608695652,0.391720630525565,-0.0372,0.2773,0.0396
STAD,LBH-589,24,0.1147826086956521,0.0470254039852294,-0.101,0.2169,0.1881
STAD,SU11274,22,-0.670694522868436,-0.8058314382847339,-0.0428,0.2755,0.9802
STAD,BRD-K13999467,22,-0.3133822699040091,-0.437152887347397,-0.0691,0.2907,0.7723
STAD,GW-405833,22,0.1785431959345003,0.0982084808160969,-0.1272,0.2796,0.1485
STAD,BRD-K85133207,24,-0.0874782608695652,-0.1683326367034888,-0.0862,0.2363,0.505
STAD,EX-527,21,-0.112987012987013,-0.1991986687348111,-0.0654,0.2524,0.5545
STAD,tosedostat,22,0.1683794466403162,0.128051103121462,-0.0721,0.267,0.1881
STAD,BRD-K64610608,24,-0.1965187863510266,-0.3486407310721865,-0.0991,0.2663,0.5842
STAD,purmorphamine,23,-0.0247035573122529,-0.1621192963939645,-0.0817,0.2432,0.4653
STAD,Vinorelbine,21,-0.363116883116883,-0.4384580377853433,-0.0649,0.2614,0.8713
STAD,cytochalasin B,24,0.1639486883723385,0.0044474731861921,-0.0896,0.2282,0.1386
STAD,BRD-K04800985,24,-0.1530434782608695,-0.2241313336999407,-0.0485,0.2744,0.5941
STAD,B02,23,0.0897233201581027,-0.0982584621060733,-0.1267,0.239,0.2475
STAD,fluorouracil,32,0.2961143695014662,0.1911736140054814,-0.043,0.234,0.0891
STAD,ML203,22,0.1222253649417099,-0.0524408446739228,-0.0714,0.2893,0.2772
STAD,MK-8776,22,-0.0746470920383964,-0.1486454972285869,-0.0859,0.2682,0.4851
STAD,IC-87114,24,-0.567377174161166,-0.6294718128880774,-0.0558,0.2592,0.9802
STAD,Lenalidomide,21,-0.2306493506493506,-0.3500379528989265,-0.0853,0.2964,0.703
STAD,PLX-4032,24,0.1275820021315484,0.068177056313704,-0.0523,0.2461,0.2772
STAD,hyperforin,22,-0.0985883681535855,-0.2340707093009385,-0.0971,0.2719,0.5149
STAD,Ipatasertib,22,0.0010163749294184,-0.098788851500222,-0.0754,0.2589,0.3663
STAD,cerulenin,23,-0.0521739130434782,-0.1891595976456889,-0.0459,0.2636,0.4752
STAD,SRT-1720,23,0.375494071146245,0.2838299100800375,-0.0614,0.2639,0.0495
STAD,bortezomib,32,-0.5049853372434018,-0.5462401984758026,-0.0924,0.2464,0.9802
STAD,GW441756,22,0.1130434782608695,-0.0659641971275307,-0.0865,0.2793,0.2376
STAD,LY-2183240,24,0.0791304347826086,0.0299252311910017,-0.0441,0.2708,0.4257
STAD,SCH772984,22,0.4676453980801807,0.3867818434640662,-0.0707,0.243,0.0297
STAD,BRD8958,22,-0.0602493921034253,-0.1566222002203158,-0.1192,0.2758,0.4356
STAD,PF-573228,22,0.4229249011857708,0.3465628687800918,-0.0976,0.2593,0.0297
STAD,ruxolitinib,31,-0.3241935483870968,-0.3628773966246248,-0.0808,0.2586,0.8119
STAD,ZSTK474,23,-0.2116600790513834,-0.2719875537936858,-0.0662,0.2719,0.703
STAD,nilotinib,32,0.0639296187683284,-0.0625249741384398,-0.045,0.2355,0.3762
STAD,XL765,23,-0.2753846978503623,-0.44255131135444,-0.07,0.2591,0.7921
STAD,importazole,22,-0.2648221343873518,-0.3781277151612242,-0.0856,0.2449,0.7228
STAD,staurosporine,27,0.3222222222222222,0.2653180237151802,-0.0636,0.2248,0.0792
STAD,YK 4-279,32,-0.081524926686217,-0.3293439044087091,-0.0505,0.2236,0.6238
STAD,Rucaparib,21,-0.0576623376623376,-0.2383458662991814,-0.0375,0.269,0.5545
STAD,ML083,23,-0.1213438735177865,-0.2600642207989291,-0.0968,0.2416,0.5743
STAD,ABT-737,32,0.3078445747800586,0.2311245562963312,-0.0179,0.2394,0.0693
STAD,RG-108,24,-0.0535652173913043,-0.1777390922421083,-0.1033,0.2504,0.4158
STAD,IPR-456,24,0.3144347826086956,0.2371982972295433,-0.0987,0.2776,0.0792
STAD,BRD1812,23,-0.1167284443838897,-0.3150263516869084,-0.0651,0.2461,0.5842
STAD,BRD-K66532283,22,-0.1593450028232637,-0.3148217042007309,-0.0926,0.2481,0.5545
STAD,KX2-391,21,0.1311688311688311,0.0461262652589944,-0.0987,0.2717,0.1881
STAD,PHA-793887,23,-0.0855731225296442,-0.2853961505920206,-0.0982,0.2533,0.4752
STAD,BRD-K17060750,23,-0.1149493487031869,-0.2632722412631326,-0.0878,0.2569,0.5545
STAD,Talazoparib,21,0.2620779220779221,0.104797665820932,-0.1438,0.2784,0.0594
STAD,NSC 74859,21,-0.3483116883116883,-0.4979779219370565,-0.058,0.2647,0.8812
STAD,AC55649,23,0.1590909090909091,0.057794530716486,-0.0855,0.2619,0.1881
STAD,PRL-3 inhibitor I,24,-0.0859130434782608,-0.2191679771825021,-0.1242,0.2375,0.4356
STAD,AZD7762,32,-0.0173753665689149,-0.0971094630080554,-0.0399,0.2348,0.4752
STAD,NVP-BSK805,23,-0.0142292490118577,-0.1680188813398417,-0.047,0.2737,0.4554
STAD,BRD-K16147474,20,-0.2932330827067669,-0.3950304263311222,-0.0819,0.2761,0.7624
STAD,CCT036477,23,-0.1114624505928853,-0.1858259218282759,-0.0729,0.2771,0.5248
STAD,CAL-101,23,-0.3367588932806324,-0.512595269553034,-0.107,0.2638,0.7822
STAD,AT13148,21,-0.1927272727272727,-0.338962694830421,-0.1163,0.2472,0.5545
STAD,myricetin,22,-0.0661959924730517,-0.188715175669899,-0.0825,0.2497,0.4455
STAD,WAY-362450,24,-0.0616188222925274,-0.1562785016108794,-0.0373,0.2464,0.5347
STAD,entinostat,30,-0.111012235817575,-0.2505682127604552,-0.0566,0.2352,0.5842
STAD,SGC0946,21,0.1501298701298701,-0.0225499089865698,-0.0276,0.2568,0.3267
STAD,AZD6482,23,-0.1292490118577075,-0.1949259880381486,-0.0768,0.245,0.5842
STAD,BRD-A71883111,24,0.0164383565529824,-0.0434985601618987,-0.0754,0.2437,0.3861
STAD,VU0155056,23,0.1228564406174217,0.0879342751562994,-0.0678,0.282,0.297
STAD,nelarabine,29,-0.1579012205596968,-0.278727543566399,-0.0318,0.2533,0.6931
STAD,NU7441,21,-0.2062337662337662,-0.421410360248009,-0.0749,0.2594,0.6832
STAD,serdemetan,23,0.1650197628458498,0.0040728847248273,-0.1038,0.2396,0.1584
STAD,chlorambucil,24,0.0128695652173913,-0.0613731250734764,-0.0288,0.2435,0.4356
STAD,SB216763,22,0.2937323546019199,0.1865447698064001,-0.0678,0.2658,0.099
STAD,AZD5363,22,-0.108300395256917,-0.240443985401564,-0.1133,0.271,0.4851
STAD,PIK-93,24,-0.0965217391304347,-0.2680192778651363,-0.0897,0.2178,0.5248
STAD,WEHI-539,22,0.4319593450028233,0.35901654698038,-0.0651,0.2675,0.0594
STAD,navitoclax,32,0.3827712609970674,0.3286274065927649,-0.0624,0.2366,0.0495
STAD,veliparib,32,0.2791055718475073,0.246871253541565,-0.0439,0.2486,0.099
STAD,NVP-BEZ235,28,-0.5191023535851123,-0.6101660691077471,-0.0566,0.2366,0.9901
STAD,TG-101348,23,0.3988142292490119,0.3703195097659836,-0.0599,0.2837,0.0792
STAD,BRD6340,24,0.1438260869565217,-0.1186808827102463,-0.0693,0.2964,0.2772
STAD,ML031,21,-0.1758441558441558,-0.31353560152934,-0.0647,0.2344,0.6931
STAD,OSI-027,32,0.1977272727272727,0.0550466250137024,-0.0524,0.2385,0.1782
STAD,GW-843682X,24,-0.0546086956521739,-0.1215472684242587,-0.0926,0.2828,0.4455
STAD,lomeguatrib,24,0.3899130434782608,0.3189200514867321,-0.0833,0.2474,0.0198
STAD,PF-184,22,0.0118610566717925,-0.1982829446321388,-0.0485,0.2769,0.4356
STAD,IU1,22,-0.1417278373800113,-0.2627120580301894,-0.0909,0.2242,0.6139
STAD,neratinib,23,-0.0294466403162055,-0.1528265427388843,-0.0461,0.2691,0.4752
STAD,apicidin,23,-0.4545454545454546,-0.6359599139482126,-0.0415,0.2779,0.9505
STAD,Vinblastine,21,-0.1888311688311688,-0.316344468737071,-0.1192,0.2892,0.5743
STAD,BRD8899,22,0.0107284020327498,-0.0889279745710753,-0.0955,0.2605,0.3762
STAD,pandacostat,22,-0.3151891586674196,-0.494415654544868,-0.0852,0.2494,0.8119
STAD,WZ8040,23,-0.2353754940711462,-0.356807959960502,-0.0856,0.2591,0.7129
STAD,fingolimod,23,-0.500395256916996,-0.6001648493111642,-0.0631,0.2537,0.9505
STAD,XAV939,20,0.1494736842105263,0.0019267607385718,-0.0774,0.301,0.2772
STAD,CR-1-31B,24,-0.3036521739130434,-0.4531783687819856,-0.0698,0.2426,0.7921
STAD,BRD-K71781559,22,0.0057610846691563,-0.1963986520438025,-0.0941,0.2463,0.3465
STAD,daporinad,27,-0.3013431013431013,-0.4782589969816592,-0.034,0.2419,0.8713
STAD,CCT007093,21,-0.0018181818181818,-0.1174126510730473,-0.0784,0.2307,0.3564
STAD,JNK Inhibitor VIII,22,0.2214568040654997,0.1122788402897485,-0.0943,0.2843,0.1584
STAD,brefeldin A,22,-0.111914172783738,-0.2230953568861634,-0.0745,0.2447,0.5347
STAD,Ulixertinib,22,0.6273291925465839,0.5950478750856459,-0.0754,0.2433,0.0099
STAD,crizotinib,32,0.2032258064516129,0.0791267119557836,-0.0394,0.2288,0.1485
STAD,parthenolide,21,-0.0701526506632401,-0.1900477650045202,-0.1177,0.2806,0.4158
STAD,imatinib,23,-0.3199604743083004,-0.4171336726391139,-0.0882,0.2659,0.7624
STAD,Bax channel blocker,21,-0.1888311688311688,-0.3288140438168477,-0.0915,0.3051,0.5941
STAD,AZD8055,32,-0.1703812316715542,-0.2414969817866407,-0.0493,0.2476,0.6535
STAD,GANT-61,23,0.0112648221343873,-0.0919384426952042,-0.0536,0.2859,0.4158
STAD,AMG-319,22,-0.1735742518351214,-0.3810307382461357,-0.0737,0.2714,0.6436
STAD,RITA,22,-0.3122529644268775,-0.4932792377874029,-0.0472,0.2399,0.8713
STAD,BRD-K37390332,22,0.0834792464805209,0.0292285810057956,0.0121,0.2652,0.396
STAD,HKMTI-1-005,20,-0.3786466165413533,-0.4710192306312177,-0.1061,0.2649,0.802
STAD,CD-437,23,-0.3073122529644269,-0.4020552040510854,-0.0563,0.2571,0.8218
STAD,CAY10576,23,0.4677044867269826,0.402726409876689,-0.0996,0.2303,0.0099
STAD,Ki8751,23,-0.3853754940711462,-0.5697616541442284,-0.0928,0.2543,0.8713
STAD,GDC-0941,32,-0.1877565982404692,-0.3371692552188581,-0.0547,0.2303,0.7129
STAD,WP1130,23,-0.2043478260869565,-0.3847331867602459,-0.0416,0.2345,0.7228
STAD,trametinib,28,0.4892172961138478,0.464719912920997,-0.0512,0.2594,0.0297
STAD,AZD8186,22,-0.0942970073404856,-0.2355535967433981,-0.0925,0.2821,0.495
STAD,valdecoxib,23,-0.2873517786561265,-0.4102320715166121,-0.079,0.2455,0.7822
STAD,HLI 373,21,0.2503896103896104,0.1519710003104319,-0.0126,0.2809,0.1881
STAD,NSC48300,24,-0.2773646510447678,-0.350370301215056,-0.1555,0.2498,0.7327
STAD,ouabain,23,-0.1405138339920948,-0.2426884667523065,-0.1031,0.2444,0.5941
STAD,ABT-199,28,0.1012588943623426,-0.0546443766754675,-0.0855,0.2419,0.2277
STAD,BMS-754807,32,-0.0028592375366568,-0.0892802912959368,-0.0613,0.2306,0.4356
STAD,elocalcitol,23,0.2899209486166008,0.218479480982871,-0.0708,0.2842,0.1287
STAD,EHT-1864,21,-0.428051948051948,-0.5624885821776257,-0.1029,0.277,0.8416
STAD,NVP-ADW742,32,-0.0208211143695014,-0.1486718105987799,-0.0721,0.1864,0.3663
STAD,EPZ5676,22,0.015923207227555,-0.0224440573790279,-0.0391,0.2702,0.4158
STAD,Cisplatin,21,-0.3301298701298701,-0.4661329133627149,-0.0902,0.2705,0.7822
STAD,narciclasine,23,-0.0632411067193675,-0.3431801594372334,-0.0748,0.2988,0.5248
STAD,AT7867,23,-0.2482213438735177,-0.4755958481168399,-0.108,0.2792,0.6733
STAD,NSC95397,23,-0.2557312252964426,-0.3474064345019711,-0.0666,0.2803,0.7228
STAD,BMS-345541,20,0.2493233082706766,0.139396343849179,-0.063,0.2574,0.1089
STAD,MST-312,32,-0.0133431085043988,-0.1257146771753362,-0.0729,0.2248,0.4455
STAD,BRD9876,24,-0.4511304347826086,-0.5545021864131227,-0.109,0.2657,0.9307
STAD,sorafenib,32,0.2574780058651026,0.1783378542391154,-0.0583,0.2119,0.0792
STAD,SB590885,21,0.3506493506493506,0.2049079063205623,-0.124,0.2668,0.0693
STAD,MI-1,20,-0.2309774436090225,-0.4853109180725444,-0.0544,0.2624,0.7327
STAD,oligomycin A,22,0.2243929983060418,0.0643606123884213,-0.0626,0.2788,0.1881
STAD,GSK1904529A,22,-0.3953698475437606,-0.4973241130220375,-0.0605,0.262,0.8911
STAD,pevonedistat,32,0.2418621700879765,0.082801232508189,-0.0464,0.2564,0.1287
STAD,linifanib,24,-0.1542608695652174,-0.2166842228608628,-0.0607,0.2473,0.6337
STAD,SB-225002,23,0.0569169960474308,-0.1473009819028059,-0.0416,0.2802,0.3663
STAD,BRD-A02303741,22,-0.0018073991118922,-0.098186214100725,-0.0348,0.263,0.495
STAD,silmitasertib,22,0.1234330886504799,0.0232902120754302,-0.0627,0.2341,0.2277
STAD,L-685458,24,0.1914709167281925,0.1352819460650975,-0.1094,0.2492,0.099
STAD,NSC30930,23,-0.108848258478836,-0.1773667468587189,-0.0635,0.2697,0.6139
STAD,BIRB-796,31,-0.4303225806451613,-0.5559305252968647,-0.0712,0.2208,0.9406
STAD,NVP-231,23,-0.1652173913043478,-0.3667030648687996,-0.1143,0.2488,0.5743
STAD,MLN2238,24,-0.0770434782608695,-0.1591474165190598,-0.0854,0.2412,0.4851
STAD,AZD3759,22,0.210841332580463,0.1322427495417185,-0.0598,0.2711,0.198
STAD,BRD-K61166597,21,-0.1425974025974026,-0.3518879507684058,-0.1071,0.2891,0.5347
STAD,bexarotene,24,0.1817391304347825,0.1104472570827016,-0.058,0.2394,0.198
STAD,pluripotin,24,-0.4610434782608695,-0.5632807682959835,-0.0773,0.2339,0.9604
STAD,SCH-529074,23,0.2045454545454545,0.0710172001707042,-0.0782,0.2545,0.1386
STAD,HC-067047,22,0.052738565782044,-0.160756062531276,-0.1236,0.2332,0.2772
STAD,Luminespib,22,-0.064257481648786,-0.1514416837579306,-0.0561,0.3079,0.5149
STAD,ML311,23,0.1286561264822134,-0.101759908931707,-0.0759,0.2949,0.2871
STAD,STF-31,22,-0.3693958215697347,-0.5216517707111784,-0.1204,0.2625,0.7822
STAD,tamatinib,23,0.3114624505928853,0.2569214494571635,-0.0876,0.2636,0.0693
STAD,tamoxifen,32,-0.1048387096774193,-0.2060284696509419,-0.0595,0.2417,0.604
STAD,azacitidine,32,0.0811583577712609,0.0077368138594338,-0.0619,0.2306,0.3168
STAD,C6-ceramide,24,-0.0554782608695652,-0.1918254478245889,-0.0913,0.2427,0.4752
STAD,PF-543,22,-0.4080180688876341,-0.5139615803506575,-0.0894,0.2705,0.8812
STAD,teniposide,25,0.3824615384615384,0.3150533589497851,-0.0684,0.2411,0.0297
STAD,ML239,22,-0.0125352907961603,-0.2803875352967445,-0.0959,0.2351,0.3762
STAD,mitomycin,23,0.283399209486166,0.1911590465815297,-0.0877,0.2694,0.099
STAD,etomoxir,23,0.2223320158102766,0.158839990121998,-0.1007,0.2529,0.1188
STAD,BRD-K51490254,21,-0.3942857142857143,-0.5274779459605098,-0.098,0.243,0.8713
STAD,Ko-143,24,0.0476521739130434,-0.1488986679182106,-0.0798,0.2652,0.3465
STAD,Mdivi-1,23,0.1106719367588932,0.026883887933126,-0.0592,0.253,0.2871
STAD,cucurbitacin I,21,-0.0096103896103896,-0.2447869724666912,-0.0831,0.2875,0.4158
STAD,BRD-K70511574,24,0.0001739130434782,-0.1945163285342532,-0.08,0.2623,0.3663
STAD,BRD-K92856060,23,0.044675069315426,-0.0998669332216286,-0.0491,0.2495,0.3465
STAD,ZM447439,21,0.0025974025974025,-0.2667629293554521,-0.1191,0.247,0.3267
STAD,vincristine,24,-0.1603478260869565,-0.2708082378203121,-0.0972,0.2552,0.5545
STAD,pifithrin-alpha,23,0.3715415019762846,0.2844907068700972,-0.0495,0.2495,0.099
STAD,BRD9647,23,0.0533596837944663,-0.0019686061866417,-0.1063,0.2462,0.2574
STAD,canertinib,22,0.023828345567476,-0.0801245975178612,-0.0737,0.2849,0.396
STAD,cabozantinib,23,-0.1640316205533597,-0.3398345015612544,-0.0505,0.2672,0.5941
STAD,BIX-01294,24,-0.0507826086956521,-0.2363129060823409,-0.0945,0.2349,0.4158
STAD,birinapant,24,-0.1823005044182607,-0.3239226001555475,-0.076,0.2596,0.6337
STAD,YM-155,22,0.3953698475437607,0.3462006089587672,-0.0974,0.2704,0.0792
STAD,saracatinib,23,-0.1399209486166008,-0.271584376570445,-0.1271,0.2454,0.5149
STAD,SNS-032,24,0.1650434782608695,0.1258197727632006,-0.0877,0.2586,0.1782
STAD,rigosertib,23,-0.0448616600790513,-0.1831353944437089,-0.0863,0.2601,0.4554
STAD,BRD-K63431240,23,-0.0519762845849802,-0.3015542528490271,-0.0531,0.2724,0.5149
STAD,bleomycin A2,32,-0.2281524926686216,-0.2994520852664085,-0.0706,0.2267,0.703
STAD,SR1001,22,-0.0565782044042913,-0.1203375356734628,-0.1201,0.239,0.3861
STAD,Niraparib,20,0.4033082706766916,0.3292043711677071,-0.0623,0.3028,0.0693
STAD,JW-480,23,-0.3114624505928853,-0.4882678535365864,-0.0808,0.2733,0.7822
STAD,BIBR-1532,32,-0.1631964809384164,-0.2735759540000956,-0.0512,0.2478,0.6733
STAD,SB-743921,24,-0.3704347826086956,-0.5054800170103344,-0.0916,0.2579,0.8614
STAD,dinaciclib,25,0.0418461538461538,-0.0161923631339899,-0.0626,0.2403,0.3663
STAD,GSK-LSD1-2HCl ,20,-0.0490225563909774,-0.2133224187297601,-0.1031,0.2862,0.4455
STAD,linsitinib,32,0.2752932551319648,0.183479843048347,-0.0674,0.2408,0.0891
STAD,NSC632839,24,-0.2650434782608695,-0.3786551049190125,-0.0813,0.2816,0.7426
STAD,semagacestat,24,0.4104347826086956,0.3608883623743938,-0.0115,0.2418,0.0396
STAD,tipifarnib-P2,24,0.1739130434782608,0.0568143007917898,-0.0601,0.2191,0.1683
STAD,AA-COCF3,23,0.2662055335968379,0.2049090269360225,-0.0603,0.2595,0.0891
STAD,ciclosporin,23,-0.1168899077206574,-0.2624108571376076,-0.1111,0.2774,0.4752
STAD,BRD4132,24,-0.1867826086956521,-0.2565035599421901,-0.0875,0.2387,0.6238
STAD,TW-37,28,0.2910782703886152,0.2062883477293064,-0.0613,0.2258,0.0495
STAD,BMS-345541,24,-0.1149565217391304,-0.1997542920846799,-0.072,0.2396,0.604
STAD,BRD-K45681478,24,-0.3332173913043478,-0.3932515768019073,-0.143,0.2644,0.7327
STAD,BRD-K02251932,21,0.055992208214549,-0.0801126656457306,-0.0693,0.2906,0.3267
STAD,DBeQ,24,-0.3427826086956521,-0.4922952042515706,-0.0894,0.2668,0.7822
STAD,Sepantronium bromide,22,0.237492941840768,0.0386953351365766,-0.0952,0.2965,0.2079
STAD,gossypol,22,-0.0956521739130434,-0.2574050307328592,-0.0972,0.2274,0.5446
STAD,sirolimus,31,0.1214516129032258,0.0669082456383506,-0.0696,0.232,0.1881
STAD,betulinic acid,24,-0.3819960951359738,-0.5295826801458953,-0.0884,0.2354,0.8812
STAD,BRD1835,24,-0.4328695652173913,-0.6669730153501972,-0.1199,0.2619,0.8515
STAD,tacrolimus,23,-0.0511857707509881,-0.1637336279897589,-0.0915,0.2263,0.4257
STAD,lovastatin,23,0.2152173913043478,0.1464272705935908,-0.0783,0.2525,0.2079
STAD,UNC0638,32,-0.1431818181818181,-0.1871068011504143,-0.0299,0.2469,0.6634
STAD,NVP-TAE684,24,-0.0834782608695652,-0.1764894422613427,-0.089,0.2512,0.5644
STAD,BRD-K19103580,22,-0.1146245059288537,-0.247233318214165,-0.0652,0.2582,0.5347
STAD,barasertib,23,0.1903162055335968,0.0632146416459353,-0.0887,0.259,0.2079
STAD,Motesanib,21,-0.0064935064935064,-0.097913959202699,-0.0432,0.286,0.4356
STAD,BRD-K24690302,24,-0.316695652173913,-0.4018728113725464,-0.0632,0.2496,0.8218
STAD,paclitaxel,31,-0.2470967741935484,-0.3485744397544998,-0.091,0.2447,0.7426
STAD,Refametinib,21,0.0171428571428571,-0.099860588451671,-0.1108,0.2656,0.3762
STAD,PRIMA-1,24,0.1803478260869565,0.0667973229586985,-0.0742,0.2821,0.2475
STAD,KU-0063794,24,-0.260695652173913,-0.4799912463584142,-0.0965,0.2319,0.7723
STAD,obatoclax,23,-0.1626482213438735,-0.3577545476321383,-0.0794,0.2661,0.6139
STAD,BRD-K35604418,32,0.1230205278592375,0.0224726173769516,-0.0752,0.2248,0.2376
STAD,Ribociclib,22,-0.5848673066064372,-0.74192416008149,-0.0637,0.2683,0.9802
STAD,axitinib,32,0.0545454545454545,-0.0609198606056008,-0.0039,0.2402,0.4059
STAD,niclosamide,22,0.6783738001129306,0.6378890435563769,-0.0736,0.2561,0.0099
STAD,Dactinomycin,22,0.1345002823263693,0.0561351726846338,-0.0609,0.2619,0.2079
STAD,SJ-172550,24,0.1878871561445481,0.1466219163421629,-0.081,0.2672,0.2079
STAD,P22077,22,-0.07442123094297,-0.2286561451323935,-0.0808,0.2855,0.495
STAD,WIKI4,22,-0.1518915866741954,-0.2537242029392259,-0.0926,0.2918,0.6139
STAD,zebularine,23,0.1355094629253757,-0.1231515582809892,-0.0228,0.2782,0.3267
STAD,BRD-K29313308,23,-0.1073122529644268,-0.2818169161857246,-0.0355,0.2751,0.6238
STAD,PL-DI,21,0.0028571428571428,-0.1020433830260885,-0.0316,0.262,0.4158
STAD,simvastatin,22,0.0301524562394127,-0.1352573332047698,-0.083,0.2622,0.3267
STAD,TPCA-1,24,0.2996521739130434,0.191368261938833,-0.0983,0.247,0.099
STAD,KU-60019,23,-0.125098814229249,-0.2239847238827361,-0.0981,0.2647,0.505
STAD,ciclopirox,24,0.1596521739130434,0.0179260444052664,-0.0673,0.253,0.2079
STAD,gemcitabine,32,-0.1499999999999999,-0.2299683736053391,-0.0632,0.2471,0.6733
STAD,indisulam,22,0.0380575945793337,-0.0359732455854606,-0.0929,0.2766,0.3465
STAD,SMER-3,20,0.0273684210526315,-0.0973174561662392,-0.087,0.2948,0.3366
STAD,tretinoin,23,-0.1324110671936759,-0.2778060740192581,-0.1287,0.2513,0.505
STAD,BRD-K71935468,21,0.115064935064935,0.0439214158198308,-0.0678,0.3235,0.2772
STAD,CAY10618,24,-0.2911304347826087,-0.4667770190759363,-0.0975,0.2473,0.7822
STAD,necrostatin-7,24,0.0377391304347826,-0.0785775829460562,-0.1019,0.2584,0.3267
STAD,tivozanib,23,-0.3990118577075098,-0.5376875813734259,-0.0999,0.2655,0.8218
STAD,BYL-719,28,-0.182703886152162,-0.2113826999664987,-0.0648,0.2256,0.703
STAD,PD0325901,22,0.3217391304347826,0.158663214820894,-0.1047,0.2715,0.0693
STAD,AZ960,20,0.2700751879699248,0.1768078576605014,-0.0936,0.2923,0.1386
STAD,AGK-2,32,-0.2194281524926686,-0.4011123866045711,-0.0727,0.222,0.7327
STAD,neuronal differentiation inducer III,24,0.0643478260869565,-0.1099112168610332,-0.0795,0.2462,0.3267
STAD,AM-580,22,0.2973171539062665,0.2160926870849558,-0.0751,0.2324,0.0495
STAD,PI-103,23,0.4160079051383399,0.326482285858906,-0.0595,0.2663,0.0594
STAD,POMHEX,20,-0.0264661654135338,-0.0865997047113038,-0.08,0.2813,0.3861
STAD,GSK591,21,0.2823376623376623,0.2657902498660965,-0.1136,0.2636,0.0792
STAD,isoevodiamine,23,0.2478260869565217,0.1365721420097803,-0.0977,0.2536,0.0792
STAD,"1S,3R-RSL-3",24,0.5361739130434782,0.4973439468708446,-0.0995,0.2756,0.0099
STAD,necrostatin-1,23,-0.0523715415019762,-0.230758495938917,-0.034,0.2598,0.5644
STAD,PFI-1,21,-0.0535064935064935,-0.1619781053619112,-0.0227,0.2623,0.505
STAD,SR-II-138A,24,0.0208695652173913,-0.0796045941254575,-0.0403,0.2332,0.4059
STAD,MG-132,25,-0.1306153846153846,-0.4079895504495324,-0.0388,0.2581,0.6139
STAD,Bosutinib,21,-0.3101298701298701,-0.5077060121633313,0.0053,0.2909,0.8515
STAD,ML258,24,-0.1950331426027359,-0.2480166213263636,-0.1131,0.2585,0.5842
STAD,topotecan,30,-0.0897441601779755,-0.2078034496433004,-0.0788,0.2417,0.495
STAD,ICL-SIRT078,20,-0.1314285714285714,-0.2656442344881649,-0.0732,0.267,0.5644
STAD,MGCD-265,23,-0.2498023715415019,-0.3732430636242691,-0.1006,0.2504,0.703
STAD,LCL161,20,0.2478195488721803,0.1867627649843456,-0.0844,0.2861,0.1683
STAD,cytarabine hydrochloride,32,0.2126099706744867,0.1500176362515357,-0.0627,0.242,0.1386
STAD,vandetanib,23,0.0679841897233201,-0.1266445650907406,-0.0855,0.2626,0.2772
STAD,Lestaurtinib,21,0.1922077922077922,0.0903800653824661,-0.0688,0.2823,0.1881
STAD,TG-100-115,22,0.11914172783738,-0.0369064878980383,-0.0879,0.2621,0.2475
STAD,MK-2206,32,-0.1422287390029325,-0.285414890778342,-0.0907,0.2121,0.5743
STAD,GSK343,22,-0.2205533596837944,-0.2950821788890156,-0.1455,0.2312,0.604
STAD,afatinib,32,0.0089442815249266,-0.0924133273608545,-0.0373,0.2201,0.4356
STAD,ML162,23,0.5035573122529644,0.4676639913592998,-0.1122,0.2909,0.0099
STAD,dexamethasone,23,-0.1545005701382751,-0.3395505767171491,-0.0567,0.2834,0.6139
STAD,CID-5951923,24,0.0662608695652174,-0.0492008654492538,-0.0778,0.257,0.2673
STAD,fumonisin B1,23,-0.2779342807853497,-0.3959900342827789,-0.0921,0.2496,0.7723
STAD,Irinotecan,22,-0.1600225861095426,-0.2902047767943105,-0.0631,0.2769,0.6931
STAD,tandutinib,23,-0.3041501976284585,-0.4244763999939721,-0.1032,0.2543,0.7327
STAD,PDMP,22,-0.3266873894745147,-0.4736829760782047,-0.1068,0.2558,0.802
STAD,piperlongumine,23,-0.4312252964426878,-0.5432121725192146,-0.0567,0.3093,0.8713
STAD,curcumin,24,-0.1826086956521739,-0.3385337022981334,-0.0978,0.2498,0.6337
STAD,phloretin,23,0.0403162055335968,-0.0100968509215594,-0.0519,0.283,0.3564
STAD,Pyridostatin,22,-0.1080745341614906,-0.3883935949826284,-0.143,0.2706,0.4455
STAD,Leflunomide,20,0.1383458646616541,0.0521636830865011,-0.085,0.2801,0.2475
STAD,itraconazole,22,0.5438012077905651,0.4869236769958758,-0.0579,0.274,0.0099
STAD,ML210,22,0.2210675038733144,0.1710735191075237,-0.0667,0.2583,0.1782
STAD,etoposide,23,0.0318181818181818,-0.1212573405433352,-0.1127,0.2561,0.2772
STAD,AZD4547,31,0.4182258064516129,0.2915335223775124,-0.0728,0.1979,0.0099
STAD,Camptothecin,22,-0.4166007905138341,-0.5103409009193216,-0.0953,0.2491,0.8911
STAD,BRD-K50799972,22,0.2164878599661208,0.0929204742565223,-0.0518,0.2714,0.198
STAD,I-BET151,24,0.2125217391304347,0.0841654497429224,-0.1043,0.2451,0.0891
STAD,fulvestrant,26,-0.0692649572649572,-0.2472361260075826,-0.0965,0.2396,0.495
STAD,austocystin D,22,0.0089215132693393,-0.0584834203842739,-0.0833,0.2658,0.4059
STAD,erismodegib,22,-0.3899491812535291,-0.5405450203415105,-0.0938,0.2654,0.8614
STAD,vorinostat,32,0.3661290322580645,0.2831364840580407,-0.0392,0.242,0.0693
STAD,CI-976,23,-0.208893280632411,-0.3399713711934135,-0.1497,0.2783,0.5941
STAD,BRD-K26531177,20,-0.0472180451127819,-0.1292618979904585,-0.1251,0.2562,0.3861
STAD,GSK2578215A,22,-0.0726143421795595,-0.1215128059307004,-0.1008,0.2861,0.4653
STAD,AZ6102,21,-0.167012987012987,-0.283292069929765,-0.0267,0.2804,0.703
STAD,brivanib,23,-0.1725296442687747,-0.4335632172790251,-0.0565,0.2317,0.6733
STAD,clofarabine,23,-0.4023715415019763,-0.4595088831553473,-0.1595,0.2716,0.8119
STAD,UNC0379,20,0.2117293233082706,0.0462078838352895,-0.1289,0.2961,0.1386
STAD,BMS-195614,24,0.288598890850312,0.1620064014723315,-0.0647,0.2731,0.1287
STAD,N9-isopropylolomoucine,21,-0.1771428571428571,-0.2183257630084853,-0.0589,0.2576,0.6634
STAD,prochlorperazine,24,0.0855652173913043,-0.0546380854290612,-0.0796,0.2403,0.2871
STAD,sunitinib,24,-0.041496306665881,-0.1478242472846055,-0.0627,0.2492,0.505
STAD,BRD-K34222889,23,-0.2,-0.2882588486516996,-0.0537,0.2618,0.7129
STAD,masitinib,23,-0.2590909090909091,-0.3314966862938162,-0.1169,0.2474,0.7129
STAD,epigallocatechin-3-monogallate,20,-0.2484210526315789,-0.3684748614354242,-0.0829,0.2977,0.6931
STAD,lenvatinib,23,-0.1284584980237154,-0.2234209288541641,-0.0847,0.2696,0.5149
STAD,bardoxolone methyl,20,-0.0270676691729323,-0.099365360925069,-0.0606,0.2559,0.4554
STAD,IWP-2,20,0.0418045112781955,-0.0945264921402301,-0.0989,0.2559,0.3663
STAD,I-BRD9,22,-0.1751552795031056,-0.3356434784385151,-0.0966,0.2808,0.6139
STAD,UMI-77,21,0.2768831168831168,0.2029053583314374,-0.0994,0.254,0.0792
STAD,VX-11e,21,0.2012987012987013,0.1057406967600706,-0.0655,0.2292,0.1287
STAD,ISOX,23,-0.0375494071146245,-0.1724568638096651,-0.059,0.2569,0.505
STAD,EPZ004777,22,-0.3041219649915302,-0.4074362185674733,-0.0547,0.2596,0.8119
STAD,BRD-K33199242,24,-0.0937026008604854,-0.2632006288484915,-0.0858,0.2375,0.5248
STAD,GSK4112,24,-0.1479999999999999,-0.2827517363352643,-0.0871,0.274,0.5842
STAD,decitabine,22,-0.1067193675889328,-0.207735628767115,-0.0665,0.2654,0.5743
STAD,ML006,24,0.0921939573870974,-0.0082785533023444,-0.128,0.2485,0.2178
STAD,MK-0752,24,-0.0431304347826086,-0.1096908364827197,-0.0792,0.2487,0.4554
STAD,Avagacestat,22,0.3023150762281197,0.2715061080564672,-0.0804,0.2552,0.0693
STAD,gefitinib,32,0.1155425219941348,0.0292727214411192,-0.0525,0.2416,0.2871
STAD,BRD-K55116708,22,0.1882552230378317,0.0109141579559657,-0.0502,0.2792,0.2178
STAD,manumycin A,22,0.4971173329746819,0.4639491795487567,-0.0766,0.2803,0.0297
STAD,RO-3306,22,-0.1871259175607002,-0.3528523297589515,-0.1244,0.2789,0.5941
STAD,GNE-317,21,0.0662337662337662,-0.0281370514996275,-0.0983,0.2867,0.2772
STAD,BI-2536,32,-0.2687683284457478,-0.3365633713892678,-0.0699,0.2199,0.8317
STAD,KU-55933,32,-0.0036656891495601,-0.1052457165632564,-0.0616,0.2105,0.396
STAD,cediranib,28,-0.2621784345922276,-0.4021860385019346,-0.061,0.2543,0.7624
STAD,PD318088,24,0.2645217391304347,0.1707417132685187,-0.0971,0.2708,0.1287
STAD,LGK974,22,0.0134387351778656,-0.1267902515769165,-0.1306,0.2756,0.3168
STAD,Savolitinib,22,-0.0251835121400338,-0.1689504048281792,-0.076,0.2572,0.4257
STAD,ibrutinib,26,-0.2194188034188034,-0.2934959565764607,-0.068,0.2252,0.8119
STAD,nintedanib,22,0.1117198576038364,-0.1044960951569773,-0.0689,0.2466,0.2673
STAD,RAF265,20,0.3762406015037594,0.3509309600574942,-0.1087,0.2917,0.0495
STAD,leptomycin B,24,-0.2506086956521739,-0.5390503182841038,-0.0708,0.2598,0.7129
STAD,Mirin,20,0.0264661654135338,-0.0723326839298615,-0.0626,0.2561,0.3366
STAD,BRD-K11533227,21,-0.2415584415584415,-0.3025697533398583,-0.0579,0.2604,0.6931
STAD,ceranib-2,24,-0.0255652173913043,-0.0914765589776842,-0.0722,0.2548,0.495
STAD,ML050,23,0.1454545454545454,-0.018243863378136,-0.0896,0.2473,0.198
STAD,compound 1B,24,-0.2688695652173912,-0.3766638726800818,-0.0557,0.2637,0.7921
STAD,PAC-1,21,-0.4953246753246753,-0.6061750562087695,-0.0891,0.2665,0.9406
STAD,parbendazole,24,-0.4514782608695651,-0.6554021784511346,-0.0844,0.245,0.9208
STAD,CD-1530,23,0.3185770750988143,0.2160959895997669,-0.1072,0.2809,0.099
STAD,bendamustine,23,-0.0409090909090909,-0.2023685848370565,-0.1175,0.279,0.4356
STAD,AZ-3146,24,0.0507826086956521,-0.0105658642063704,-0.1206,0.2736,0.2673
STAD,LJI308,21,-0.2038961038961038,-0.2803911423567184,-0.0872,0.2962,0.6436
STAD,ML320,23,-0.1365612648221344,-0.2601507652053685,-0.125,0.2588,0.4752
STAD,NSC19630,28,-0.3512248561698989,-0.4430874852622598,-0.062,0.2262,0.9208
STAD,KW-2449,24,0.2161739130434782,0.1343606015794921,-0.1094,0.243,0.0891
STAD,PLX-4720,32,-0.3006598240469207,-0.3447875312972925,-0.0487,0.2585,0.802
STAD,LE-135,23,0.2235177865612648,0.1689905420785061,-0.1111,0.2932,0.198
STAD,vorapaxar,24,-0.3234117848008925,-0.4210288947174556,-0.0779,0.248,0.8812
STAD,dasatinib,32,0.4258797653958944,0.3843040767982157,-0.0787,0.2183,0.0099
STAD,docetaxel,28,-0.0307608100711548,-0.1322393481428611,-0.0671,0.267,0.4752
STAD,trifluoperazine,23,0.2703557312252965,0.0440658631198227,-0.051,0.2585,0.1089
STAD,SKI-II,24,-0.0052173913043478,-0.1879787975954179,-0.0496,0.2622,0.4455
STAD,SNX-2112,22,-0.0543195934500282,-0.1725814522102377,-0.0487,0.2621,0.5149
STAD,GSK461364,23,-0.2219367588932806,-0.3328381504769263,-0.0766,0.2544,0.6535
STAD,Compound 23 citrate,22,0.4001129305477132,0.3462058127715272,-0.0927,0.2979,0.0693
STAD,alisertib,32,0.3341642228739002,0.3031425691300041,-0.038,0.2369,0.0594
STAD,CHM-1,24,-0.4255652173913044,-0.564101125659786,-0.0851,0.2514,0.8911
STAD,3-Cl-AHPC,24,-0.2594782608695652,-0.493771603468943,-0.1038,0.2448,0.703
STAD,Obatoclax Mesylate,20,0.1097744360902255,0.0210248709163073,-0.1116,0.295,0.2574
STAD,momelotinib,22,0.3759457933370977,0.2774151951794822,-0.0406,0.2578,0.0495
STAD,BMS-536924,32,0.065615835777126,-0.0373271263042753,-0.0711,0.2245,0.3069
STAD,VER-155008,23,-0.3978260869565218,-0.7052298105167578,-0.0546,0.2718,0.9109
STAD,nakiterpiosin,23,-0.1013833992094861,-0.2498528651022707,-0.0721,0.2636,0.5248
STAD,pifithrin-mu,23,-0.2875494071146245,-0.3978273768465512,-0.0595,0.2704,0.7624
STAD,BDP-00009066,21,0.3605194805194806,0.3071401394820832,-0.1135,0.2966,0.0693
STAD,BPD-00008900,21,0.1498701298701298,-0.01769465074465,-0.0319,0.2317,0.2376
STAD,CT7033-2,20,0.2583458646616541,0.2024048430877067,-0.0778,0.271,0.1089
STAD,N25720-51-A1,21,0.0415584415584415,0.001837930380154,-0.0892,0.282,0.4059
STAD,N27922-53-1,21,-0.2898701298701298,-0.4336633054918257,-0.0684,0.2851,0.7723
STAD,N29087-69-1,21,-0.2594805194805195,-0.3600643096406403,-0.0783,0.2922,0.6832
STAD,N30652-18-1,21,-0.451948051948052,-0.5685982105597411,-0.1198,0.2833,0.8515
STAD,PBD-288,20,-0.4051127819548871,-0.5306464588878972,-0.0744,0.3029,0.8515
UCEC,GSK525762A,27,-0.0053724053724053,-0.0355997611648966,-0.0718,0.256,0.396
UCEC,erlotinib,27,0.0486643266240676,-0.0527773137371019,-0.1049,0.2495,0.2871
UCEC,BMS-270394,25,-0.2414165457459672,-0.3921778080694694,-0.0886,0.2404,0.7426
UCEC,KU 0060648,25,-0.0615502992728286,-0.1759449484324637,-0.1229,0.257,0.4158
UCEC,Merck60,25,-0.2681538461538461,-0.4618982327738087,-0.0917,0.2539,0.7426
UCEC,pyrazolanthrone,25,0.310905949201876,0.2279260098648509,-0.1423,0.2396,0.0396
UCEC,BRD-K97651142,25,0.4323076923076923,0.3532019633430365,-0.1031,0.256,0.0198
UCEC,Compound 7d-cis,22,-0.144438170525127,-0.2917152012193084,-0.1258,0.2943,0.5149
UCEC,BRD-K88742110,27,-0.4251526251526251,-0.5236244966427149,-0.0607,0.2733,0.8812
UCEC,BRD-K14844214,24,-0.5013913043478261,-0.6379739152468713,-0.0682,0.253,0.9802
UCEC,bosutinib,24,-0.028695652173913,-0.1165200192685671,-0.0396,0.2489,0.505
UCEC,doxorubicin,27,0.1713064713064713,0.1168303464013918,-0.0537,0.2427,0.198
UCEC,BRD-K80183349,25,-0.1003076923076923,-0.2393277152493471,-0.0696,0.267,0.5644
UCEC,CHIR-99021,24,0.5626086956521739,0.4374731151313351,-0.0775,0.2445,0.0099
UCEC,PYR-41,23,0.1250308908938362,0.0410286889723972,-0.106,0.2297,0.1485
UCEC,UNC0321,25,-0.4320831008952575,-0.5695353802741788,-0.0558,0.2795,0.901
UCEC,SCH-79797,25,0.159076923076923,0.0728777880574432,-0.0878,0.2911,0.2079
UCEC,spautin-1,24,0.2711304347826087,0.2250014493199848,-0.0526,0.2668,0.099
UCEC,tanespimycin,27,-0.0833943833943833,-0.3120746685152929,-0.071,0.2535,0.5446
UCEC,BRD-K02492147,23,-0.2492710725962489,-0.4801245645288501,-0.0769,0.268,0.7624
UCEC,lapatinib,27,0.0089133089133089,-0.1723766799118159,-0.1078,0.2479,0.3168
UCEC,SGX-523,25,-0.0356923076923077,-0.1916977412496305,-0.085,0.2442,0.4158
UCEC,nutlin-3,26,0.3497435897435897,0.3016036496782123,-0.0804,0.2235,0.0198
UCEC,Repligen 136,23,-0.3487027534177503,-0.429687971006818,-0.1257,0.2805,0.7822
UCEC,BRD-K94991378,20,-0.0661654135338345,-0.2699797225903315,-0.1112,0.2841,0.4356
UCEC,PRIMA-1-Met,22,-0.4382942846338579,-0.524141739917665,-0.1154,0.2621,0.9109
UCEC,StemRegenin 1,25,-0.447076923076923,-0.5880605850285056,-0.1002,0.2586,0.9307
UCEC,PF-750,23,0.2788238286257011,0.1492088846593001,-0.1365,0.2788,0.0891
UCEC,erastin,25,0.041076923076923,-0.1337689779280042,-0.0712,0.2839,0.396
UCEC,MK-1775,21,-0.1368831168831168,-0.2635347651155817,-0.0931,0.303,0.5941
UCEC,sildenafil,25,-0.1033846153846153,-0.2455005912260002,-0.048,0.2439,0.6238
UCEC,GMX-1778,24,-0.1706086956521739,-0.2679378506047404,-0.0748,0.2824,0.604
UCEC,PX-12,25,0.0246153846153846,-0.1135232977801142,-0.0859,0.2745,0.3663
UCEC,temozolomide,27,0.0739000990560249,-0.07990786537577,-0.0611,0.2487,0.3168
UCEC,BRD-K66453893,25,0.0695384615384615,-0.0602734083794994,-0.0853,0.2662,0.3366
UCEC,FQI-2,25,-0.2316923076923077,-0.3879291009405596,-0.0578,0.239,0.7723
UCEC,temsirolimus,22,0.2386222473178994,0.136126887947968,-0.0744,0.2823,0.1584
UCEC,cyclophosphamide,22,-0.1670242800677583,-0.2614854848794982,-0.0747,0.3022,0.604
UCEC,TGX-221,25,-0.2055779995712478,-0.3306745642411105,-0.075,0.2718,0.6535
UCEC,procarbazine,24,0.2938208249428991,0.2047172758540255,-0.0619,0.2569,0.0693
UCEC,fluvastatin,25,0.2263076923076923,0.1257135395725704,-0.0497,0.2652,0.1683
UCEC,BRD-K41597374,24,-0.402086956521739,-0.5116655211193905,-0.0706,0.285,0.8812
UCEC,pazopanib,25,0.0216923076923076,-0.0707802519477851,-0.0903,0.2519,0.3861
UCEC,BRD-K28456706,24,-0.1315938278553571,-0.3118597645562234,-0.092,0.2701,0.5545
UCEC,quizartinib,25,-0.1956923076923076,-0.3078484024676977,-0.105,0.2883,0.5743
UCEC,16-beta-bromoandrosterone,25,-0.0149230769230769,-0.1215965429982778,-0.077,0.2617,0.4257
UCEC,foretinib,27,0.2775335775335775,0.1936903703225757,-0.0312,0.2653,0.1485
UCEC,ML029,25,0.0674745155778384,-0.0574085020453987,-0.0623,0.2692,0.3168
UCEC,selumetinib,27,0.2459096459096458,0.2048137445349809,-0.058,0.2798,0.1386
UCEC,GSK-3 inhibitor IX,25,0.3784615384615385,0.2469332059680384,-0.0437,0.2566,0.0594
UCEC,NSC23766,22,0.1121400338791643,-0.0092492730611921,-0.091,0.2599,0.2178
UCEC,GDC-0879,23,-0.2798418972332016,-0.3885722383741578,-0.0514,0.2778,0.7426
UCEC,triptolide,24,-0.250086956521739,-0.4245330968949652,-0.0691,0.2881,0.7525
UCEC,KHS101,25,0.4623076923076922,0.3872146253170627,-0.0891,0.242,0.0198
UCEC,SB-525334,23,-0.2887351778656126,-0.4225516229517373,-0.0868,0.3127,0.6733
UCEC,JQ-1,27,0.0288156288156288,-0.0491252652286659,-0.0386,0.256,0.4158
UCEC,AZD7545,24,0.2340869565217391,0.138079967866228,-0.0416,0.2538,0.1683
UCEC,NPC-26,24,-0.1491942538587506,-0.2419386475155912,-0.0534,0.2164,0.6832
UCEC,triazolothiadiazine,25,-0.0133846153846153,-0.1454541586935194,-0.053,0.263,0.4455
UCEC,CAY10594,25,-0.1429230769230769,-0.2421418322602151,-0.0594,0.2501,0.6238
UCEC,methotrexate,25,0.0683076923076923,-0.0756878948699264,-0.0426,0.266,0.3663
UCEC,Compound 1541A,25,-0.0370071174377882,-0.1812798151656512,-0.0712,0.2449,0.4653
UCEC,dacarbazine,27,0.1092796092796092,-0.0339452119094271,-0.0339,0.2585,0.3069
UCEC,olaparib,26,0.4244102564102563,0.3242452312379087,-0.1027,0.2485,0.0396
UCEC,SB-431542,25,-0.0926153846153846,-0.266763048707889,-0.0662,0.2518,0.5446
UCEC,SN-38,27,0.045054945054945,-0.0882816821233045,-0.0635,0.2583,0.3564
UCEC,regorafenib,24,0.0180869565217391,-0.1198372267665,-0.0815,0.2463,0.4158
UCEC,Ch-55,25,-0.1944615384615384,-0.3789006880362911,0.0076,0.2545,0.7822
UCEC,LBH-589,25,-0.1586153846153846,-0.2676032903121438,-0.0523,0.2552,0.6634
UCEC,SU11274,24,0.609391304347826,0.5694193513830467,-0.108,0.2806,0.0099
UCEC,BRD-K13999467,25,-0.027076923076923,-0.1351979104916087,-0.0797,0.2467,0.4257
UCEC,GW-405833,25,-0.0510867483964478,-0.1834693043132989,-0.0898,0.2558,0.4653
UCEC,BRD-K85133207,24,0.0033043478260869,-0.1801894150137823,-0.0433,0.2498,0.4752
UCEC,EX-527,25,-0.2693846153846154,-0.4127077208442024,-0.1102,0.2479,0.7426
UCEC,tosedostat,22,-0.2225861095426313,-0.3226854349903307,-0.0751,0.2723,0.7426
UCEC,BRD-K64610608,25,0.013076923076923,-0.045829292626691,-0.0598,0.2531,0.3861
UCEC,purmorphamine,22,-0.1176936874293026,-0.2336165064735729,-0.1436,0.2363,0.4752
UCEC,cytochalasin B,25,0.0904615384615384,-0.0466030337524841,-0.0451,0.2685,0.3366
UCEC,BRD-K04800985,25,0.0202318110335746,-0.1077316756338939,-0.0729,0.2699,0.3861
UCEC,B02,24,-0.0165217391304347,-0.1333037715677452,-0.054,0.2688,0.495
UCEC,fluorouracil,27,0.4575091575091575,0.4155048963962656,-0.0911,0.2682,0.0297
UCEC,ML203,25,0.1107692307692307,-0.0191550111529495,-0.0699,0.2648,0.2673
UCEC,IC-87114,25,-0.2889786550859307,-0.4033898023319117,-0.0658,0.2445,0.802
UCEC,PLX-4032,24,0.1689932633991796,0.0748808383144624,-0.0354,0.2738,0.2871
UCEC,hyperforin,24,-0.0048695652173913,-0.0919258770715491,-0.0721,0.2525,0.4059
UCEC,cerulenin,24,-0.3079999999999999,-0.5137334914586111,-0.069,0.2183,0.8416
UCEC,SRT-1720,25,-0.2199653820262715,-0.2846613390918168,-0.0433,0.269,0.7129
UCEC,bortezomib,27,-0.0804762641035397,-0.1940040940794115,-0.0745,0.2365,0.5248
UCEC,LY-2183240,25,0.388923076923077,0.2906837620246312,-0.0492,0.2606,0.0396
UCEC,BRD8958,24,-0.0693714654379147,-0.15647914601311,-0.0523,0.2702,0.5347
UCEC,PF-573228,24,0.0372173913043478,-0.0730440342325854,-0.0898,0.2969,0.3168
UCEC,ruxolitinib,27,-0.1032967032967032,-0.2122338392220032,-0.0457,0.2395,0.5842
UCEC,ZSTK474,25,-0.0572307692307692,-0.2829739491928852,-0.0961,0.2531,0.4752
UCEC,nilotinib,25,0.1536923076923076,0.0948007576610107,-0.0536,0.2715,0.2574
UCEC,XL765,24,-0.1306370981088872,-0.2695506294172197,-0.0457,0.2668,0.604
UCEC,importazole,24,-0.0285217391304348,-0.2538758394952356,-0.093,0.255,0.4257
UCEC,YK 4-279,27,-0.0699633699633699,-0.166102246670876,-0.0958,0.2211,0.396
UCEC,ML083,25,-0.3172148548773409,-0.4078979589007155,-0.0865,0.2742,0.7921
UCEC,ABT-737,27,0.2321123321123321,0.0565067949069178,-0.0711,0.2488,0.1188
UCEC,RG-108,25,0.0232307692307692,-0.0917433985496706,-0.1336,0.2336,0.3168
UCEC,IPR-456,25,0.0035391422081876,-0.0898761946227483,-0.0704,0.2273,0.396
UCEC,BRD1812,24,0.0170434782608695,-0.1757495273147108,-0.1043,0.2649,0.3663
UCEC,BRD-K66532283,24,0.1490434782608695,-0.004634078797047,-0.1064,0.2447,0.1287
UCEC,KX2-391,24,0.1471304347826087,-0.0566018037098159,-0.087,0.2771,0.2079
UCEC,PHA-793887,25,0.3235384615384615,0.2089611864699289,-0.0955,0.2603,0.0693
UCEC,BRD-K17060750,25,-0.0213887289973079,-0.1240499910044689,-0.0478,0.2431,0.5248
UCEC,NSC 74859,23,-0.1845849802371541,-0.2643465337548131,-0.1099,0.2428,0.6337
UCEC,AC55649,24,0.0036521739130434,-0.0927111758958408,-0.0482,0.2606,0.4554
UCEC,PRL-3 inhibitor I,25,0.0249230769230769,-0.1239179998657079,-0.0721,0.2946,0.4257
UCEC,AZD7762,27,-0.2631257631257631,-0.3818884813584608,-0.0948,0.2506,0.7426
UCEC,NVP-BSK805,25,-0.0663076923076923,-0.1872575094333163,-0.0921,0.2478,0.4851
UCEC,BRD-K52037352,23,-0.0288680213222707,-0.1198621235539084,-0.1007,0.2768,0.4059
UCEC,BRD-K16147474,23,0.0638497672074452,-0.0425561668075558,-0.0676,0.2525,0.3069
UCEC,CCT036477,25,0.0667692307692307,-0.0799303929118328,-0.1032,0.258,0.3069
UCEC,CAL-101,24,-0.2457391304347826,-0.3854640558132657,-0.0918,0.2554,0.6931
UCEC,myricetin,25,-0.2049230769230769,-0.3396551046648439,-0.0109,0.2698,0.7822
UCEC,WAY-362450,25,0.0535130180482966,-0.0398885556412796,-0.056,0.2745,0.3861
UCEC,entinostat,27,-0.0909645909645909,-0.2056099339966534,-0.1168,0.2452,0.4653
UCEC,AZD6482,25,-0.1813846153846153,-0.2770315031461182,-0.1011,0.2661,0.6139
UCEC,BRD-A71883111,24,0.1366384028821982,0.0668982270309128,-0.068,0.2703,0.2376
UCEC,VU0155056,25,-0.104,-0.2020109011688444,-0.0087,0.2456,0.6832
UCEC,nelarabine,25,-0.2272307692307692,-0.3794185481645743,-0.0667,0.2586,0.7525
UCEC,serdemetan,23,0.0116600790513833,-0.2081440521262138,-0.0983,0.2754,0.4059
UCEC,chlorambucil,25,0.0987692307692307,-0.0897204089818471,-0.1058,0.2815,0.2574
UCEC,PIK-93,25,-0.4867692307692307,-0.5450438301867996,-0.0914,0.2503,0.9802
UCEC,navitoclax,27,0.0592185592185592,-0.0842953808864219,-0.0799,0.2387,0.3465
UCEC,veliparib,27,-0.0050214564834343,-0.0788338417061611,-0.0972,0.2573,0.4059
UCEC,TG-101348,25,-0.4010769230769231,-0.4905068459778133,-0.0709,0.2491,0.901
UCEC,BRD6340,25,0.5667692307692307,0.482811749617042,-0.0594,0.2546,0.0099
UCEC,ML031,23,-0.0432806324110671,-0.1446221776785456,-0.0868,0.2867,0.4554
UCEC,OSI-027,27,0.3465201465201464,0.2038885713494863,-0.0012,0.2604,0.1287
UCEC,GW-843682X,22,0.0357989836250705,-0.0471279055020712,-0.0338,0.249,0.4554
UCEC,lomeguatrib,25,-0.2036923076923077,-0.4409359205143436,-0.059,0.2883,0.6832
UCEC,PF-184,24,0.0245217391304347,-0.050456781519083,-0.0682,0.2927,0.3861
UCEC,IU1,25,-0.2346605159776594,-0.4334791368189976,-0.0589,0.2547,0.7525
UCEC,neratinib,25,-0.3446153846153846,-0.4297352647149576,-0.0915,0.2767,0.8119
UCEC,apicidin,24,-0.1408695652173913,-0.3137571503161641,-0.0954,0.2688,0.505
UCEC,BRD8899,25,0.275453305143582,0.1667458676007396,-0.0572,0.291,0.1386
UCEC,pandacostat,24,-0.2151304347826086,-0.3713640128498409,-0.0743,0.2643,0.6733
UCEC,WZ8040,21,-0.3522077922077922,-0.4333171745308407,-0.0824,0.2797,0.8218
UCEC,fingolimod,25,-0.2426153846153846,-0.3200828983105233,-0.0987,0.2665,0.6832
UCEC,CR-1-31B,25,0.2376923076923077,0.144692009162533,-0.0574,0.2532,0.1188
UCEC,BRD-K71781559,24,-0.1551304347826086,-0.2936160110442329,-0.083,0.2665,0.5644
UCEC,daporinad,25,-0.2452307692307692,-0.3522784095238074,-0.0739,0.2403,0.7129
UCEC,brefeldin A,25,0.0038461538461538,-0.1234337986975465,-0.066,0.2708,0.4059
UCEC,crizotinib,27,0.0262515262515262,-0.0614155033101894,-0.0576,0.2379,0.3663
UCEC,parthenolide,24,-0.184749893797051,-0.2641983324644227,-0.0523,0.2331,0.7327
UCEC,imatinib,25,-0.1784615384615384,-0.3042395888697755,-0.11,0.2456,0.5644
UCEC,Bax channel blocker,23,-0.2093402584293637,-0.2621860243239791,-0.049,0.2846,0.7228
UCEC,AZD8055,27,-0.0356532356532356,-0.1642952309283117,-0.0099,0.2395,0.495
UCEC,GANT-61,25,0.2921538461538461,0.1476697170444625,-0.0517,0.2968,0.1386
UCEC,RITA,24,-0.1050434782608695,-0.2087868938362027,-0.0523,0.2547,0.5941
UCEC,BRD-K37390332,24,-0.5426086956521738,-0.7284998433439618,-0.0894,0.2442,0.9703
UCEC,CD-437,25,0.1264615384615384,-0.0910439667343818,-0.0576,0.2531,0.2376
UCEC,CAY10576,24,0.2705805673879814,0.1916379287808709,-0.042,0.2676,0.1485
UCEC,Ki8751,23,0.1339268706576341,0.0206269175929564,-0.0679,0.2906,0.2673
UCEC,GDC-0941,27,-0.2273504273504273,-0.3814246495641493,-0.0622,0.2642,0.7228
UCEC,WP1130,24,-0.2100869565217391,-0.2922156567404929,-0.0958,0.2337,0.6733
UCEC,valdecoxib,25,0.2407692307692308,0.140687529706679,-0.0937,0.2543,0.1287
UCEC,HLI 373,25,-0.2058461538461538,-0.3890581290109529,-0.0847,0.2835,0.6337
UCEC,NSC48300,25,-0.3347692307692307,-0.4624640939132616,-0.0919,0.2825,0.7723
UCEC,ouabain,25,-0.1233846153846154,-0.2311921008697486,-0.0991,0.2717,0.5446
UCEC,BMS-754807,27,-0.0573870573870573,-0.3016989334590798,-0.0392,0.2582,0.505
UCEC,elocalcitol,25,-0.3455384615384615,-0.5379216542007493,-0.1033,0.2331,0.8614
UCEC,NVP-ADW742,27,-0.2284493284493284,-0.3277802716508451,-0.048,0.2747,0.7426
UCEC,narciclasine,25,0.2943076923076922,0.2474851674092011,-0.0568,0.2788,0.1089
UCEC,AT7867,24,0.3137391304347826,0.1601042976641713,-0.0785,0.2779,0.1188
UCEC,NSC95397,22,-0.3639751552795032,-0.4904115343265906,-0.0685,0.2624,0.8713
UCEC,MST-312,27,0.2054648169259568,0.1258977932625781,-0.0964,0.2652,0.1584
UCEC,BRD9876,23,-0.0705533596837944,-0.3303294084751124,-0.1452,0.2614,0.3465
UCEC,sorafenib,26,0.0903247863247863,-0.000876381710201,-0.055,0.2611,0.3267
UCEC,MI-1,23,-0.2308606470568081,-0.4043830453619713,-0.1029,0.2563,0.7129
UCEC,oligomycin A,20,0.2709774436090225,0.1858428713033954,-0.0735,0.278,0.1089
UCEC,pevonedistat,26,-0.0138803418803418,-0.0634619577343676,-0.0787,0.2517,0.4257
UCEC,linifanib,25,0.2312307692307692,0.1351520787992818,-0.0839,0.2882,0.1683
UCEC,SB-225002,25,-0.0612307692307692,-0.1407200482369539,-0.0478,0.2394,0.5149
UCEC,BRD-A02303741,25,-0.2159646125735376,-0.3504650134805284,-0.0918,0.2611,0.6634
UCEC,silmitasertib,24,-0.270782608695652,-0.4008932406263242,-0.0799,0.2901,0.7426
UCEC,L-685458,25,-0.3798461538461538,-0.4311373941100688,-0.0307,0.2469,0.9406
UCEC,NSC30930,25,0.1019426831706225,0.0323856188601631,-0.0944,0.2595,0.2475
UCEC,BIRB-796,24,-0.1867826086956521,-0.316761229197347,-0.1137,0.2596,0.6535
UCEC,NVP-231,25,0.0727692307692307,-0.044272370533481,-0.1135,0.2454,0.297
UCEC,MLN2238,25,-0.1664615384615384,-0.2663859433085209,-0.0422,0.2552,0.6733
UCEC,BRD-K61166597,24,-0.2365217391304347,-0.319530652310266,-0.0601,0.2488,0.7327
UCEC,bexarotene,25,0.2376923076923076,0.1786723640166373,-0.0704,0.2426,0.1188
UCEC,pluripotin,25,0.0426153846153846,-0.0553110587855669,-0.0691,0.2657,0.3267
UCEC,SCH-529074,24,0.0787826086956521,-0.0859253042036515,-0.0711,0.2869,0.2772
UCEC,HC-067047,24,0.0779130434782608,-0.0710528065710285,-0.0505,0.2611,0.3366
UCEC,ML311,25,-0.0261538461538461,-0.110418875786161,-0.0951,0.2417,0.4158
UCEC,STF-31,24,0.1201739130434782,0.0540474137522968,-0.0596,0.2747,0.3168
UCEC,tamatinib,25,-0.0252307692307692,-0.1840941835733045,-0.0563,0.2693,0.4752
UCEC,tamoxifen,26,0.00608547008547,-0.091198940655358,-0.0978,0.2612,0.4059
UCEC,azacitidine,27,0.2644688644688645,0.1714140752033726,-0.0908,0.2504,0.0792
UCEC,C6-ceramide,25,-0.2388920990526664,-0.3412309508905451,-0.0641,0.254,0.703
UCEC,PF-543,25,0.107076923076923,-0.0412921039465148,-0.0978,0.2551,0.2673
UCEC,teniposide,22,-0.0247317899491812,-0.1835351830047329,-0.0639,0.288,0.4158
UCEC,ML239,25,0.3986153846153846,0.3172832448369013,-0.0793,0.257,0.0495
UCEC,mitomycin,25,0.1147913081438255,0.0440970063438786,-0.0764,0.2707,0.297
UCEC,etomoxir,25,-0.5347692307692308,-0.703624980670015,-0.0712,0.2621,0.9604
UCEC,BRD-K51490254,23,0.3501730531626134,0.2370165480600564,-0.0758,0.2899,0.0792
UCEC,Ko-143,25,0.0403076923076923,-0.120682221037264,-0.0855,0.2687,0.3168
UCEC,Mdivi-1,25,0.0255384615384615,-0.0718535602481935,-0.0645,0.2759,0.3762
UCEC,cucurbitacin I,23,-0.1970355731225296,-0.288825685877867,-0.1095,0.2384,0.6436
UCEC,BRD-K70511574,25,-0.1503076923076922,-0.2804920122899035,-0.0824,0.2661,0.5644
UCEC,BRD-K92856060,24,0.1984347826086956,0.0916857215139372,-0.0832,0.2675,0.198
UCEC,vincristine,25,0.072,-0.1192872397838967,-0.0243,0.255,0.3663
UCEC,pifithrin-alpha,24,-0.0907826086956521,-0.223192556568356,-0.0771,0.2821,0.5248
UCEC,BRD9647,24,-0.4184347826086956,-0.4932931073923426,-0.1152,0.255,0.8812
UCEC,canertinib,25,0.0861538461538461,-0.0328297308542146,-0.037,0.2654,0.3465
UCEC,cabozantinib,25,0.1061538461538461,0.0309957248676786,-0.0654,0.2644,0.297
UCEC,BIX-01294,25,0.0509230769230769,-0.0256290999075971,-0.0712,0.2385,0.3465
UCEC,SID 26681509,22,-0.2937323546019198,-0.4401987918966928,-0.0755,0.2776,0.7723
UCEC,birinapant,25,-0.3549144131819485,-0.5107294925205671,-0.1015,0.2421,0.8218
UCEC,YM-155,22,-0.0617730095990965,-0.1228189918190199,-0.0612,0.245,0.5842
UCEC,saracatinib,25,0.278,0.2339748682854303,-0.0391,0.2495,0.1188
UCEC,SNS-032,24,0.2709565217391304,0.1154581549426572,-0.0598,0.2632,0.1188
UCEC,rigosertib,24,-0.0123478260869565,-0.0789754019331329,-0.1037,0.2723,0.3861
UCEC,BRD-K63431240,25,-0.3385266460005579,-0.461857799468815,-0.0726,0.2829,0.8119
UCEC,bleomycin A2,27,0.3249084249084248,0.1683324947166915,-0.0576,0.2612,0.0792
UCEC,SR1001,25,0.4305443434134368,0.3787745170898741,-0.0435,0.2614,0.0495
UCEC,JW-480,25,-0.0489701863003117,-0.1415403402971453,-0.0741,0.2677,0.3861
UCEC,BIBR-1532,27,0.078998778998779,0.0382875765895264,-0.0524,0.2539,0.3465
UCEC,SB-743921,25,0.0916923076923077,-0.0947912521649661,-0.0635,0.2825,0.3069
UCEC,linsitinib,27,-0.3177530185089686,-0.4918202967746546,-0.0587,0.275,0.8119
UCEC,NSC632839,25,0.2232307692307692,0.0625554687646376,-0.06,0.2789,0.1881
UCEC,semagacestat,25,0.0349230769230769,-0.169183939814851,-0.0652,0.2763,0.4059
UCEC,tipifarnib-P1,25,-0.0035384615384615,-0.0858474154324593,-0.105,0.2915,0.3861
UCEC,AA-COCF3,24,-0.0483478260869565,-0.1408887339410781,-0.0745,0.2223,0.4455
UCEC,ciclosporin,25,-0.3072307692307692,-0.3701154568618733,-0.0404,0.2489,0.8713
UCEC,BRD4132,25,-0.0107692307692307,-0.2099701349757287,-0.0595,0.2864,0.4356
UCEC,TW-37,26,-0.2534700854700854,-0.3711363308193226,-0.0704,0.279,0.6931
UCEC,BMS-345541,25,0.1226153846153846,-0.0033564355075649,-0.0907,0.2714,0.2673
UCEC,BRD-K45681478,24,-0.068449664588345,-0.1915214827431411,-0.0688,0.2627,0.5149
UCEC,BRD-K02251932,25,-0.2724615384615384,-0.3688989411100222,-0.0977,0.2851,0.7327
UCEC,DBeQ,25,0.138,0.0580260535915476,-0.0659,0.2617,0.2376
UCEC,gossypol,25,0.2153846153846153,0.1076304885124246,-0.1157,0.2398,0.0792
UCEC,sirolimus,27,0.0804639804639804,-0.021507206017198,-0.0412,0.2454,0.2772
UCEC,betulinic acid,24,0.2114782608695652,0.0954455899472725,-0.0557,0.2327,0.1584
UCEC,BRD1835,24,-0.3742552817327174,-0.5509562779463797,-0.0895,0.2736,0.8119
UCEC,tacrolimus,25,0.0001538461538461,-0.0971377615894638,-0.0642,0.2601,0.4455
UCEC,lovastatin,25,0.0252307692307692,-0.0903998933147254,-0.0532,0.2617,0.4059
UCEC,UNC0638,27,0.2379731379731379,0.1102886727166491,-0.092,0.2591,0.1089
UCEC,NVP-TAE684,25,-0.1238461538461538,-0.3551170131580522,-0.0787,0.2515,0.5743
UCEC,BRD-K19103580,25,0.0261538461538461,-0.0782433679829622,-0.0322,0.2495,0.4257
UCEC,barasertib,24,0.1083478260869565,-0.0452645054911249,-0.1054,0.2742,0.2178
UCEC,BRD-K24690302,24,0.0459130434782608,-0.0446107724942392,-0.1234,0.3003,0.2772
UCEC,paclitaxel,26,0.1689572649572649,0.0222066499751855,-0.0272,0.2684,0.2574
UCEC,PRIMA-1,23,-0.2221343873517787,-0.3777314802262019,-0.1148,0.2742,0.6139
UCEC,KU-0063794,25,-0.0307692307692307,-0.1529918492707699,-0.0826,0.2702,0.4554
UCEC,obatoclax,24,0.0761739130434782,0.0108357879513989,-0.0587,0.2929,0.3861
UCEC,BRD-K35604418,26,-0.224068376068376,-0.3145069798087285,-0.0708,0.2561,0.6832
UCEC,axitinib,27,0.0987789987789987,0.0194434094800102,-0.1119,0.2686,0.2376
UCEC,niclosamide,25,-0.0543076923076923,-0.1533902667284558,-0.0734,0.2862,0.4653
UCEC,SJ-172550,24,-0.2117851756958324,-0.33506443419978,-0.1009,0.2776,0.6634
UCEC,zebularine,24,-0.1132173913043478,-0.2366166465679915,-0.1062,0.2654,0.505
UCEC,BRD-K29313308,25,-0.0112307692307692,-0.1166243929221145,-0.0643,0.2481,0.4554
UCEC,PL-DI,24,-0.124695652173913,-0.3277610963930534,-0.0654,0.2839,0.6337
UCEC,simvastatin,23,-0.2452569169960474,-0.2750187954217631,-0.123,0.2873,0.6832
UCEC,TPCA-1,25,-0.419076923076923,-0.5423757382091771,-0.0938,0.2598,0.8713
UCEC,KU-60019,25,-0.602769230769231,-0.6871146106667639,-0.0928,0.2503,0.9901
UCEC,ciclopirox,25,-0.2286153846153846,-0.3947733376700416,-0.0617,0.2697,0.7129
UCEC,gemcitabine,24,0.0932173913043478,-0.1346083359837851,-0.0623,0.2438,0.2475
UCEC,indisulam,25,-0.0275384615384615,-0.1171610999507306,-0.0437,0.2642,0.5446
UCEC,SMER-3,22,0.0414455110107284,-0.0999227160164379,-0.0965,0.2248,0.2376
UCEC,tretinoin,23,-0.4152173913043478,-0.5867156142012944,-0.0667,0.2626,0.9109
UCEC,BRD-K71935468,24,-0.420695652173913,-0.535683441593877,-0.038,0.2713,0.9109
UCEC,CAY10618,25,-0.3263076923076923,-0.4998059373476715,0.0131,0.2192,0.9307
UCEC,necrostatin-7,25,-0.2887692307692308,-0.3162886424871759,-0.0808,0.2364,0.8119
UCEC,tivozanib,25,0.3442200486832945,0.2714978450088181,-0.086,0.2747,0.0495
UCEC,AGK-2,27,0.2470373093795272,0.126666260913024,-0.0415,0.2508,0.1386
UCEC,neuronal differentiation inducer III,25,0.0532307692307692,-0.0834150702021221,-0.0657,0.2558,0.3564
UCEC,AM-580,25,-0.2015384615384615,-0.2784056369183828,-0.0527,0.2757,0.7228
UCEC,PI-103,25,-0.0669746156884539,-0.2015885267862325,-0.0353,0.2723,0.5644
UCEC,isoevodiamine,23,-0.0221343873517786,-0.1688770759074077,-0.1089,0.2783,0.396
UCEC,"1S,3R-RSL-3",24,0.3215652173913043,0.193256687811432,-0.0404,0.2787,0.1386
UCEC,necrostatin-1,24,0.2688695652173913,0.1995937485819275,-0.0309,0.2753,0.2079
UCEC,SR-II-138A,25,0.3138461538461539,0.2277979917438554,-0.0786,0.2739,0.1089
UCEC,ML258,24,-0.1035683595029768,-0.1849831921410709,-0.0628,0.2444,0.5743
UCEC,topotecan,27,0.0212454212454212,-0.1177926797997965,-0.0569,0.2785,0.4455
UCEC,MGCD-265,25,-0.0172307692307692,-0.1622364424435967,-0.0304,0.2731,0.4356
UCEC,cytarabine hydrochloride,27,0.0565323565323565,-0.0666042790299544,-0.0651,0.2653,0.3663
UCEC,vandetanib,25,-0.1321538461538461,-0.3139689114125578,-0.078,0.2771,0.5545
UCEC,TG-100-115,25,-0.6327692307692308,-0.7367919149589569,-0.0842,0.267,0.9802
UCEC,MK-2206,27,-0.1329670329670329,-0.3349453312091248,-0.0696,0.2524,0.604
UCEC,afatinib,27,0.0069597069597069,-0.0927425805362715,-0.0954,0.2515,0.3663
UCEC,ML162,24,0.0349565217391304,-0.0218813701453794,-0.0828,0.2752,0.3465
UCEC,dexamethasone,25,-0.1458461538461538,-0.2697969853272378,-0.0778,0.2396,0.5743
UCEC,CID-5951923,25,-0.3109230769230769,-0.4420666570852468,-0.0764,0.2801,0.7624
UCEC,fumonisin B1,25,0.1418885100082077,0.0423279293426992,-0.0083,0.2592,0.3267
UCEC,tandutinib,25,0.09,-0.0186187412861145,-0.0602,0.2545,0.2772
UCEC,PDMP,23,-0.1345849802371541,-0.234026563775491,-0.1016,0.2418,0.5347
UCEC,piperlongumine,25,-0.3216923076923076,-0.5931499525670592,-0.083,0.2623,0.802
UCEC,curcumin,25,0.2650769230769231,0.1625354450902454,-0.0877,0.2501,0.099
UCEC,phloretin,25,-0.1729230769230769,-0.2567247330900725,-0.0733,0.2467,0.6634
UCEC,itraconazole,24,-0.0271304347826086,-0.217958338691856,-0.0673,0.2455,0.4455
UCEC,ML210,24,0.0723478260869565,0.0045576189438959,-0.0773,0.2453,0.2772
UCEC,etoposide,25,0.0503076923076923,-0.1510731612976506,-0.0548,0.2708,0.3861
UCEC,AZD4547,25,0.3867692307692307,0.3184466437583601,-0.0401,0.2821,0.0594
UCEC,BRD-K50799972,25,-0.207076923076923,-0.3050669486048235,-0.0649,0.2729,0.6139
UCEC,I-BET151,25,-0.0467692307692307,-0.1481108303282639,-0.0464,0.2814,0.505
UCEC,austocystin D,22,0.1442123094297007,-0.0491102457366494,-0.1002,0.2621,0.198
UCEC,BRD-K09587429,23,-0.0883399209486166,-0.3434645173153648,-0.1148,0.2899,0.4752
UCEC,erismodegib,24,0.1109565217391304,-0.0159099376083755,-0.0827,0.2938,0.3069
UCEC,vorinostat,27,-0.3315018315018315,-0.4890661786302687,-0.0633,0.2652,0.8218
UCEC,CI-976,25,-0.0633527187543437,-0.1515588954842395,-0.0925,0.2582,0.4455
UCEC,BRD-K26531177,24,-0.1648695652173913,-0.4231885418103875,-0.1089,0.2183,0.5842
UCEC,brivanib,24,-0.172695652173913,-0.3816591216634303,-0.0284,0.268,0.7525
UCEC,clofarabine,25,0.0601538461538461,-0.0520060994015179,-0.0847,0.238,0.3168
UCEC,BMS-195614,25,-0.1076923076923076,-0.2968401043860118,-0.0955,0.2555,0.505
UCEC,N9-isopropylolomoucine,22,0.2237154150197629,0.0578099499203833,-0.1112,0.2876,0.1386
UCEC,prochlorperazine,24,0.013391304347826,-0.0741873014936362,-0.0902,0.2484,0.396
UCEC,sunitinib,25,0.0689230769230769,-0.1211440089849311,-0.0625,0.2918,0.3168
UCEC,BRD-K34222889,24,-0.2867826086956521,-0.4497457135322875,-0.0309,0.2589,0.7822
UCEC,masitinib,25,0.0256972499464059,-0.1145322155375191,-0.058,0.2668,0.3762
UCEC,epigallocatechin-3-monogallate,23,-0.4891304347826087,-0.6072092099065823,-0.1258,0.2608,0.9307
UCEC,lenvatinib,25,0.3227692307692307,0.2490870258410601,-0.0991,0.2587,0.0495
UCEC,bardoxolone methyl,22,-0.0586109542631281,-0.1387135864876293,-0.0695,0.2876,0.505
UCEC,ISOX,25,-0.4324615384615384,-0.5929726453123891,-0.0647,0.2535,0.9406
UCEC,BRD-K33199242,24,0.0661013279379189,-0.026843746325393,-0.0489,0.2474,0.3168
UCEC,GSK4112,25,0.1058461538461538,0.0482499396378896,-0.02,0.2769,0.3762
UCEC,decitabine,25,-0.1100211599501812,-0.3355140647606621,-0.0334,0.2521,0.6238
UCEC,ML006,25,0.054,-0.0859698859920068,-0.0495,0.2459,0.3465
UCEC,MK-0752,25,-0.4866153846153846,-0.6474986585868792,-0.0847,0.246,0.9604
UCEC,gefitinib,26,0.2765811965811965,0.1542616870611134,-0.0506,0.2546,0.1089
UCEC,BRD-K55116708,24,0.014959774217529,-0.0676415314245726,-0.0605,0.2663,0.3762
UCEC,manumycin A,23,-0.0909090909090909,-0.3029510234502158,-0.0645,0.3153,0.5347
UCEC,BI-2536,27,0.2667887667887668,0.1161996055648556,-0.083,0.2703,0.1386
UCEC,KU-55933,27,-0.1644688644688644,-0.306408110813933,-0.0316,0.2666,0.6634
UCEC,PD318088,25,0.0027692307692307,-0.0956053527573268,-0.0807,0.2633,0.3564
UCEC,nintedanib,25,0.1836923076923077,0.0433469651055342,-0.0632,0.253,0.2178
UCEC,RAF265,20,-0.0742857142857142,-0.3003867198322205,-0.1342,0.2733,0.3861
UCEC,leptomycin B,25,0.1026153846153846,-0.0008035161098644,-0.0881,0.2652,0.2574
UCEC,BRD-K11533227,24,0.1579130434782608,0.0873509851171896,-0.0873,0.2366,0.1584
UCEC,ceranib-2,25,0.1892307692307692,0.0069639261603955,-0.0782,0.2625,0.1683
UCEC,ML050,25,0.2583573811976984,0.1725763128921562,-0.0696,0.2625,0.1584
UCEC,compound 1B,25,0.0427692307692307,-0.0959004362594534,-0.1197,0.2476,0.297
UCEC,PAC-1,25,-0.3938461538461538,-0.552765076421984,-0.0282,0.2756,0.8812
UCEC,parbendazole,25,-0.0008463166150013,-0.0772909074858205,-0.0717,0.2387,0.3267
UCEC,CD-1530,24,-0.3300869565217391,-0.4384714185252049,-0.066,0.2775,0.802
UCEC,bendamustine,22,0.1229813664596273,-0.0014142843070539,-0.0767,0.2832,0.2772
UCEC,AZ-3146,24,0.1380300097861544,0.0128063998811658,-0.0611,0.2485,0.2277
UCEC,ML320,25,0.245076923076923,0.109312098010031,-0.0587,0.2723,0.1485
UCEC,KW-2449,25,0.3119999999999999,0.2266499659217422,-0.0576,0.2688,0.1089
UCEC,PLX-4720,27,0.1536019536019535,0.0798139225027702,-0.1056,0.2278,0.1287
UCEC,LE-135,24,-0.3106086956521738,-0.4539679554565011,-0.0546,0.2632,0.8218
UCEC,vorapaxar,25,0.0567692307692307,-0.0815268407542097,-0.0697,0.2551,0.3366
UCEC,dasatinib,27,0.4217338217338217,0.3973300183300229,-0.0495,0.2456,0.0297
UCEC,trifluoperazine,23,0.0707509881422924,-0.0116571355196066,-0.0833,0.2452,0.3069
UCEC,SKI-II,25,-0.1912307692307692,-0.3745754526994016,-0.1107,0.2731,0.6238
UCEC,SNX-2112,25,0.3818461538461538,0.2927026428768803,-0.1006,0.2502,0.0297
UCEC,GSK461364,25,0.0743076923076923,-0.0444976962099519,-0.0342,0.2537,0.3465
UCEC,Compound 23 citrate,25,-0.359076923076923,-0.4400266627032006,-0.0866,0.2602,0.8317
UCEC,alisertib,27,0.0004884004884004,-0.0987473613654331,-0.0287,0.2412,0.495
UCEC,CHM-1,25,-0.1583076923076923,-0.2615933090108494,-0.0528,0.2332,0.6931
UCEC,3-Cl-AHPC,24,-0.2507826086956521,-0.5308472542387406,-0.0763,0.2553,0.7426
UCEC,momelotinib,22,0.239751552795031,0.1068320226516395,-0.0844,0.2771,0.1584
UCEC,BMS-536924,27,0.1684981684981685,0.0573751316628264,-0.072,0.2571,0.1881
UCEC,VER-155008,25,-0.2455384615384615,-0.3472260207898708,-0.0239,0.2751,0.802
UCEC,nakiterpiosin,25,0.04085401114234,-0.1366742296572859,-0.084,0.2993,0.3663
UCEC,pifithrin-mu,25,0.0152307692307692,-0.093910326094307,-0.1168,0.2645,0.3069
